f0,f1,f2,f3,f4,f5,f6,f7,f8,f9,f10,f11,f12,f13,f14,f15,f16,f17,f18,f19,f20,f21,f22,f23,f24,f25,f26,f27,f28,f29,f30,f31,f32,f33,f34,f35,f36,f37,f38,f39,f40,f41,f42,f43,f44,f45,f46,f47,f48,f49,f50,f51,f52,f53,f54,f55,f56,f57,f58,f59,f60,f61,f62,label
0.0,0.0,0.0,-0.2857907100062274,-0.10216854035389962,-0.12686178992920863,-0.5448323189085683,-0.45204506239574305,-0.17268489665304196,-0.6609824129796548,-0.9156981962881021,-0.20541157727184958,-0.6461204358608345,-1.241908507194791,-0.20454315440727683,-0.4668594213835067,-0.8811225689232864,-0.015369053289076836,-0.5032773071950087,-1.1659784530932056,-0.11733162742535981,-0.4269610598100954,-0.8313736545075812,-0.1438255731102629,-0.3881425545635494,-0.642310473353388,-0.14243543089715752,-0.30595519642851715,-0.9520272461239231,0.005961578321768043,-0.35443455002750246,-1.252655996177714,-0.11557977302453043,-0.29134001435452805,-0.8303240075326765,-0.1262169770718659,-0.270682961888405,-0.6793013128063135,-0.09757641531934443,-0.14906983933012585,-0.9644653067650857,0.001270096863658965,-0.18609344824958496,-1.1899891276441488,-0.1340671283900884,-0.15294687683938332,-0.7867600739137324,-0.0883885321335394,-0.14408990446284664,-0.6242306882278418,-0.016644718378981696,0.015323309764863782,-0.9193199903744377,-0.013650983400207433,-0.026402205579253466,-1.123129943491669,-0.09597398360563617,-0.027298501691239097,-0.8377939098335954,-0.05972447732963217,-0.025036128443133687,-0.7000200640336444,-0.007349107372027991,A
0.0,0.0,0.0,-0.27749674980394506,-0.11584321345456543,-0.12104140348708675,-0.5291409145198058,-0.43972064261702387,-0.17073657837959055,-0.6531249876352949,-0.8771244459040235,-0.20864858962757216,-0.6316125483879439,-1.1940224277586178,-0.2131985509568782,-0.46192563975667605,-0.8857822924251345,-0.0185080084090435,-0.4997532166757372,-1.154205336764716,-0.12165417974516607,-0.42567446126657976,-0.8211105531116192,-0.15123078322876796,-0.3881371750881159,-0.6277183130662723,-0.15253283633313808,-0.3059602058227101,-0.952042650310475,-0.00177325766078782,-0.3518166659915883,-1.2382569757011437,-0.12689897465664257,-0.2922302518426073,-0.8094582728084198,-0.14136024339795192,-0.275611855115428,-0.6580943461379928,-0.11699585037601885,-0.15462196639135664,-0.9630452679167193,-0.009249055359709817,-0.19060679564523483,-1.1897809159281132,-0.14506872943076515,-0.16091883143374439,-0.7757922780099307,-0.0956406831203251,-0.15557364119042794,-0.611093432181657,-0.02322367814878629,-0.00029502916333893264,-0.9123760665862901,-0.026537367059826438,-0.041600358984142584,-1.1075918512151826,-0.10750196059895936,-0.04510878693837091,-0.8117157571588374,-0.06575359604526453,-0.0454896064924018,-0.675525008279369,-0.01045002535953121,A
0.0,0.0,0.0,-0.2708214956208906,-0.11215008325502485,-0.11950256686218222,-0.5254612534659402,-0.4555011196354878,-0.17094324386145354,-0.6522811540097897,-0.8918516669740677,-0.2120392303743955,-0.6247022305733954,-1.2131295978398549,-0.22055540575028262,-0.4567705575477339,-0.8884223426517984,-0.02887775213274004,-0.49876722741739066,-1.1730555044306155,-0.14136868063419766,-0.4213118335624359,-0.8328547229367342,-0.1770790023690978,-0.3780866021354891,-0.6258588800247442,-0.1817097635069425,-0.29996431811912183,-0.9538267814900816,-0.015358345210414933,-0.3485809389062282,-1.250138721596927,-0.14500339602396217,-0.28685057787359314,-0.8155680619611864,-0.15933036919367247,-0.26709922408810294,-0.6477744097142962,-0.13488039510545485,-0.14547188223956503,-0.9679899338359943,-0.026470882727500884,-0.18574896964610169,-1.2176330619340248,-0.1637214706223092,-0.1538742440916413,-0.7972839674600752,-0.1113405191825588,-0.14538760629786554,-0.6196802423469127,-0.03718081298633268,0.011116854608972224,-0.9218846856468974,-0.04796218815897004,-0.030364823652874087,-1.1308760264179607,-0.13242953275974723,-0.03365183770233346,-0.8339124617020166,-0.09150768078053391,-0.03277072516216979,-0.6907372250353524,-0.03656352009974143,A
0.0,0.0,0.0,-0.2704222984484051,-0.10896432222992082,-0.11445063514961618,-0.5205765944118009,-0.44775053586923536,-0.16117298413355552,-0.6441798301774532,-0.8817846743261523,-0.1986822006481828,-0.6213347503061768,-1.2023935904846774,-0.20456485720308068,-0.45669869360970333,-0.8880627570981007,-0.010391734321307047,-0.4985284590622331,-1.1678055766009388,-0.12074553332664428,-0.42333344873860157,-0.8398827984488814,-0.1587406404510846,-0.3831460603737112,-0.6325588622454582,-0.1631802492950091,-0.30257832609358853,-0.9531185443898498,0.00337593225287454,-0.3519762049510225,-1.2419932788879273,-0.12085409526027131,-0.2908862423634006,-0.8189367093146682,-0.13573426012756937,-0.2670114753581478,-0.6548673410940055,-0.11068737235843644,-0.15049122389853767,-0.9637818112842909,-0.008006969532229466,-0.1940414446227369,-1.2058586207218092,-0.1429917858517726,-0.16211766227654742,-0.795957354859391,-0.09449246660487688,-0.14833984667488045,-0.6145421969521957,-0.021515209285952065,0.008687068271577487,-0.9150994418999352,-0.029127127054204536,-0.03971966523062094,-1.1192135939041468,-0.11292758216567565,-0.04168106878358073,-0.8290622562315134,-0.07368722591450617,-0.03467914654121324,-0.6818249530852618,-0.01821804170512115,A
0.0,0.0,0.0,-0.2752987213447877,-0.1135101545613188,-0.11037301969941453,-0.5208807822999052,-0.45068196559142193,-0.15500031337694517,-0.6407493422837358,-0.8919857646357044,-0.19048627378959182,-0.6240723775835396,-1.2150224224870285,-0.1939356987271265,-0.45752407301948533,-0.8853772547635796,-0.006712189389485822,-0.48957445802849464,-1.1660648516319543,-0.11014439296941203,-0.41503207734358205,-0.8397759605700873,-0.14237393092198475,-0.380904324776087,-0.624283465739013,-0.1436153556206952,-0.30307632193660816,-0.952946223184382,0.006183752905750087,-0.3496150076072501,-1.2412473746556514,-0.11390587791818729,-0.2890617191025426,-0.8219505162372681,-0.12897355335311256,-0.27000000847528627,-0.655101586124779,-0.10540824316473077,-0.15150577244207922,-0.965432062570188,-0.00473042523383516,-0.1927855118507082,-1.2012680533327853,-0.13467072950543182,-0.1610007377671879,-0.7970276078333307,-0.08657373679841977,-0.151105855427148,-0.61300750662821,-0.015592054083827498,0.006908635211660455,-0.91784706493459,-0.025062036319149068,-0.038624130362637926,-1.125056100394481,-0.10607434947169074,-0.0398261323474781,-0.8374770004692444,-0.06644068812971797,-0.035602618506863026,-0.6854352541916445,-0.011637586197001608,A
0.0,0.0,0.0,-0.27666439711164026,-0.11095549543027833,-0.11630652494578163,-0.5247021135042407,-0.44164983990340245,-0.1643718922928601,-0.647832093141517,-0.8844142452623751,-0.20261863457977441,-0.6355958287226152,-1.2114092158631138,-0.20815300682776716,-0.4606140954806911,-0.8856803613602073,-0.011296887328256008,-0.49534592195647564,-1.1626696719536354,-0.1208973147787511,-0.42217167382872645,-0.8273767363197632,-0.15501642969887663,-0.3843107426610479,-0.6209052508242868,-0.15669269075451087,-0.3058470997378142,-0.9520763115855909,0.002872020115583931,-0.35387554080007366,-1.2414439810852995,-0.12449361656290923,-0.2953853143032671,-0.8142561322961815,-0.13941747780220692,-0.27477896590998896,-0.6602118389505137,-0.11414777934748865,-0.15309968651386544,-0.9656949397663561,-0.008045804640973257,-0.19383276712474418,-1.2027221615770516,-0.1448511262404351,-0.16389558942095345,-0.7880015595501165,-0.09503298966458802,-0.1546356182310325,-0.6144110158146135,-0.02142110477874604,0.0036697445870845645,-0.9203652853077711,-0.02900996654741186,-0.03839577128787406,-1.1242746571581521,-0.11296336442784762,-0.0427216469417898,-0.8255591372691409,-0.07257187165186749,-0.040335165613392336,-0.6765508137680871,-0.01674929933881448,A
0.0,0.0,0.0,-0.272801764981234,-0.10431098861149973,-0.12245734450185569,-0.5252941350270232,-0.441492422563162,-0.17429136792336344,-0.6496694621888159,-0.8824558665647606,-0.2148318583673803,-0.6307975967794519,-1.2112054428151664,-0.22277469166667616,-0.4634801130302846,-0.8867081374539696,-0.028397819556508413,-0.49773955090008876,-1.167578592125921,-0.140355759069211,-0.42347939019053477,-0.8314260921415745,-0.1732826870712983,-0.3854971647436209,-0.6262929506223215,-0.1740673690996289,-0.30688327828715356,-0.9516637267857947,-0.012601770824051105,-0.35181087110726633,-1.2446880696103084,-0.14178775211285166,-0.2927684343028414,-0.8154668896992922,-0.15542415568300172,-0.2736343509901069,-0.6569058182459283,-0.12889473566781856,-0.15131663938767795,-0.9668940694543198,-0.02164162519175263,-0.19041461589407266,-1.2062757967068563,-0.16112783673802702,-0.1591513772050322,-0.7853845148888563,-0.11188631459606123,-0.1520444896603635,-0.6084989799822501,-0.03800446835648506,0.0051691502375676235,-0.92444429701466,-0.040874890013098436,-0.035678291626058733,-1.1295200231604607,-0.1284576926843227,-0.038541993791163694,-0.8277323277202758,-0.08974151263793044,-0.03767104674156669,-0.6765898272674636,-0.03446104861432347,A
0.0,0.0,0.0,-0.2346534533596876,-0.24730712081048303,-0.10071010435167554,-0.4108506144014523,-0.6335434170383147,-0.1501616205223885,-0.4566536962529042,-1.025798996541215,-0.19310148136999952,-0.38905326184958594,-1.298133549354587,-0.21035833763983303,-0.24813243450037042,-0.9806626548190798,-0.0508416435377875,-0.3249219096989574,-1.176379330047681,-0.16464838062524018,-0.29734062079909435,-0.8315921975204696,-0.21696604535562225,-0.2548866628151741,-0.5941870130513375,-0.236139279670636,-0.11040695579352201,-0.9929004665346606,-0.044260226701412095,-0.19639723913373136,-1.196215534371335,-0.18332428746845286,-0.16853639007340948,-0.7776591360455729,-0.22100433014588686,-0.12220240668307243,-0.5516077271164473,-0.2182190249693582,0.031644793512531175,-0.9768488921397026,-0.05662326997283192,-0.05733073992689708,-1.1929578073686857,-0.18096577708940437,-0.04854498779792155,-0.7981617377603001,-0.1559752322899517,-0.016172675240927088,-0.5516401730034806,-0.11083204294333028,0.17453488056171745,-0.9063788246712416,-0.08002248824898231,0.0893865908392365,-1.1103760558581814,-0.17363166422844262,0.06670120349895726,-0.8324420741177941,-0.16208124262133763,0.08467051261130862,-0.6360472341517659,-0.12971886947339914,A
0.0,0.0,0.0,-0.2362389445059435,-0.2395056878846076,-0.09245421866499404,-0.4188863137986518,-0.6190056506332167,-0.1325165859507739,-0.4831896792036088,-1.0326052759349755,-0.1692294273110523,-0.49657210047439265,-1.3577006958311737,-0.1809473519142855,-0.3183613899266096,-0.9756465657948333,-0.012150690696607158,-0.32120473764780993,-1.238741388905805,-0.118638481410541,-0.2721580089650617,-0.9144470623796352,-0.17056090470298027,-0.2427189370810539,-0.6379598628025342,-0.18598526547689037,-0.1588976315775783,-0.9872681169105957,-0.007294382142617275,-0.17612179871481146,-1.2657692645002958,-0.14272499408869446,-0.14894579461126461,-0.8556149763828566,-0.183292040302368,-0.1298289409372669,-0.5912661584846939,-0.17817679406266687,-0.01222234115775558,-0.9489467318782926,-0.020998676974506157,-0.02904902013384565,-1.192657950056853,-0.1473085369432576,-0.03064928780010122,-0.8224003666785524,-0.1144277111455441,-0.028265558254368706,-0.5693337836596182,-0.05673653326473346,0.131861000208868,-0.8581196075780858,-0.04360143637831349,0.0964104296415497,-1.0696267283509633,-0.12635994231845815,0.07193048434493532,-0.8108609759099183,-0.09627301060964523,0.06840082785546081,-0.6275251388909091,-0.04976171200772628,A
0.0,0.0,0.0,-0.25119996971843894,-0.2247703210558024,-0.10217108039050955,-0.46575220496360187,-0.5676884079128849,-0.15631210368588375,-0.5415514265461736,-0.9950408947828231,-0.20571299074300564,-0.4756852043423393,-1.280167298513368,-0.23055782245158388,-0.33712056366456655,-0.9467621622511933,-0.01501760446216498,-0.35318142812870884,-1.1857332794076318,-0.12304738721374045,-0.3099512064517893,-0.884640427428506,-0.18296314803646999,-0.2737128386357651,-0.620660729029049,-0.2076221767879952,-0.18682051575575698,-0.9823831490956326,-0.0046306873896986315,-0.22393987186053574,-1.2439798143755603,-0.13498881303922544,-0.19186041199225923,-0.8522768000209363,-0.17684092552599145,-0.16681783172271267,-0.5932616486640542,-0.17520203748497998,-0.046442670237530626,-0.9766026254163808,-0.01515585921348926,-0.09117688939201885,-1.2062507730247958,-0.14134331437198996,-0.0843345853032172,-0.8298337669418843,-0.11956922075449862,-0.07348361220821821,-0.5746069800882228,-0.07030061833881153,0.08847098038204756,-0.9065312060496269,-0.03591803311373479,0.021231013727951904,-1.0824065622179757,-0.12775811888850888,0.004455021090956191,-0.8131666630790397,-0.11405374734096638,0.013744565920332073,-0.6203972365734554,-0.07841897710739396,A
0.0,0.0,0.0,-0.23156776688916847,-0.2323258572484995,-0.12522647507688883,-0.42595703844136973,-0.5806985994661229,-0.1953038513050448,-0.49060696582887303,-1.012809181472446,-0.2567693694988495,-0.3848436711723422,-1.2840305418179008,-0.29258273696644616,-0.2659026159178233,-0.9717792133710685,-0.06386434070605287,-0.2825681458561542,-1.217027904301226,-0.17564484781928472,-0.2547771900236116,-0.9096149964451027,-0.22690717572795424,-0.22836422375780183,-0.6382181863984089,-0.246216375650922,-0.10992563983700877,-0.9929638708211936,-0.044035269389614905,-0.13797752086626577,-1.2321481849313403,-0.18022387162126197,-0.12327919619087332,-0.8330813221009649,-0.2195173808082321,-0.1094584660763133,-0.5816068775381515,-0.22022395228339756,0.03337743119809377,-0.9747339432180351,-0.04395078159175086,0.003549136362735435,-1.1905641833552418,-0.175113899072677,-0.007866975427020173,-0.8180643964559328,-0.14919515650506474,-0.012479191636315988,-0.5592907367747766,-0.10024075348789023,0.1652166349034585,-0.8911980839861201,-0.05587561172238725,0.12446731711313591,-1.0666575901064863,-0.15099513086440605,0.0927613298144193,-0.8008574063613785,-0.13692424650372548,0.08163890306039967,-0.6098017944842635,-0.10328887483016622,A
0.0,0.0,0.0,-0.2545416184292159,-0.22833968281891165,-0.09909259748845595,-0.4689956689678752,-0.5563087364819559,-0.15170839271684675,-0.5337261292649921,-0.9882484986093419,-0.19805546450580494,-0.44026155819030244,-1.2507546715660118,-0.21771593192117408,-0.3311112237695522,-0.9481049862929369,-0.01564249414715675,-0.33834586660639654,-1.1695653862714808,-0.11707606488515464,-0.30277424315394363,-0.8744340799143289,-0.1707420097395608,-0.2737059710524692,-0.6245698419682097,-0.193674551848925,-0.17741959324260975,-0.9841178933555572,-0.005853196652003102,-0.19884405049576562,-1.2182130784965053,-0.13707839225477625,-0.17629769426326417,-0.8233456553167522,-0.17958108790818478,-0.1608843777623667,-0.5794117773824287,-0.18107553160674508,-0.037647588133598864,-0.974491438159795,-0.014565067105686485,-0.06077295663003807,-1.1808092123795508,-0.1385791704679225,-0.06823438763265355,-0.8169820395944624,-0.10687671242715892,-0.07105243128985145,-0.5742459493785838,-0.05374544215446158,0.09631372284312167,-0.8949382137314987,-0.03355556454667135,0.05635836442530992,-1.0613053960988739,-0.11969291714653589,0.0263051693826658,-0.7859424163794598,-0.09541813216308181,0.01593814044204035,-0.6009170153760472,-0.05429564335267723,A
0.0,0.0,0.0,-0.2497987050474441,-0.164050452671194,-0.09647577916689697,-0.48499557526322473,-0.4827069244849823,-0.1520569793309465,-0.5742630506670171,-0.8988861373269528,-0.2040960871505213,-0.4931763715884952,-1.1731539324919393,-0.23516002624077084,-0.3622859712658695,-0.9176557657224974,-0.02666152905184914,-0.39470454933558247,-1.1145604930700403,-0.13022929989113444,-0.35614466812276996,-0.828212285275796,-0.19011592100377125,-0.31133551059839004,-0.5986058794778011,-0.21927743650833814,-0.2113944924677614,-0.9771658066355227,-0.021432566263654237,-0.25241551817917357,-1.1601544311847478,-0.13439307006459164,-0.2236864622807652,-0.7934651151338138,-0.1629318470281552,-0.1962220677214304,-0.5645870161551049,-0.16023842488512624,-0.07003888788970619,-0.9852986148859185,-0.03696179944608728,-0.10651304350674906,-1.1373658015184545,-0.1500038157654033,-0.10651187306589846,-0.7828114699014377,-0.11969893499897545,-0.10164576522952794,-0.5589520749849963,-0.07280590355282784,0.06378141849218462,-0.9244096483457798,-0.0632652241244391,0.019606054688404755,-1.0349475453275305,-0.14291060588020743,-0.004067574566048512,-0.7639872697012339,-0.12371830203248987,-0.0046624511283660875,-0.5908344448400281,-0.09011761527994717,A
0.0,0.0,0.0,-0.2981020406846983,-0.07669385621898572,-0.07742268524204744,-0.5919431033449338,-0.36412770931288,-0.1234949376630485,-0.7142190793347605,-0.777263225294435,-0.17273660991723888,-0.6665523862631586,-1.1128081231003253,-0.20275720399241556,-0.4786347469218974,-0.8534081544975142,0.0002223432484548782,-0.5864725742925908,-1.0872208900918847,-0.11491028089894394,-0.49306952214182054,-0.797317333954079,-0.18871785441114872,-0.3929279176578525,-0.5285571195986379,-0.22414521092304449,-0.30991980776186995,-0.950722850443437,-0.008704849312411556,-0.42388785114154376,-1.19506265309499,-0.13252989636893164,-0.33228469488041723,-0.8368149660163429,-0.1823912433169066,-0.2520281542734549,-0.5640531505534806,-0.19127817070606418,-0.14399616903711468,-1.0014936330215123,-0.0374975890335253,-0.26146355186404263,-1.2256464525667576,-0.15583537620750562,-0.19754101023227724,-0.8471486248521475,-0.13550729599395983,-0.13262556476634557,-0.5674012492694829,-0.09400894537032724,0.030201668305692642,-0.9829721720696469,-0.07564858180053073,-0.09752047329773754,-1.1485133048061928,-0.16849456041056596,-0.07914032029056109,-0.8633919168708069,-0.15427927868994018,-0.02982384759416392,-0.6476937728013528,-0.12037435598265925,A
0.0,0.0,0.0,-0.3166366876973837,-0.03451311824851349,-0.10033703680427314,-0.6210287674673153,-0.33301305287678584,-0.15372392186930403,-0.7649628787834166,-0.7498411864591911,-0.2043883388134319,-0.7457417426335948,-1.1104415792832654,-0.2270884588764558,-0.5250729575790871,-0.8245502246731552,-0.04450337921962649,-0.6261786950122324,-1.0700595101929908,-0.1723439019097452,-0.522544382406425,-0.7406929184472083,-0.22563279353572968,-0.42716823177377217,-0.4652114431700391,-0.24048026778017587,-0.3623986449127626,-0.9307404698309919,-0.04888148917717272,-0.49031838072137707,-1.2227693930295473,-0.20558970938326565,-0.370107082154142,-0.7977384069583602,-0.24151444610491013,-0.2736873862679499,-0.530234184911134,-0.22904081924619837,-0.19284097770741995,-1.014495285005252,-0.0744186394847287,-0.32842474457641224,-1.3105197732845606,-0.22160394859946028,-0.23225741060278768,-0.8690614738709469,-0.17952525116396167,-0.14425189304889446,-0.5942944623273938,-0.11344625190880624,-0.005921484939821121,-1.0434334451192608,-0.11057931501823821,-0.14783055545711846,-1.263115778581517,-0.2166960743893782,-0.10274043997126932,-0.948910329293975,-0.19077632035197112,-0.03474188937742389,-0.7549558269495622,-0.1443857009664349,A
0.0,0.0,0.0,-0.30171988723221876,-0.10726049070435296,-0.09821296765430752,-0.5791680651362976,-0.3956547667497919,-0.15625416815757337,-0.702175383072462,-0.7946399500766933,-0.21585976534855866,-0.6901724332382361,-1.1459433888879433,-0.24958462421708985,-0.4520973346568732,-0.8757098299167129,-0.04043799947626635,-0.5893285689336184,-1.1145754069772047,-0.1805101684166028,-0.501495101251147,-0.7622030939867144,-0.2461040909302289,-0.4084241500903976,-0.5067586960670198,-0.2682610636902144,-0.28976333668134474,-0.9559035710621845,-0.04780765154090655,-0.43590191840221004,-1.221898640032325,-0.21528085445192,-0.32841206119999194,-0.7876005964530244,-0.26107631312195284,-0.24225460325867748,-0.5372571140804467,-0.25762153895140616,-0.125493342696809,-1.026558032823472,-0.07839773220740756,-0.278438154516486,-1.287720813676428,-0.22848567722090518,-0.19068001522520536,-0.8401927752472953,-0.20294132196204306,-0.10503482791425799,-0.5714257717624147,-0.1521181628084012,0.04939851799967229,-1.0450048475031257,-0.12041804797085538,-0.09905514375369895,-1.2529615513513084,-0.22481362948312408,-0.0677538490720694,-0.9403032678830633,-0.21140303904206761,-0.002098675277763433,-0.7412666853707736,-0.17724193063621183,A
0.0,0.0,0.0,-0.28840306976313995,-0.1284398397554254,-0.09105438706466752,-0.5470898507593782,-0.43431550657945145,-0.14776439242377065,-0.6496033811034968,-0.8366867498725378,-0.20768545014368361,-0.6161107294615145,-1.1683858067356723,-0.24509679667053738,-0.40907232008017635,-0.9017020844171721,-0.036969450153725256,-0.5120776352594905,-1.1150176913155667,-0.1645405595575771,-0.44404121041479155,-0.7811272652766889,-0.2235606306772308,-0.3722653817135505,-0.5025934913252209,-0.24264061347440377,-0.2536520431167523,-0.9661830163109757,-0.04637909027699945,-0.37317998479432396,-1.2089383382681649,-0.20156680946871897,-0.28427709932992135,-0.7909231735635114,-0.2465851266210294,-0.21005560925839858,-0.523745721198314,-0.24454431239460805,-0.0930578572327424,-1.0170556022113837,-0.0771619517732708,-0.2250577877117044,-1.266193163106739,-0.21672215122313362,-0.14811406256179288,-0.8490487458053587,-0.1981868055418534,-0.07347099210655707,-0.5762144415548437,-0.15331791600038083,0.0721669930505587,-1.0137223938839477,-0.11820911411801442,-0.05999032272265861,-1.241640349853276,-0.2138106116981153,-0.030530271361797305,-0.9567506857376238,-0.2012154998505168,0.0294310500257401,-0.7517474980996387,-0.1688772649209618,A
0.0,0.0,0.0,-0.2743852672733327,-0.14565699420999115,-0.08811666476299203,-0.5300133311095422,-0.4868161152175365,-0.14145725539202275,-0.6343283814251502,-0.9034448932557736,-0.195602114782612,-0.5787695807900742,-1.2206341781244123,-0.22782527896787927,-0.38927106127563305,-0.9197771195305866,-0.028035779046535016,-0.4635690925063274,-1.1530010191001292,-0.14366991776686064,-0.4130236973205025,-0.8426344622439504,-0.2026301952259001,-0.3487819795771961,-0.5690757761247405,-0.22635883922291136,-0.23399690130936732,-0.9717087972838181,-0.03205407086237389,-0.3200288242713244,-1.2428782823686193,-0.16874983120136539,-0.2711718588563208,-0.8370622031569581,-0.204684101033175,-0.21691354590373108,-0.5633217539613954,-0.19926518334746665,-0.07681355082096386,-0.991908745139491,-0.05596232405599975,-0.17229342354087462,-1.2490465276621228,-0.1833179107522006,-0.1416609194119679,-0.8476624494325359,-0.1514506851285317,-0.09727986975215003,-0.5789372707924183,-0.09824894423760215,0.083710374415855,-0.9492607182440399,-0.08979411054193832,-0.02548888035629838,-1.1624296395757097,-0.18052911071574496,-0.01964838508759891,-0.8807434988838397,-0.16069535950573688,0.020326605521750855,-0.6829260970791994,-0.12327097579692975,A
0.0,0.0,0.0,-0.2487732679894792,-0.20894445151559776,-0.11353042011678928,-0.46817812772379663,-0.5274325299196655,-0.18152840040196797,-0.5596895174277925,-0.9459380244972856,-0.24197787448965172,-0.49646534353492106,-1.2471712282484015,-0.2772846096217511,-0.34283095521639706,-0.9354394672312546,-0.06395907306968708,-0.37918941946581575,-1.1513323438363052,-0.167250816675491,-0.32124888862556167,-0.8530961110757533,-0.2101049510014803,-0.2758675691465831,-0.5846029647135995,-0.22533612844877035,-0.18693033182545085,-0.9809608179354831,-0.05265856738437632,-0.24058999457098507,-1.2319907837355568,-0.18197114507455867,-0.1934913624225638,-0.8398072234920947,-0.21488661995785394,-0.16117881657966196,-0.5879850594198778,-0.2130558063034046,-0.03764614598128399,-0.9794365212792225,-0.05956948681322845,-0.0954586050198501,-1.218381716647678,-0.18304944227839834,-0.07002893451447333,-0.8460922790366341,-0.15407528815329982,-0.051242345334950486,-0.5927856325916601,-0.10648432324772465,0.10227517367990549,-0.9097427533946987,-0.07756454949202639,0.03761132740635699,-1.1183370511546176,-0.1674618664397088,0.03774727123368065,-0.8616696553036466,-0.1504266988868602,0.05277375709130476,-0.6794355923103055,-0.11748268791063564,A
0.0,0.0,0.0,-0.24835172387861867,-0.20718452760761488,-0.11009214899412247,-0.4636650597008064,-0.5476968634019954,-0.17024927477020815,-0.5361382610813579,-0.9845399835529614,-0.22128084307156975,-0.44846398931312115,-1.2627488001010625,-0.245414824007925,-0.31738176794967465,-0.9489625868446893,-0.04614475581091687,-0.34084527858624014,-1.1510750679416444,-0.14465133001971084,-0.3000360455730939,-0.8416904664365759,-0.18689552585231967,-0.26809543046232454,-0.576522288334277,-0.20269005041789462,-0.16303961155937358,-0.986061114156248,-0.03318982090201084,-0.2031795471070737,-1.2199072228725345,-0.16559900436783115,-0.17476027826204357,-0.8043204102042436,-0.20123399435046355,-0.1497975299299397,-0.5508775901419893,-0.1981978638688685,-0.018894148033683365,-0.9753213634500899,-0.038104007908313524,-0.06662552042395412,-1.1973019426520477,-0.16309491419303984,-0.060794614552514475,-0.8114371690015456,-0.13102765074337303,-0.048160132193963506,-0.5539271015972325,-0.07930477656240445,0.1198494537477372,-0.8935844766955229,-0.05385627489708223,0.05833066729866739,-1.0716595402170837,-0.14721337775831778,0.04536750700041561,-0.7983690933401887,-0.12978948419571062,0.05599551858001449,-0.6161750356037096,-0.0940612272274316,A
0.0,0.0,0.0,-0.24436149648319333,-0.24842709905893168,-0.10082363318979606,-0.44651633655243167,-0.5918620988488441,-0.159971848122977,-0.508920152071079,-1.0083042346018605,-0.2146419402633498,-0.4252309684442538,-1.2787828815154982,-0.2465364393146758,-0.2823098970237559,-0.9699034884175033,-0.026746561485890413,-0.3135694395562271,-1.1655443899999514,-0.13028473401384477,-0.28613609361872744,-0.8652461294549977,-0.18882572664374586,-0.25272619635665244,-0.5938525808976888,-0.2147799815906438,-0.13635715592762154,-0.9904953583928426,-0.018046357792215063,-0.1846268829992684,-1.219945301552101,-0.14901524599941032,-0.16745306406919827,-0.8289630917301397,-0.19452418011187478,-0.14137124684466953,-0.5625468230692671,-0.1979928966905315,0.001210733276470619,-0.9743682353079769,-0.02824164814124251,-0.0589511030014153,-1.1994873753269437,-0.14807621231348592,-0.05946323296700629,-0.8321111057263958,-0.12917539897754463,-0.042446868475465166,-0.5676159961704421,-0.08595741351099842,0.1304510023212965,-0.8963443214920138,-0.049064353191945013,0.05141048634121302,-1.0913739451774422,-0.13831596835980062,0.033769677967177954,-0.8278875113249662,-0.12696002040131288,0.04854755623451208,-0.6256997562920422,-0.09497037023557715,A
0.0,0.0,0.0,-0.2306275838165231,-0.25564853482327454,-0.09311966154563407,-0.42045555294397197,-0.6085456209840373,-0.1417898660367693,-0.46546210982523145,-1.0307330442009284,-0.18665354394130096,-0.3514206914537755,-1.2710367490377192,-0.20717767267656745,-0.2509165268270747,-0.9821822931425704,-0.00409080457217738,-0.2630043320571308,-1.1753229758238426,-0.11212136249542111,-0.2432540562619392,-0.8653205066449561,-0.17413751880546588,-0.22092002557191925,-0.6140829351840483,-0.2010672225902278,-0.09922768500345125,-0.9950623164258978,0.002202943027475398,-0.12513914350772498,-1.2082820184482768,-0.1294916800143636,-0.11796683701183082,-0.8019846365084995,-0.17071625059128193,-0.10268860261485918,-0.5545151692510845,-0.16773489500560199,0.040124676729857055,-0.9595675087919484,-0.011416468785423918,0.00996880799459743,-1.1514256810355064,-0.13660103988428468,-0.007511828518724711,-0.7852495113151491,-0.10402537902244997,-0.007538518080610105,-0.5415152995696756,-0.046284913783575576,0.17379832091124228,-0.8584417853298012,-0.0349066034004062,0.13230452098274506,-1.0353226223236052,-0.11987183322959764,0.09387411817180505,-0.7723756471614877,-0.09290813393617219,0.08537092640727958,-0.5912305110804852,-0.04723491542618404,A
0.0,0.0,0.0,-0.218404208158063,-0.2589841379318886,-0.10779002832425608,-0.3919790679562404,-0.6106798344785249,-0.1698182367857552,-0.4273506914584258,-1.0258685829574017,-0.22615709679116566,-0.3075110810861816,-1.2571628740343819,-0.258926033526025,-0.20323750017013983,-0.9971270566186144,-0.027943197284204302,-0.22619660764452568,-1.1906813631114206,-0.13099338879868336,-0.2167039245619291,-0.8869006061644318,-0.18824655888745712,-0.2024688884603379,-0.6179004675618168,-0.21259201512710174,-0.05898391015852751,-0.9981641897270331,-0.013753133787842977,-0.09169870856858928,-1.1980845297448424,-0.13421516168048075,-0.09981652455123488,-0.8153907417114108,-0.17204006366414118,-0.0920109864030662,-0.5702071255689788,-0.17265038089501852,0.06918091935615014,-0.9486987707365961,-0.01953039195162575,0.0350194604446724,-1.1249245901529212,-0.13246930335155413,0.005126189635977564,-0.7880460193452445,-0.10691956265886264,-0.002793607945241652,-0.550128904292596,-0.06063030515821797,0.18779370719159513,-0.8331605470498384,-0.03674490736987305,0.14841361877427964,-1.007273974668483,-0.11253028443630436,0.10351365010772416,-0.7723076622636301,-0.09163097012172025,0.0912810868215052,-0.5912498653859586,-0.05507224433931612,A
0.0,0.0,0.0,-0.23333257583005865,-0.2390140064867097,-0.11871997037137844,-0.4250621936179284,-0.6014957439913141,-0.1862599741193795,-0.4744403833620523,-1.0303946981942227,-0.2461564388682059,-0.3618195421117251,-1.2885902340762951,-0.28081488597836224,-0.2556749095808434,-0.9792005566462796,-0.04715754692396562,-0.27562429366288954,-1.1866586910986996,-0.1609084295781084,-0.2566893823927029,-0.8764457566569368,-0.21665519436695865,-0.22695113739452366,-0.6053140770210895,-0.23821130570557986,-0.10191060257395373,-0.9942769293116986,-0.03205646458224927,-0.13184102064784023,-1.224542274475752,-0.17384250920638145,-0.1356098146655715,-0.8348408840635578,-0.21249631054424248,-0.11596532286055035,-0.583795957557647,-0.20772420195830657,0.03850641081108491,-0.961768807379228,-0.03760361863990491,-0.00164364219670933,-1.1631064806552147,-0.1704202639114912,-0.0287563195565516,-0.8025302002225673,-0.14267361583139265,-0.025775124034651757,-0.5646822750700838,-0.08907971898352739,0.16893951837749807,-0.8657193639548969,-0.0546045714530351,0.10540346190141044,-1.0287143205465532,-0.14305293628593316,0.06322948896677129,-0.7725723801347724,-0.12381061989028445,0.06308039329284149,-0.5958540402718578,-0.08566398764991288,A
0.0,0.0,0.0,-0.23786601286477396,-0.24341683102092976,-0.11429139257462421,-0.43439813182111675,-0.5759963654934074,-0.18140778702950464,-0.49386344749331207,-0.9929959089520188,-0.2389959667481232,-0.3951702284390059,-1.2434057115604584,-0.27091731270571245,-0.2761291555027872,-0.9729176275576865,-0.06233743371158153,-0.2962815396426041,-1.1447554815988854,-0.16479144874288107,-0.2726078500394709,-0.8409864770479414,-0.20980205309108657,-0.24682769489241804,-0.5906877098033287,-0.22667644468850826,-0.12031245754063878,-0.9916703723412831,-0.045986793550244195,-0.15378789779570787,-1.1911996148401585,-0.1757709609992828,-0.14974312293800673,-0.7966562908777762,-0.20903391994448275,-0.1336587895182547,-0.5621783410397261,-0.20636394992914067,0.02206480499443873,-0.9597005003670693,-0.04688555282556957,-0.017676354903672815,-1.1517469093791977,-0.16804906006140802,-0.03446442689672894,-0.7911348050583747,-0.13592274400973797,-0.0316696608514812,-0.5534871815348608,-0.08532074461138987,0.1489631440400214,-0.8599875372815512,-0.058513475238186535,0.09790492734833377,-1.0403251187351135,-0.14281778775030038,0.06620937803769289,-0.7833623295904788,-0.11995178393105936,0.06645401210131192,-0.6016986177541817,-0.08152608878614925,A
0.0,0.0,0.0,-0.24734986642605059,-0.22107805970112174,-0.10588021296642433,-0.46578812914098755,-0.5162477053330463,-0.17559803803946142,-0.5469490479473449,-0.9170670037470777,-0.2382296411037054,-0.46400456260262246,-1.1730236156780294,-0.27846501902071424,-0.3163894951990426,-0.9448462254083282,-0.06350051307596599,-0.34435104851707365,-1.0865617465170254,-0.1713179968260302,-0.30937275087175375,-0.799120889218016,-0.23033748570491888,-0.2757610147975649,-0.5334639121833693,-0.25686359386042856,-0.16592748624592124,-0.9847221710909608,-0.052823432963166224,-0.211301280720956,-1.1553180637447829,-0.1806370023693263,-0.1916339043533451,-0.7801329667697823,-0.22173820876144992,-0.1677979596809508,-0.5260642343426524,-0.22675345577949427,-0.02362781253066649,-0.9731976252883856,-0.05852946790548832,-0.0765489278129107,-1.1361108988981454,-0.17096215999416162,-0.0756714644301104,-0.792602871968177,-0.14466296340034435,-0.06325291330701746,-0.5500633763408854,-0.10176647840760991,0.10667204329087891,-0.8946386051482187,-0.07486748997787263,0.04055836233712338,-1.0592724871751804,-0.15098831028232948,0.025833075033528698,-0.8092966498601416,-0.12721941292279157,0.03986384784758561,-0.6270153595765372,-0.09002189551466043,A
0.0,0.0,0.0,-0.2721642480827767,-0.1619864108332338,-0.10657573234568532,-0.5140821248354532,-0.4542643935341803,-0.1665181962610862,-0.6244327937520711,-0.8763551352523753,-0.21927601320985224,-0.5680277274161912,-1.1899781053677327,-0.2441759233348256,-0.3979862547746002,-0.9029637456538842,-0.04285763968086746,-0.4507704285525952,-1.093398248887638,-0.15625543458701505,-0.3844337632999263,-0.775696866225315,-0.20788583600511845,-0.3260332516686671,-0.529552633018657,-0.2269020549710295,-0.2458512489646327,-0.9687812245786602,-0.03193904016093491,-0.318092397025913,-1.185799865249865,-0.172743368227955,-0.2522689726917896,-0.7676231385969137,-0.21032402418204343,-0.2024420178701121,-0.539538708476908,-0.2068396686411477,-0.09529025571304925,-0.9916523847460089,-0.040168063523390425,-0.17670364947865852,-1.2061547346099375,-0.1685285569293341,-0.13434053389860856,-0.8138356993313883,-0.13491874309262367,-0.09393553197384977,-0.5696963134627986,-0.08067442690009693,0.05691720113175603,-0.949098186474841,-0.05906725384673343,-0.03085418573686906,-1.1506460424321747,-0.14809707129124725,-0.02287406373935555,-0.8781964147007238,-0.12494519793023559,0.005391794951400596,-0.698234266103703,-0.08431753696878429,A
0.0,0.0,0.0,-0.25696129382535177,-0.20471664363415934,-0.09906236239521296,-0.482759002162494,-0.528982281389234,-0.15500264147728465,-0.5667571271166065,-0.9405096613411219,-0.20600778718603285,-0.48633479644289784,-1.2166493350046248,-0.23385999248718944,-0.34696740258992764,-0.9370423884579487,-0.02971366475565156,-0.3872487792769588,-1.1076172320909226,-0.14132901663448588,-0.3293279757943941,-0.7999246061412721,-0.20254323801903035,-0.27302673311144515,-0.5384273457781291,-0.22869723299088532,-0.19156590108785979,-0.9812011976397336,-0.023381943690568105,-0.2458453986853932,-1.1894197213742932,-0.1553576146827931,-0.20021685089544503,-0.7889092570727635,-0.19410313588677322,-0.1596640282988054,-0.5306588088015692,-0.19121829321245767,-0.04052946628542461,-0.9780284421443203,-0.03678690419664509,-0.10029798185154669,-1.1752917165867904,-0.16032487188507047,-0.08062199865129055,-0.8003253662617539,-0.13280179118890084,-0.05596086717194984,-0.5486528527612817,-0.0809453417602922,0.10300788361861392,-0.9037872737837424,-0.06048103855136361,0.030978443996871084,-1.084456458774082,-0.1462766915636409,0.02301080870885642,-0.821525206352257,-0.12500488661941322,0.04127003225077827,-0.632719052817594,-0.08506540752006478,A
0.0,0.0,0.0,-0.23106927426875026,-0.1569169048493767,-0.11215623686570715,-0.43703093767055334,-0.5062453976220044,-0.164657295487099,-0.5098714822356359,-0.8946275614666398,-0.2073483952319289,-0.4383192500356527,-1.173847546223187,-0.22450494963571638,-0.31489359213841667,-0.9436447932024515,-0.03359235010257608,-0.32456181299895964,-1.077559028442881,-0.1402816542150789,-0.2749820019485864,-0.7679778251734151,-0.1932378551291542,-0.2452983445571299,-0.512910901570168,-0.21239069513395312,-0.1600033491622922,-0.9868917160054212,-0.021063455004450372,-0.19093460216927222,-1.134011368041374,-0.1466538165631406,-0.15448393569338562,-0.7418087114407662,-0.18103191625642712,-0.12580586732138235,-0.4984779607962363,-0.1735952313365442,-0.010715386842591228,-0.9752510266918362,-0.02981927882942563,-0.050840309861184915,-1.1012696533666357,-0.1585886001632195,-0.03742098676155234,-0.7362898714472058,-0.13251134105202783,-0.02444295294077306,-0.4989823323631648,-0.07898075977603376,0.13493731525794003,-0.9025839584189603,-0.04925646179969587,0.08573771836205635,-1.0139844117830257,-0.14422747821583926,0.07334577634503026,-0.7492142853231212,-0.1259567060172668,0.0782618937497995,-0.579393324972617,-0.08507435647470887,A
0.0,0.0,0.0,-0.24062038339844077,-0.22201643498136447,-0.08273424494196623,-0.4478708414073381,-0.6116633314369918,-0.13123333437769166,-0.497698551910198,-1.0293916968311763,-0.18164245363246773,-0.386539401368823,-1.2708305419271884,-0.2131116587450399,-0.24647805690283658,-0.9942620646463012,-0.0025391538027917694,-0.3036815416598913,-1.2245279032361986,-0.11699300615534133,-0.29886498085755664,-0.9162835719951001,-0.18776070590538047,-0.27033594662153737,-0.6617776308439788,-0.2198386825739863,-0.09753641716375287,-0.9952228306072249,-0.004262014195317115,-0.16983377281221185,-1.2143920486773003,-0.1297405188039108,-0.17387628895344884,-0.8307471103668437,-0.16710437920104795,-0.14727331321624276,-0.5891529470987034,-0.16290343286601905,0.04196957289078076,-0.9587465417751186,-0.027534181597272486,-0.036159145533462174,-1.1650976255231866,-0.14982608128497252,-0.06032767159641925,-0.801520134544959,-0.12460364079447377,-0.048507930406361144,-0.5611891691612488,-0.0742030884402437,0.17615174261178526,-0.8627021975436132,-0.05975639870179995,0.08220009149363489,-1.0310563455102326,-0.14612816849717422,0.04342571611836469,-0.7677880829981769,-0.12823217848569365,0.05644415147109486,-0.5817019185024573,-0.08968866737663375,A
0.0,0.0,0.0,-0.2242370182373006,-0.24175964451139195,-0.10478585131559169,-0.4138252557914213,-0.6027196013707209,-0.15946359542380636,-0.4629075192394123,-1.0272890593127322,-0.20777766152782126,-0.3480220496600962,-1.2730470576958324,-0.23205446212238162,-0.24148870882809345,-0.9761857692770083,-0.016774131395106445,-0.25416150691786205,-1.1720908074003886,-0.12223997396521268,-0.23011258826073877,-0.8695713860998546,-0.18196660155219693,-0.20871687945237835,-0.6053240798746872,-0.20800913541560512,-0.08683713767342384,-0.9962122332342903,-0.0045274578998377585,-0.11524645231278222,-1.2129512454795441,-0.13475563664188545,-0.11105899963572201,-0.8134034791807316,-0.17959273619215266,-0.10046522902776496,-0.5511777292318275,-0.1797795176101842,0.054787273764641015,-0.9653062317069017,-0.011937345756296852,0.018817979575179285,-1.1450372305545835,-0.140317341381913,0.0005535245142657552,-0.7795545281784525,-0.11736881754115815,-0.0032117664040673746,-0.5239565059661515,-0.0656623322768687,0.19030199284883184,-0.8691632610871831,-0.0292355734157672,0.13950300887382144,-1.030808839597226,-0.12220457587389218,0.10466777782794152,-0.7623849393098714,-0.10405585775687058,0.09838249372624061,-0.571463210880474,-0.06376558799877194,B
0.0,0.0,0.0,-0.18149893895224586,-0.10528953181607754,-0.11106418822132871,-0.2801372111537028,-0.4245078828566765,-0.13903074342691452,-0.16885351837780269,-0.7032990945295732,-0.15055463027639931,-0.010162438641543373,-0.7656298148242994,-0.15166926896165137,-0.33665076602078997,-0.8923252784192911,-0.033616895278636476,-0.355953587318777,-1.2686919117992688,-0.059455693320607246,-0.35221365198445964,-1.494444229966439,-0.09604297410957971,-0.3472858507241122,-1.6866113717451294,-0.1330589673574308,-0.2146955805386648,-0.976644897190012,-0.008399552956957834,-0.2439432697620539,-1.381381260542659,-0.022073616986717122,-0.24808610570680653,-1.630857998432625,-0.047983358201889134,-0.2553593719252345,-1.8544209016059634,-0.07238822444504925,-0.10702658834010957,-0.9682609675577332,0.00024017687614380246,-0.13403036022797193,-1.3332490034040263,-0.021901665936863445,-0.1462516056360669,-1.5526724701750516,-0.052541400963630386,-0.1600138307332842,-1.7440673675066314,-0.07898845665349313,0.013876932238892647,-0.87854024348893,-0.004565056282552401,-0.016625517132727145,-1.1535119047368245,-0.03957709508364304,-0.03607462841828108,-1.314697809973193,-0.0634279421448318,-0.05050338315900006,-1.4638662230225303,-0.08131536120647952,B
0.0,0.0,0.0,-0.1826477900274234,-0.10614484604015967,-0.10729353149171043,-0.28021383910176967,-0.4355921241933463,-0.13477612267477257,-0.16126256495104382,-0.7151862974187982,-0.14771311454045072,0.005404531394308027,-0.771924800138372,-0.1515062019453465,-0.32760842686033387,-0.8936423212074937,-0.034196314552797424,-0.3480934870731522,-1.2732057135992636,-0.06274327845908495,-0.34442618973795996,-1.502440909611384,-0.10017912824957675,-0.3375890545974383,-1.6982191295392952,-0.13765955319236753,-0.20630600887020312,-0.9784101335386992,-0.012306148578354341,-0.23429923218750134,-1.383754637266286,-0.030215572882659126,-0.23923862674503069,-1.6351610975451631,-0.05881015603049156,-0.24617272996480463,-1.8540471649801893,-0.08488225462468098,-0.09877372229882403,-0.9726400900465703,-0.006573804661379618,-0.12273480034803556,-1.3388703715411503,-0.031915499552550616,-0.13943832685832339,-1.5631225594989087,-0.06565901783299471,-0.15816733500577834,-1.7571833596213413,-0.0936885834248586,0.019362621487226776,-0.8846805224674646,-0.01371937565875991,-0.009417194491220733,-1.1706150354685019,-0.049883478470137486,-0.02919115545618896,-1.3363881658229388,-0.07463830624941858,-0.04406180815796146,-1.4881694443673656,-0.09305287381453788,B
0.0,0.0,0.0,-0.1824941013028041,-0.11221967278133514,-0.10975616547733735,-0.27634376893721274,-0.43226128328726715,-0.13845283965611507,-0.1592610433422826,-0.7080861255254142,-0.15084301848916565,-0.0002916190637912067,-0.7778504978896817,-0.15348926744996755,-0.32862829503064345,-0.8963695859760002,-0.035159627803450944,-0.3442816967316063,-1.2764485761648234,-0.06129044230707261,-0.3403762189122702,-1.5047014785567603,-0.09681209060596513,-0.33506697784289735,-1.6951395936262021,-0.13267630121337148,-0.20461479331353347,-0.9787882298368867,-0.010314431154146084,-0.23053207724221372,-1.3892239883939614,-0.026036739813370766,-0.2327823119496581,-1.639118351772405,-0.05366662045118454,-0.2379518419846671,-1.8580995420441544,-0.07883995005198813,-0.09647690037108878,-0.9682522437374798,-0.0014094476134888588,-0.12003262429192678,-1.3433670569354543,-0.025473999221100344,-0.13215932031116218,-1.562140233000484,-0.057138183241025396,-0.14513714482228401,-1.7503663675742716,-0.08387958208957073,0.023076492896615345,-0.8733070641828212,-0.0052292106818539776,-0.005224305631021481,-1.1552328433517363,-0.04083817447903655,-0.023286281211707727,-1.3205296251420837,-0.06456541864295517,-0.03585251258032273,-1.4742034468093188,-0.08205024766347993,B
0.0,0.0,0.0,-0.17957436848582833,-0.11614997515063888,-0.10587429411842733,-0.2768820026961868,-0.4245499419264708,-0.13742569406990268,-0.1618604899580112,-0.69771682921191,-0.1538821502038244,0.002230003698761713,-0.7642820947625458,-0.1613380645583911,-0.32777739290971925,-0.897657140885761,-0.03839137414740411,-0.34322922937375205,-1.278615772357918,-0.06873365955224468,-0.3384228071544216,-1.5135109414703507,-0.10652252174129054,-0.3307311521738877,-1.7090508727038036,-0.14368012801950014,-0.20373174069017327,-0.9788717263543423,-0.01742185924123811,-0.22815365189460077,-1.389225335246104,-0.034963004884717014,-0.23085065926129633,-1.6423363172717083,-0.0629268240889886,-0.23365735353046513,-1.8674947157696633,-0.08864004548920397,-0.09389421340357383,-0.9704607655813214,-0.01172877718191853,-0.11609457547778727,-1.3402484646269468,-0.03732124200042635,-0.1282555823789762,-1.5649320723543583,-0.06900109785749532,-0.1403284837763529,-1.7609736042401967,-0.09567042249723329,0.02545225612400902,-0.8752656610646418,-0.018313981351305544,-0.002277616269003657,-1.160246250474879,-0.05612617703709964,-0.017745694404193775,-1.3261257753340605,-0.08008777661489849,-0.026905996936910252,-1.478480660380778,-0.09734585934032358,B
0.0,0.0,0.0,-0.17757507203498235,-0.10904304678401852,-0.1101420257466482,-0.27103735971279314,-0.4281975594088174,-0.14378358796406274,-0.1546957712149675,-0.7066939139254679,-0.16201621641451677,0.009470880079915315,-0.778989928535133,-0.1705959405780521,-0.32337541125897645,-0.8977880865871558,-0.04048641613523317,-0.33929301270252765,-1.279616886006705,-0.07189558946251032,-0.33314645868422377,-1.5124574598430722,-0.11147665844980087,-0.32501203277748847,-1.7093201939714695,-0.1496978261010499,-0.20122301956257102,-0.9793753174765849,-0.01825606517735214,-0.22317540362020066,-1.386927476025229,-0.03562352094725647,-0.22536651608936234,-1.641809501756968,-0.06415526963622568,-0.2298340977055219,-1.8647324373518042,-0.09001802238730189,-0.09362841665948182,-0.9711588094448715,-0.011903665432749854,-0.11468706609035567,-1.3344125986247048,-0.03480680312152626,-0.12816359752990508,-1.5581720733230404,-0.06353552639789192,-0.1417211195768132,-1.75413419626368,-0.0882455615010569,0.023533338177552803,-0.8776111650892244,-0.01886425197289062,-0.0029519002498758734,-1.1643152954966332,-0.05181911487350327,-0.019499743966862337,-1.3345309191346466,-0.07200985089130499,-0.028672858040208304,-1.4925862724303318,-0.086898642402701,B
0.0,0.0,0.0,-0.1982482759195407,-0.04786711850542569,-0.09782382665449721,-0.36231528139805835,-0.29394050843878644,-0.1418179276467522,-0.3432000066027653,-0.5776492304690473,-0.17630612513873137,-0.2276301870037575,-0.6733241534450489,-0.20268749902468522,-0.328669222034142,-0.8914310913437381,-0.04225729709868901,-0.35531553290406576,-1.2607101173858415,-0.08677478458632208,-0.3564454998870387,-1.494696022477957,-0.13610623996402843,-0.35348210608365366,-1.7017216215857016,-0.18063939619445224,-0.21008961905585508,-0.9769850089879762,-0.036914010588521715,-0.23903256012340224,-1.3857265625118238,-0.06647832098467292,-0.2478525801849414,-1.6478559385675204,-0.10541416233935817,-0.2595889120922418,-1.8781466023678917,-0.13929196042576422,-0.1026834416385713,-0.959297886907274,-0.04655643229267063,-0.13151952512582504,-1.3340211104905026,-0.07997123255269134,-0.1468144683301966,-1.5659269854694557,-0.11477866850825899,-0.16500172081369752,-1.766314143949189,-0.14325736041369044,0.019941286198900184,-0.8541251021562953,-0.06811009883860124,-0.003917495826998272,-1.142091279442868,-0.10539644169446205,-0.024098807692216246,-1.3147454339278146,-0.12762079894877779,-0.0427951915410028,-1.473371011392126,-0.14448661205178756,B
0.0,0.0,0.0,-0.2023361076465174,-0.04810128343006091,-0.09949980946958688,-0.36957760720910054,-0.291641832120002,-0.1465670861651549,-0.3449219710791693,-0.5791673066662592,-0.18332827654429026,-0.21621715962567037,-0.6764427052372766,-0.2125925034270542,-0.3363815918464622,-0.8882431238044746,-0.05457327151543826,-0.35900711473011915,-1.2676587011400426,-0.10257914385036973,-0.3599350390054581,-1.509024346577193,-0.1524351914454764,-0.35798430779033147,-1.7200828484686643,-0.19694939934305059,-0.21411377065833662,-0.9755520848790901,-0.04953203915174112,-0.2449177564729296,-1.3932521127454802,-0.08379650098455657,-0.2556470130142064,-1.6631568900996707,-0.12440537863286724,-0.26919409680314627,-1.900333724245298,-0.1584175405032429,-0.10293782688749982,-0.9572470112409749,-0.0585145130330455,-0.1324529115573041,-1.3449831406460717,-0.09554398473305485,-0.14777270413648907,-1.5839138949355187,-0.13179589270433426,-0.1669044782173259,-1.790888214810249,-0.16036689192714765,0.022075485259550685,-0.8486885607752893,-0.07893937166822672,-0.0023438836415800397,-1.1396720856961582,-0.11968878985966305,-0.023420047769374903,-1.3182140166513532,-0.14336997779640726,-0.04412983329187269,-1.4809537565303885,-0.16015255457159686,B
0.0,0.0,0.0,-0.20173425462056918,-0.043937718645533905,-0.10046868447380682,-0.370145380241728,-0.2917392970066189,-0.14869473083065765,-0.3463418759499475,-0.5791155690821483,-0.18683069018512222,-0.22069634443093827,-0.6761077644165231,-0.2179530898855729,-0.3339028123736369,-0.8880588859925521,-0.058287811849078774,-0.3588349512496815,-1.2656653662102213,-0.10903419705577229,-0.36072185431473464,-1.5076417451275392,-0.16051932337165725,-0.3591527085316403,-1.7190882896509803,-0.20590819790447357,-0.21353102294041126,-0.9754552322823444,-0.05377352559595873,-0.2438673737796,-1.392287317456574,-0.08996523096313658,-0.25501109126168575,-1.6610656696751198,-0.1315297437497256,-0.2683561956530002,-1.8951884868079845,-0.16615049855895983,-0.10366369535360156,-0.9585645271378125,-0.06341739480373638,-0.13406200769368734,-1.3451367196267905,-0.1014203999753799,-0.15041025743413958,-1.585851539004146,-0.13932318534203478,-0.17042008115212987,-1.7926008172171306,-0.16931071046744703,0.018661401168280082,-0.8532585012849626,-0.08467960805182724,-0.004592165575916163,-1.1425057768705982,-0.12639957990599707,-0.025407254988583403,-1.3226851451394879,-0.15179770141862275,-0.045808722155639865,-1.4851666720332926,-0.17007130250451968,B
0.0,0.0,0.0,-0.20226938113975718,-0.04394326319935819,-0.10167268409099812,-0.3703454922900867,-0.28543398314225316,-0.15159513910419162,-0.34765053563016163,-0.5737732768064838,-0.1911854702412942,-0.22065194043578074,-0.6747945761940383,-0.2235094636292781,-0.3347604426796096,-0.8879243127963907,-0.059422215539338,-0.3615214681952097,-1.2661461944613708,-0.11107261293431445,-0.3632787371516007,-1.5071917097725238,-0.16295197838845815,-0.3605997380028598,-1.718568416341189,-0.2083036678115668,-0.2134796832211137,-0.9754272166904219,-0.05448091217471931,-0.24501350020537868,-1.3958445124265995,-0.09173532461017124,-0.25578318982125575,-1.6661504869264507,-0.13409398136090628,-0.26824468058732226,-1.9033954547901746,-0.1690131227078984,-0.10189404647310599,-0.9583695562350115,-0.0636524984943368,-0.13204927159584415,-1.3477000058364592,-0.10284733667133564,-0.14692506433737576,-1.588728212213239,-0.14098106799437796,-0.16552969608393225,-1.7967073044870323,-0.17053207001005896,0.021914288395326213,-0.8524984582830082,-0.08436434581604567,-0.003196618710004277,-1.1450919818718173,-0.12635640198607756,-0.02459517150971318,-1.3254854604162873,-0.15110938505561405,-0.045542750032889136,-1.487964780623493,-0.1685130034212694,B
0.0,0.0,0.0,-0.2041011152573592,-0.050355408582963605,-0.09858294104031536,-0.368707856393017,-0.2973170308366014,-0.14499682380041512,-0.34188600992612544,-0.585742548247128,-0.1811031118803793,-0.21606275070420192,-0.6826303968900795,-0.20971021553945474,-0.33656037843109604,-0.8882654077607605,-0.05420675140167835,-0.35747319563360025,-1.2683825013931178,-0.10161927383000997,-0.3577160643813713,-1.5099437902000366,-0.15081036334301504,-0.35571484454609087,-1.7191355929046774,-0.1944369732330844,-0.21414683793387754,-0.9755853465227124,-0.048727440452797526,-0.241894242747601,-1.3954650886804991,-0.08254065321257209,-0.2529394099446973,-1.666531201071001,-0.1225458135829221,-0.26811497740978857,-1.9010031464688946,-0.15601941142943052,-0.10325394663514977,-0.9593126742632274,-0.05702755857217476,-0.13030537632330283,-1.3460065696766363,-0.09193954410088843,-0.14510568593435244,-1.5872071680927913,-0.12730073556910879,-0.16421330308744522,-1.7909717166785752,-0.15562480798415568,0.02150577122777252,-0.8528977046364549,-0.07686717254565863,-0.0024813634249237684,-1.1434656880062055,-0.11515110700866327,-0.024855122384653466,-1.326309960848287,-0.1379372999887201,-0.04740625477725626,-1.4904515920164043,-0.15437156911834815,B
0.0,0.0,0.0,-0.20532793600798863,-0.04364129415207961,-0.10293534932082216,-0.37107540454869864,-0.3002568175396244,-0.14994899304944354,-0.3421529378628756,-0.5978123524579048,-0.18583793700295817,-0.2091130116394226,-0.7007792483395572,-0.21384107732224578,-0.33524463598468207,-0.8891926569049461,-0.05705727147755318,-0.35803685452912726,-1.2742271092545918,-0.1057888280152703,-0.3590318542943352,-1.5192556998924565,-0.1555862658980375,-0.35745044426015726,-1.7321146619076528,-0.20005349536852304,-0.2116060167021912,-0.9760891468777979,-0.049727970427159054,-0.24322578319890184,-1.3998803277791414,-0.08454030726849363,-0.25369940328452056,-1.6724140902877538,-0.12472089055837175,-0.26783556900929556,-1.9131083288756467,-0.15832616128104934,-0.0999476912726966,-0.9578989486742947,-0.056787428747786056,-0.12978526723163067,-1.3483158179313781,-0.09443876266760765,-0.1451054990768109,-1.590794707028212,-0.1307216680745441,-0.16440572998282305,-1.7989069789697099,-0.15926443528262396,0.026362222411230936,-0.8517725126858386,-0.07563793519331471,-0.0010882443864824764,-1.1433789001970256,-0.11769406346238517,-0.023473513415465826,-1.3255992727856054,-0.14268604532840015,-0.0450282493227957,-1.490862478431405,-0.16032077325739835,B
0.0,0.0,0.0,-0.20223344745818642,-0.045982481936548296,-0.10164739399479783,-0.3670114599581123,-0.30258297790171207,-0.14797478277232112,-0.33664714747747587,-0.5931976015432942,-0.1839316394977224,-0.20406993882907398,-0.6726873052499277,-0.21210039260400793,-0.3352547779632795,-0.8883153010995907,-0.052592352470180986,-0.35692685886269615,-1.2670690000689384,-0.09896197857999328,-0.3577393447006806,-1.5081305595854875,-0.1476461511324064,-0.3560599292916275,-1.717520809514189,-0.1917789796359997,-0.2140118278411715,-0.9757035162617141,-0.04692106028861339,-0.24203343807096722,-1.3946524441784882,-0.08111023325472717,-0.25191300638434283,-1.662738714420742,-0.12222412779936827,-0.2661547919327937,-1.8967732097243384,-0.15628094167927917,-0.1037843508124898,-0.9599057983243544,-0.05565388937425742,-0.13136415594019357,-1.3447465383279775,-0.09249601785128171,-0.1463252937917359,-1.5868355785093284,-0.13095167540851163,-0.16677899344736574,-1.7942265850565395,-0.16091485630999067,0.020001005806921105,-0.8553453347210896,-0.07611443431574248,-0.0060214768791141925,-1.1446952420268983,-0.11624623486615393,-0.026371617604154074,-1.326885287068996,-0.14127485878850987,-0.046161103716156504,-1.4912619218345882,-0.1593689004455751,B
0.0,0.0,0.0,-0.20567855639216093,-0.04248122964950443,-0.10483644101702524,-0.37035123836232675,-0.29720654465999413,-0.15236416612808293,-0.3397761510490633,-0.5931788463582044,-0.18861238720617543,-0.20602273599004362,-0.6886317878723528,-0.2169339405305413,-0.3351476816463714,-0.8870988955896358,-0.055842378341322,-0.35881632496905946,-1.270732295127706,-0.10364256803686969,-0.359842800978463,-1.5158464648225247,-0.1532294391169842,-0.3575876784235013,-1.7287604878425324,-0.19737039967543482,-0.2134307587848504,-0.9758195815682349,-0.047153530435352406,-0.24327807880475896,-1.3993356081549935,-0.0804710001522314,-0.2538312875184286,-1.6707950238244627,-0.12066772606158908,-0.2673221483825901,-1.9076611253305908,-0.15413882760566489,-0.10255152912847394,-0.9613831595459337,-0.05303062733840844,-0.1319341134176371,-1.3474572961104525,-0.08826890661076436,-0.14833511071918062,-1.5908285319269688,-0.12504724238623935,-0.16833973370207841,-1.7980367754208306,-0.1541803343593391,0.022546095501409517,-0.8599436849583151,-0.07105301864035178,-0.0048786758447841505,-1.1459151908611376,-0.1098087985375881,-0.027560950807686543,-1.325946071242785,-0.13376998577407614,-0.0481088925324994,-1.4882004018514052,-0.15108082335831857,B
0.0,0.0,0.0,-0.20214145064483377,-0.043943385476529186,-0.10590419001126944,-0.36740285957721097,-0.29948348602009334,-0.15295633395491717,-0.3418381343044377,-0.5940086649881686,-0.1886093200263173,-0.21093685909529888,-0.6771807398378304,-0.21605102587344652,-0.3336281705867031,-0.8891556929566724,-0.051778077237210327,-0.35859852177806517,-1.2599267486477659,-0.09797007018751397,-0.3599566986081617,-1.4967657021256064,-0.14785568678859357,-0.35743358521172475,-1.7054885406634148,-0.19306141600529225,-0.21409968018952577,-0.9758809617082675,-0.04263420596293064,-0.24447595065523206,-1.385388905722081,-0.07519175246350156,-0.2550038817074067,-1.6494596251840794,-0.1155128703745051,-0.2682417556053369,-1.884415974315078,-0.14964504812902044,-0.10576813512259826,-0.9591610997401909,-0.048591115419867596,-0.13539113489190915,-1.3357838552666867,-0.08455924739831022,-0.15110633065458062,-1.5705027753058425,-0.12134022914884057,-0.17000495370074206,-1.773814543021991,-0.15047532014793302,0.01738383917766535,-0.8547827376045593,-0.06692835575221937,-0.008924769527505667,-1.139977205116646,-0.10629402619946382,-0.028439288674975215,-1.314085080057329,-0.13040472008743295,-0.04573337645051685,-1.472736595868251,-0.14812003271516105,B
0.0,0.0,0.0,-0.20924288365756427,-0.02763956525597188,-0.10192423374929617,-0.3790226513323975,-0.29227654253873536,-0.14777540510947726,-0.3446963830056458,-0.5937143572354393,-0.18280855049373138,-0.20116827528381082,-0.6811447589169226,-0.21152084144899963,-0.3476374829009833,-0.8775990695318948,-0.058327327745852024,-0.36822088894004956,-1.2582579178703757,-0.10946959738628778,-0.367040251158692,-1.5071662955222835,-0.16151507729002612,-0.3649923812615735,-1.7213642801713032,-0.20759699476406623,-0.22560485371839867,-0.9727384396439355,-0.05368778276090205,-0.2538147027996687,-1.3966727906918586,-0.09130669259055957,-0.26429590414592685,-1.6698107177694212,-0.1350146187944666,-0.2781985699312909,-1.9103227334380704,-0.1701276062993893,-0.1119647703161432,-0.9615550569586234,-0.06309561367826727,-0.1425306476811002,-1.3510858615704695,-0.10239914976896007,-0.15929331904954683,-1.6023204534206765,-0.14311622382253875,-0.17770530562164755,-1.8183747822822833,-0.17468686567915054,0.015490444716777695,-0.8593490330716207,-0.08416721791203771,-0.011569534719255007,-1.150453285772907,-0.12722346783753782,-0.030969202312083367,-1.3295615229965638,-0.1532888642920756,-0.04822511790918608,-1.4907918035455863,-0.17173100781154613,B
0.0,0.0,0.0,-0.20523181877895053,-0.03183630104657064,-0.09691053666010549,-0.3713068160560378,-0.2991570218093042,-0.13903285678716945,-0.33747498739086795,-0.5981213429555677,-0.17117615758544713,-0.19811101478753743,-0.6721244779238997,-0.19646502096416038,-0.3404372923650618,-0.8839085869662878,-0.04883604764198362,-0.35959557357575983,-1.2605265981173692,-0.09315879331277084,-0.3609119716731576,-1.5032052538737253,-0.14045210944811523,-0.36247041489949594,-1.7100052210701746,-0.18357873415713585,-0.22005550437137397,-0.974445859771557,-0.045064857371698755,-0.24779995650869455,-1.392030301320871,-0.07782606021260711,-0.26005375425384425,-1.6615882440411025,-0.11863875687495835,-0.27739751550758557,-1.8962654958707548,-0.1519639424058004,-0.10905033419882006,-0.9605608883313727,-0.05500613023034681,-0.13784715646196938,-1.3446827661996688,-0.09049680846323532,-0.1528467047954202,-1.587452861226958,-0.12936626714761446,-0.171895539513032,-1.7952736274454613,-0.15958161125912215,0.014811758730997385,-0.8572667848608078,-0.07621016050064885,-0.011576071384115994,-1.1461192322580251,-0.11567146045079266,-0.029758922418184734,-1.325652640284294,-0.14006932443109676,-0.04596893025636656,-1.486408140435345,-0.15752083669272154,B
0.0,0.0,0.0,-0.20761167863729496,-0.033587859030224806,-0.0999260031603015,-0.37265670585146454,-0.302247772801584,-0.14362274854908497,-0.33508008203029266,-0.6029436118496633,-0.17701636507234783,-0.1917984768401768,-0.6816156774991932,-0.20391379638499202,-0.341992855237729,-0.8830916119657876,-0.052887130815179415,-0.3620261366666208,-1.2640331656876729,-0.10097341829780829,-0.362894275426376,-1.5110593589707275,-0.15123526390224368,-0.3631869595106872,-1.7250293633041307,-0.19664120173096122,-0.22040574969052268,-0.9741770233233888,-0.048994211210511056,-0.24995291610839035,-1.3955219626355675,-0.0854830910073069,-0.2615450941315274,-1.670297203502391,-0.12957879548762824,-0.2771517648207647,-1.9124398212173828,-0.16536258177017432,-0.10879350656508234,-0.960464301902307,-0.05910147851270616,-0.13630699066809115,-1.3484647348382326,-0.09872158750025026,-0.15248203496621657,-1.5945404129539316,-0.14038780754968105,-0.17246928946249487,-1.807063873407737,-0.17213796753420393,0.016722174707345792,-0.85800976611808,-0.08058238810951188,-0.009952911115442652,-1.1495519104293277,-0.12435506318488555,-0.029012309857344213,-1.3327726192792206,-0.15146867355859303,-0.046480120873027886,-1.4982047447984468,-0.17049976278649293,B
0.0,0.0,0.0,-0.20830605860488563,-0.03147672858333679,-0.10015494343171767,-0.3747286213130359,-0.298764018971341,-0.14495158417602516,-0.33647926874521145,-0.60428108372909,-0.17922636854238416,-0.19300116039387147,-0.6881741400175128,-0.20754809736551447,-0.3474447309794202,-0.8782545675198156,-0.058563590959452426,-0.3678834147405456,-1.260009135599809,-0.11006236223723509,-0.3671998491173492,-1.5110151248372037,-0.16264532100090084,-0.3662152090090496,-1.7275045121016226,-0.209382374565325,-0.22414768595349865,-0.9729593255599677,-0.05574913172045531,-0.25263635174455373,-1.3977627698394632,-0.09498439653178235,-0.26415382366120393,-1.6750185862899485,-0.14039923529510326,-0.28053313518146844,-1.9180259265777444,-0.17662342323184038,-0.11039620628398325,-0.959850289394548,-0.0665606655951051,-0.14175283933519717,-1.3501438169394366,-0.10843290253570394,-0.15992594356488335,-1.6027640524843516,-0.15061504056518968,-0.1811298483607081,-1.8206609211838884,-0.18245132454694848,0.016585360117127395,-0.8540217722259575,-0.08861003666966388,-0.011597694777074256,-1.1528079957390232,-0.1343359031636057,-0.03142730557111127,-1.3364639091690353,-0.16134886227440545,-0.050205423873161986,-1.5008369688001622,-0.17994667313179405,B
0.0,0.0,0.0,-0.20658495307758198,-0.035474417495576206,-0.09879894374018698,-0.3684952792946004,-0.30137441679493693,-0.14249240778135222,-0.3331966950505292,-0.5981209968173777,-0.17628800125396016,-0.1978671640697439,-0.6787215432005363,-0.20397281394341368,-0.3404655708624088,-0.8809033484390889,-0.05456453799396706,-0.35848600095490296,-1.2571801341794868,-0.10419104298559408,-0.3590396986838032,-1.5045109620309856,-0.15508472378921528,-0.35931465940595525,-1.7197028937652894,-0.2007951147091474,-0.2194967781649415,-0.974225017537505,-0.05202671985872836,-0.24724420932357613,-1.3950739984187979,-0.09091718873925292,-0.25904462665075184,-1.6700579683229226,-0.13584430300328834,-0.27565815471341887,-1.9130247092791828,-0.171698119091877,-0.10789269923017829,-0.9606830249581746,-0.06316320808702197,-0.13656295993697998,-1.348740638549406,-0.10494419787139235,-0.1528968069217498,-1.598504455760823,-0.14678763648715923,-0.17249289176195834,-1.8157738160585455,-0.17834573708325463,0.01713748755037314,-0.8572885887352895,-0.0854893770524118,-0.007843343106058312,-1.1471148912176263,-0.129825288886041,-0.02486659804740003,-1.3298306574167478,-0.15654002421654134,-0.039534867507511305,-1.495625128358622,-0.17528052982683878,B
0.0,0.0,0.0,-0.20849764464400103,-0.0340884413996304,-0.09748129066568974,-0.3767158217872688,-0.30206733202934705,-0.14121584690159053,-0.3410713889089842,-0.6090571518738944,-0.17480851744791417,-0.19471576885598804,-0.6859400984780286,-0.2021174298012235,-0.34302076233320133,-0.8820203813355535,-0.05459586031947621,-0.36337045777258525,-1.265866132397612,-0.10294536737066513,-0.3648790538361114,-1.5156065563548242,-0.15250347972422043,-0.3651961291633181,-1.7298068173470333,-0.19716403128871932,-0.220646985357928,-0.9739665387756877,-0.05200085766374432,-0.2504188893247703,-1.401504701181851,-0.08891770932754509,-0.26263979711554064,-1.6790483420500237,-0.13174191812737365,-0.27838810867721686,-1.9219160753480538,-0.16590367430978026,-0.10794945633519946,-0.9585177662376209,-0.06280347987340829,-0.1380389095833998,-1.3511681635680193,-0.10278956234896525,-0.15473607735593975,-1.6023306869561487,-0.14304794629550013,-0.1741620361544778,-1.8184014080063868,-0.17335128616553305,0.018251737388740353,-0.8495260847237553,-0.08459560293347945,-0.009833363753694296,-1.1481209916637451,-0.1286985400334631,-0.029165716607354425,-1.3317474182651452,-0.1545015371264144,-0.047062462336785606,-1.4956974012990556,-0.1721011284140599,B
0.0,0.0,0.0,-0.21083249362747872,-0.04480282417854726,-0.1008512278151819,-0.3741108179168157,-0.30787091216561074,-0.14862446576971855,-0.3396075071397412,-0.6124707149549714,-0.18542614589097922,-0.19934944068807992,-0.6795030364887119,-0.21504150340606393,-0.3443674406779858,-0.8860960702089101,-0.05535167010895093,-0.3666955466220532,-1.2741196850715564,-0.10496633330597752,-0.367569308578624,-1.5218485804099382,-0.15605040783803728,-0.3669417133870844,-1.7338367099458774,-0.20257588209053623,-0.22171183499038893,-0.9737021161019281,-0.05242185921752157,-0.25383056780533625,-1.4013524318772546,-0.09155417594940413,-0.2630853504019024,-1.6748116659472987,-0.13667237173671806,-0.2776056424671998,-1.9195339452107631,-0.17317481203499685,-0.11098574031364031,-0.955573506392432,-0.0636566356232948,-0.1391348271299532,-1.3482052401313152,-0.10650041218906509,-0.15468424288537141,-1.5951342708369227,-0.14814074866761087,-0.17349436327384912,-1.8086554446934164,-0.17946217369718734,0.016946489000186898,-0.8455239564945058,-0.08614677622925099,-0.011973258226535824,-1.1483786000850864,-0.13324878262254614,-0.03069612065507453,-1.3302530381131863,-0.1609590375712254,-0.04794671192214913,-1.4947621962276791,-0.1801292448390991,B
0.0,0.0,0.0,-0.20416046182606726,-0.036190129549844234,-0.09647646867171766,-0.3670312600093622,-0.3021231784328923,-0.14025826159405164,-0.33509140036788154,-0.5987695785070652,-0.1746257165418242,-0.20092322285558278,-0.6668819134100896,-0.20252631567145496,-0.338489153985941,-0.8893540534826617,-0.05014897746467641,-0.3577432460171226,-1.2641882766276111,-0.09649364385515481,-0.3598443386181582,-1.5074743580200276,-0.14512503783333267,-0.3617844519850846,-1.716851662038915,-0.18991282030388637,-0.21749177242567289,-0.9748319361552403,-0.04899005183672128,-0.24679510348542288,-1.3896078251139063,-0.08534621662881671,-0.257424378801972,-1.6603053250520723,-0.12877233226337795,-0.27365122497613914,-1.8988609863530028,-0.1644131753464755,-0.10636848077057014,-0.9555859743884076,-0.06166079660588629,-0.13364853747376731,-1.340563050748572,-0.10218565644418338,-0.14810298601986352,-1.5826280825824097,-0.14384539229812485,-0.16793270076695074,-1.7920691511031195,-0.1756778743768826,0.017676588454218344,-0.8480564918688076,-0.08524654829889611,-0.008892650851613575,-1.140711861320715,-0.12983745496640708,-0.026082584911230527,-1.3206896648672675,-0.1571131997258335,-0.04190895749289514,-1.4819268606495914,-0.1765323070866404,B
0.0,0.0,0.0,-0.20396214793732606,-0.05457653412146702,-0.097975105088075,-0.3631287117929526,-0.3141579648432904,-0.14511199627013915,-0.3309570325225113,-0.6107855716947128,-0.18275146292749195,-0.20437387503545348,-0.6933565381107376,-0.21304000596179173,-0.33389724566363843,-0.8910753934200469,-0.05188294536616019,-0.3569646152659255,-1.266784706893015,-0.1032088645230489,-0.3584471107002403,-1.5088320745422221,-0.15565972434909364,-0.35791172653214665,-1.719317596055363,-0.2021270958616072,-0.21265473050735287,-0.9758430095845739,-0.050083792166388884,-0.2409036555357926,-1.3933238665461896,-0.08984272783255952,-0.2511074479159317,-1.6617649558230223,-0.13498821047740334,-0.266303605036526,-1.9014964164371495,-0.17137499801762227,-0.10245868203384179,-0.958004666755524,-0.062443141910210186,-0.13091694412454655,-1.3407480760286714,-0.10413700172340795,-0.146488472238428,-1.5815802929762905,-0.14364400275343972,-0.16712507730244527,-1.7900829015865827,-0.17335275854255583,0.02295251209909738,-0.8518249258129028,-0.08609802732455378,-0.004199709027918543,-1.1518345766846578,-0.12959562465129998,-0.02502457850744625,-1.3346867954924027,-0.15459106906677034,-0.045569482822949176,-1.5008798134191659,-0.17197846304446146,B
0.0,0.0,0.0,-0.20934903693526286,-0.03933679643701417,-0.09597852111963674,-0.3740482263343514,-0.3079836305020258,-0.1382965277705811,-0.33711323297235934,-0.6083481036711399,-0.1707428584472738,-0.19641495209453858,-0.6799753129533896,-0.19682080475227928,-0.3368589795999644,-0.8876520006772357,-0.0497001744297127,-0.3563623711326045,-1.263490086314858,-0.09637812286537664,-0.3572288028278322,-1.5074561655487433,-0.14595050127965975,-0.3571063671632656,-1.7176005652015256,-0.19109271551432505,-0.21556323328971935,-0.9753257876523136,-0.047666554250085445,-0.2440656461680012,-1.3921359598674825,-0.08366115902895017,-0.25468752644685366,-1.664781186219594,-0.1273949893053139,-0.2694461841509174,-1.9051276731630749,-0.16293515136368494,-0.10494683227330533,-0.9572766128252532,-0.0592435008789651,-0.13167111340239357,-1.3402215962336927,-0.09861432554710656,-0.14595597792173623,-1.5859853922320806,-0.13999957385479506,-0.16400093082932873,-1.7974490244430135,-0.171671299584685,0.02031095090639995,-0.8478547804671485,-0.08182333402950336,-0.004845825344722247,-1.1389399437481744,-0.1254186912110999,-0.022511274602374752,-1.317417367330468,-0.15205500102516611,-0.03918738739806993,-1.4772329686607057,-0.17085910782706462,B
0.0,0.0,0.0,-0.20977751775846817,-0.014042330185829737,-0.09426423560828873,-0.401405404594182,-0.24973666801434893,-0.14803574144044812,-0.4422520531578999,-0.5604143812349909,-0.1940481581579027,-0.33641086939379644,-0.6883841593002817,-0.2327218190308797,-0.3921244409349126,-0.8624846492958494,-0.06203709541078735,-0.42942286469545016,-1.2558262740756694,-0.1223476012378965,-0.42940619094415006,-1.510577699109821,-0.17762588681704192,-0.4185235366296893,-1.7242314850966693,-0.22223788211019746,-0.274951674734223,-0.9594139656226448,-0.06266114529017547,-0.31940111674173977,-1.401014226684268,-0.10527273253436106,-0.32792923526655005,-1.6842300188810497,-0.14554273140941326,-0.3331766669067679,-1.9261394975066812,-0.17710262155370354,-0.1555913628894793,-0.963288339106559,-0.07698736346038035,-0.19688239218860443,-1.3653940412553451,-0.115912456923985,-0.2112728500909726,-1.6181165739153893,-0.14753593942941273,-0.22290759164210608,-1.8289570433192388,-0.1727573724909337,-0.022621733127517595,-0.8811342401250113,-0.10227452047056294,-0.06933223686436614,-1.1798007892272904,-0.14108512399981435,-0.0884939139645175,-1.3691908565324542,-0.15954181405280837,-0.10245413855682403,-1.539979838466784,-0.17221579136442478,B
0.0,0.0,0.0,-0.20890590258187547,0.010408069725992553,-0.10332185092869019,-0.40907518153385464,-0.20519891535113136,-0.15726759520223593,-0.463670697130796,-0.5148571562060602,-0.20145445145849522,-0.3740450573415488,-0.7263973934786331,-0.2342583021318559,-0.42682940409650716,-0.8432181024971797,-0.04501538413738249,-0.477416432194436,-1.2445886454631392,-0.09851111296690952,-0.484352085722925,-1.4896007668523117,-0.1495327906719819,-0.4773438936520915,-1.6970200755110252,-0.1900991737015367,-0.3178368658910785,-0.9474844168355825,-0.035397832338612975,-0.3737482739907966,-1.3924246169621193,-0.06784555573949672,-0.38256686999806994,-1.6670078591662094,-0.10079814070217467,-0.38436235827641785,-1.8956795584050325,-0.1281986587797114,-0.20288023168125124,-0.9612542464238325,-0.04270874374592436,-0.25194688252786107,-1.3619765319419506,-0.07346346824347967,-0.26985689085280706,-1.6198015860848602,-0.10009982178008558,-0.28082869596412013,-1.8274919262743723,-0.12309226888996114,-0.06596392423239111,-0.8971212510932898,-0.06260265012970478,-0.12441214156605161,-1.1962653553202391,-0.09356943273745646,-0.15815034029593358,-1.3826669719163405,-0.10908171715306085,-0.18178311692640625,-1.5494213522146867,-0.12094579254825454,B
0.0,0.0,0.0,-0.20939883344947402,-0.01998621597151325,-0.09832398991624766,-0.3987230284667241,-0.240555919675675,-0.15259677004406413,-0.43185654349782476,-0.5518256474165601,-0.1981502004240643,-0.32939135063949615,-0.7281196097306566,-0.23471800958103237,-0.39377685036871546,-0.8621325666451151,-0.05700516255188713,-0.4397012347656655,-1.2572198129738277,-0.11612090156543366,-0.4404629133145481,-1.5029777131901871,-0.17057618534081032,-0.42701348342441964,-1.7132566614704252,-0.21296283067326227,-0.28110745646701807,-0.9582102952958507,-0.0530247857862917,-0.32809091777366356,-1.396622803831327,-0.0938009397572086,-0.3369471121765639,-1.674086756762356,-0.1321692668377329,-0.33872303371140133,-1.9056608225099798,-0.16145413199706188,-0.16474474355850866,-0.96593019880928,-0.06411127330360578,-0.2080002641061203,-1.3617242021302929,-0.09978692240463807,-0.22464610368160204,-1.611843944971908,-0.12947223389637758,-0.23752215750255862,-1.8166134267178071,-0.15260748037029107,-0.032932758683684275,-0.892292347145441,-0.08709060902934447,-0.07627769800142307,-1.1943372459993362,-0.12107300303426982,-0.10206193662201703,-1.3814277153048862,-0.13722161415793288,-0.12213582782217863,-1.54612102438977,-0.14774489885925715,B
0.0,0.0,0.0,-0.18266241849003242,-0.12081372617144433,-0.09527134952798881,-0.32396574861887995,-0.36788281910591686,-0.14377706582754424,-0.3007828781198217,-0.6515984050423982,-0.18434567763562282,-0.19616985597906939,-0.7558604555935713,-0.2154254089002132,-0.27854903118537844,-0.9169435417351325,-0.05034757539035233,-0.29909938891214893,-1.2819338942080114,-0.09822839527228494,-0.29918069507189704,-1.4965258062572235,-0.14423511875876388,-0.2948000998650256,-1.6908476409803523,-0.18474642101674227,-0.16651727366850155,-0.9849769226052244,-0.045743409417652765,-0.18963713189375506,-1.3869008239941116,-0.08197086868151199,-0.1993263417808448,-1.6306309439682631,-0.11801212484124328,-0.21379748311334024,-1.8469562581732155,-0.1484502502842869,-0.0626624314674001,-0.961664978577566,-0.05531508885116568,-0.08917411165681095,-1.326869324345893,-0.09232616093198928,-0.10258375590370648,-1.5513676014838553,-0.12441866204894166,-0.1242543318314505,-1.7481227488878892,-0.15040460475227313,0.04949512474664259,-0.8530167994836498,-0.0762314583955035,0.02980796741586418,-1.1302893239609835,-0.11411087602774077,0.013485755846437488,-1.2985017181350105,-0.13528633132018555,-0.0054445766473525566,-1.4473682149987575,-0.15080388010550821,B
0.0,0.0,0.0,-0.1864485917101799,-0.11475514055363466,-0.09745047136177537,-0.31929213966465575,-0.38661281243979506,-0.14566350546198137,-0.2683100617857774,-0.6634567707229919,-0.18512262923041264,-0.1365092583478677,-0.7217264473875376,-0.2175931161214183,-0.2668109111275833,-0.926139430235399,-0.06025749967326671,-0.2676827498397953,-1.281608056036729,-0.10858039689970922,-0.2634793434927044,-1.5003246496040057,-0.1569393719580084,-0.2620336556758724,-1.699887632478303,-0.20048002213292535,-0.15042274370234376,-0.986956260714839,-0.05736146452839022,-0.15508869127121883,-1.3858281684119609,-0.0950277377941135,-0.16037581570591972,-1.6390900836793543,-0.1348948786288774,-0.1765161160471287,-1.8643182979475288,-0.1680852514432237,-0.044371748120465966,-0.9512847135860294,-0.06778785180355616,-0.05614387139038619,-1.3232878186286106,-0.10750049954282151,-0.06785048076863731,-1.5491803744337105,-0.1455872688744141,-0.09047468439503768,-1.7477581291679072,-0.17535421218404115,0.06454323434437807,-0.8319882990566959,-0.08961541937997301,0.06006637871032052,-1.10557825464699,-0.13356069041613605,0.05004647815504195,-1.2788383960111658,-0.16143728954135253,0.035301251219375496,-1.4296258483178013,-0.18122201921666117,B
0.0,0.0,0.0,-0.2403746877984395,-0.07802084078318411,-0.029285293439426374,-0.45626628080097614,-0.2650058472328281,-0.07002595760120822,-0.6449574287980236,-0.3234938067238434,-0.12950224096883714,-0.7950677865840032,-0.3694011265218835,-0.18615054283833907,-0.3927234916436245,-0.8830045890252507,0.047752229751027386,-0.4904063455020502,-1.208048826697172,-0.024787363550788023,-0.6037818664797223,-1.2612134983412524,-0.09664717556140812,-0.7026079735303903,-1.2286659780551044,-0.14203218065957685,-0.3291219620887097,-0.944258687237878,0.0073665220204042845,-0.4620915320452693,-1.3356034786411766,-0.07352158015211371,-0.599630231108149,-1.349671197035271,-0.1467438371509966,-0.7113297089239459,-1.2447322049753828,-0.18437391888208263,-0.2531283932082022,-0.9413609894440378,-0.0485760791868088,-0.4046909980959196,-1.2980764960169704,-0.11360584843665779,-0.5514900480159611,-1.3084597108374683,-0.1657418956188646,-0.6622263774948542,-1.2235583548496358,-0.18919052528836347,-0.1748854554672895,-0.872580838475856,-0.11056128447835237,-0.3447080712140296,-1.0986380398260995,-0.15361286824382797,-0.4708868143002367,-1.1614182960952497,-0.1833503007040923,-0.5641415645522772,-1.1750242227275098,-0.19920536863839922,C
0.0,0.0,0.0,-0.23508661225156896,-0.08127144867597721,-0.03159198571923631,-0.44874447490134184,-0.28982127487504733,-0.06730513787034471,-0.6281038616987149,-0.3723373417774306,-0.11977350394463111,-0.7749988671161234,-0.42470728028284077,-0.1698691665670241,-0.3859197938062239,-0.8876724276387323,0.042859202348566425,-0.47752020993458133,-1.2283947490539346,-0.031568016147696165,-0.5832965953060287,-1.3102886331233732,-0.10378375556566968,-0.675584986281937,-1.2958189359993355,-0.14793338594287628,-0.31820377318375065,-0.9480093876441384,0.0049557714041058324,-0.43157212768786185,-1.352805680750424,-0.07942361497144265,-0.5640105691281022,-1.383680319957882,-0.15099711864606957,-0.6762939236523757,-1.2850156598965514,-0.1844026194365018,-0.23963750020238295,-0.9494131189960795,-0.048842123544995696,-0.3677435185387739,-1.339818261299028,-0.11683803252135187,-0.5090826977093316,-1.3702808480234538,-0.166764313854702,-0.6236062640169292,-1.2997151870908061,-0.18627754978748456,-0.1565930766990172,-0.8834150150083494,-0.10883009621764694,-0.29501947543021984,-1.144856064619344,-0.15437835148884702,-0.40905938834829486,-1.2375619381293936,-0.18326800710016045,-0.5023479189704223,-1.275558026226862,-0.19691591965788158,C
0.0,0.0,0.0,-0.22916932831985576,-0.08692804903011805,-0.03686128429242751,-0.44397241368748164,-0.29601933196431357,-0.07420179093349333,-0.6212397342181818,-0.40247703381111705,-0.127260608404041,-0.7655062424056027,-0.462496124122145,-0.1774117359469113,-0.37607592202417534,-0.8889943948092669,0.04089070411996077,-0.4696313863497275,-1.2428797924455357,-0.03085858535918322,-0.5725952347446865,-1.313618841191918,-0.10301574501922663,-0.6615089935074797,-1.2981751877573109,-0.14864750960919232,-0.30828926284543673,-0.9512568392793859,0.008255673104578297,-0.41915027217517814,-1.3675781551230817,-0.0734590824377107,-0.5515217683131427,-1.3966103707985111,-0.147247642628241,-0.6645093706326333,-1.2995724725200941,-0.18491359296125842,-0.22991736965750736,-0.958519897248358,-0.04014394918694935,-0.34743376563973394,-1.3632736455526637,-0.10584388338097879,-0.4849255598257818,-1.3876668501538576,-0.15941641791938627,-0.5966852452325234,-1.3010342966984585,-0.18319178271764242,-0.1428884697712325,-0.904123562940515,-0.09514256182457696,-0.27227780865882,-1.1818607902744187,-0.1411958695208355,-0.3840557139403381,-1.264840002219191,-0.17322623295293801,-0.4751653525406218,-1.2837154075606303,-0.19020314658902082,C
0.0,0.0,0.0,-0.22578311736393664,-0.10225535298780733,-0.050794723795959305,-0.43558527462324875,-0.3136182678111477,-0.09982954688866184,-0.6128822399034641,-0.4295383893705558,-0.16118256995414249,-0.7541686105330186,-0.5102380104095454,-0.220240465083645,-0.3566717021963924,-0.8923245384172258,0.004331155946337783,-0.44496137339450065,-1.2561760142428253,-0.07611423416381823,-0.548051983752963,-1.3372599166907913,-0.1521588658999622,-0.6417541542221539,-1.3340425609653475,-0.20053750912178542,-0.2831911100449917,-0.9588153313838296,-0.02181640425923701,-0.3940710664897426,-1.3942672169016734,-0.11102415535109361,-0.5265949807483034,-1.4402112299618182,-0.18647647906653492,-0.643155264982863,-1.364114583367212,-0.22750163757638653,-0.20144144366640768,-0.9608384870081293,-0.06298045368275958,-0.31597122012125156,-1.3797056166578086,-0.13312094357649742,-0.45481457453685603,-1.4230875348439616,-0.18922231218168206,-0.571404792547038,-1.3580269986827518,-0.21738948629941215,-0.11240894219430278,-0.8955505591829814,-0.11136901739107606,-0.23458443512784366,-1.1753198973242662,-0.16042902325718456,-0.3515412106009098,-1.2809026257917784,-0.19703489633062468,-0.45099486722125726,-1.326778893991304,-0.21975748755263314,C
0.0,0.0,0.0,-0.225216692015247,-0.10196088603742132,-0.047437874740762366,-0.4325068876142629,-0.3240982873509813,-0.09419975779468065,-0.6050519971635445,-0.4520233531320867,-0.1536257434356745,-0.747145355512723,-0.5344805833336932,-0.21213682531527986,-0.3485349778706262,-0.8983960679657639,0.003198942737333895,-0.43255577354356217,-1.266926698030179,-0.07520555641024088,-0.5294314772455376,-1.3553975510907936,-0.14878853628370936,-0.617341972073784,-1.3589838699201588,-0.19629088921492574,-0.270767398394681,-0.9623006958651948,-0.025736874401100243,-0.3749908925502024,-1.4023540547151823,-0.11641811856133272,-0.4999205841178831,-1.4564804510664426,-0.19364533042472834,-0.6154762026758775,-1.3901562310887823,-0.23509572948419052,-0.18443981427181833,-0.9622212235523233,-0.06897702009166139,-0.2954676023727944,-1.3879426396110222,-0.14220970254493917,-0.42738876609650855,-1.4473310703360756,-0.20282345124521484,-0.54358957435242,-1.4033417073402756,-0.23393146990395178,-0.0940698604978659,-0.8924766877672496,-0.11864241200556697,-0.212951290780698,-1.1687534258251195,-0.17312420350761332,-0.3179004926353351,-1.2928621213448634,-0.21596206758854303,-0.40854023399771955,-1.3636868531719926,-0.24315823157053582,C
0.0,0.0,0.0,-0.22688269440957218,-0.11317579561763354,-0.04509528300601918,-0.43716663725650473,-0.3313191175159584,-0.09448543433868457,-0.6158026764728459,-0.4455758147352391,-0.15743886009299352,-0.7604109853410106,-0.5270349819188636,-0.22097150132112667,-0.3457402670699202,-0.8966910856080307,-0.0007391196383309853,-0.42394725016537305,-1.2620209497563786,-0.08257590809909222,-0.5221168138030131,-1.3552708970543412,-0.1587833713452982,-0.6163938151076079,-1.3636212239830225,-0.20617501493968662,-0.2660905897295405,-0.9634831685005585,-0.029932959651692174,-0.3686298396228042,-1.4068823028241004,-0.12278289683158186,-0.4962836604937798,-1.4662293303364156,-0.2014457906619682,-0.6185066420142138,-1.4076573658848675,-0.24210472397095653,-0.17857310730823067,-0.9635071300220566,-0.07208723754740204,-0.2953399713895096,-1.3893360179085918,-0.14431003636230436,-0.43036498822553065,-1.4600128953881846,-0.20108228648143858,-0.5502918766969114,-1.432737706117582,-0.22781730472172954,-0.08777289644167469,-0.8943013846370809,-0.12004516134370702,-0.22060951541867263,-1.1882558007944668,-0.16804733002362998,-0.33174252550023337,-1.3180864337338511,-0.20094123277212497,-0.4255929590594766,-1.392116344342646,-0.2198701929291926,C
0.0,0.0,0.0,-0.23174305575205148,-0.06538303024991116,-0.04943579299713913,-0.451759929204024,-0.26032283534454204,-0.09569819188387921,-0.6396485802376863,-0.37507215927704185,-0.15496045435076294,-0.8020483047561098,-0.4332479456056112,-0.21266726937844538,-0.3798052419905367,-0.8695935903349816,0.015269119231077898,-0.47493215358109087,-1.211015103371353,-0.05926597555327522,-0.5772003132046535,-1.3077439898446857,-0.1319255188788479,-0.6770844055924093,-1.3268326844008989,-0.17871563670306825,-0.310891842477586,-0.9503642054781667,-0.012415281984105042,-0.4351210239300908,-1.3616581122222735,-0.0991340857051139,-0.5648861924305019,-1.4107817820166328,-0.17235343453239216,-0.687414268246798,-1.3392497697145247,-0.20886151789463756,-0.2318334235659518,-0.9777822109783174,-0.05543502633954037,-0.3650383196736418,-1.3667782704053082,-0.12473022130866186,-0.5068141921669878,-1.4248476691711494,-0.17918686719930269,-0.6359024235887272,-1.385461405166411,-0.20342818731411272,-0.1470407560995512,-0.9446688424675634,-0.10608023852777207,-0.2776750986645673,-1.2252609046280893,-0.15346974483884915,-0.39257832172255797,-1.3541581313522668,-0.18824743860094964,-0.4994648243201481,-1.4264918157004147,-0.2079649425288859,C
0.0,0.0,0.0,-0.26101359099888205,-0.035260282980968,0.004277131867840929,-0.48617857637090367,-0.192000721367049,-0.020101514723448805,-0.6822165355139573,-0.2432656756763592,-0.07120143665736453,-0.8501461710866064,-0.2909939993101176,-0.12362760576871965,-0.4104557407700915,-0.8458822665039284,0.09529234359801102,-0.5364647235656822,-1.1363281119693363,0.041694195914651254,-0.6569323245981271,-1.1926160792265308,-0.024185122957068664,-0.7626735512541503,-1.171622552094167,-0.06894934942141716,-0.35388850470467487,-0.9344540632258886,0.03947822131905279,-0.5129908412745791,-1.272539833636738,-0.01714200315060246,-0.6593233246685214,-1.2849104581152317,-0.08158986230249968,-0.7809082741910054,-1.1857610137104226,-0.11895455837756733,-0.292929479709958,-0.9546976361076014,-0.030783367312937123,-0.456709705446157,-1.2849787040886695,-0.07741048811159605,-0.6137216248116594,-1.3097883356476705,-0.12271306532036576,-0.7428689659853619,-1.2407458176149646,-0.14718542924086556,-0.2360381606635713,-0.9081877661097159,-0.1058044934939829,-0.4175085078348774,-1.1119318501653626,-0.14116161197780186,-0.546376580200358,-1.1754549836355703,-0.1663257776115264,-0.6512469363164558,-1.1905165079075737,-0.18064959296895333,C
0.0,0.0,0.0,-0.2771113329166227,0.027736950515218916,-0.011677857630219073,-0.5243797461918333,-0.11935108447980551,-0.03807732813175225,-0.7351467838681143,-0.13720929078820684,-0.08884130670043783,-0.9177787187028807,-0.1566963699007747,-0.1353923909959948,-0.43682234867328096,-0.8296406575030629,0.11458391139176313,-0.583876657121925,-1.108715740967558,0.06158630461494078,-0.7285718981140171,-1.1613438527227733,-0.007966424217497079,-0.8516820001901718,-1.1199895106414712,-0.05432119781478506,-0.3973581108980872,-0.9155918655583771,0.06162846279791623,-0.5760822433279149,-1.237797157926857,0.01828924793973274,-0.7442413112553354,-1.2683647506179285,-0.03888344482162002,-0.8773677499089391,-1.1788988931950166,-0.07456229748204164,-0.35643467767817144,-0.9386288875262372,-0.012254699560273393,-0.5410012627221193,-1.2777605038187283,-0.05219097840634936,-0.7180101167267441,-1.3026721099120613,-0.09073868609121884,-0.8579691656724932,-1.2228920390655698,-0.1124782060347247,-0.3260837705859684,-0.8951750679327577,-0.0948655991232503,-0.5274040921606138,-1.0963625725769672,-0.12910977710510974,-0.6786503417058258,-1.1508025908050903,-0.1538315501236421,-0.8001270940026307,-1.1477300427368369,-0.16856244003404852,C
0.0,0.0,0.0,-0.2586528469076572,0.042830211903718204,0.018552001432199868,-0.4937815330944313,-0.0761409090305353,0.0058609075734415575,-0.6946980192552946,-0.07949295593943657,-0.037612534692788635,-0.8675280197418318,-0.10462699450972783,-0.08373228429446058,-0.3826531860682569,-0.8546170002656027,0.14278213850459662,-0.5423159066651031,-1.086407270416532,0.12059853827810026,-0.6916874615871769,-1.1382383065066335,0.06868265000322218,-0.8256710521743467,-1.1318567621902098,0.02736904535487113,-0.3583753098087872,-0.9300663218421142,0.08089359860048569,-0.558509814304831,-1.2214278117361148,0.06871320288776392,-0.7326313041427517,-1.2288950909622063,0.02181066004626488,-0.8676000481447198,-1.1443562727830072,-0.015208274620050827,-0.34710128644520494,-0.94061647410496,0.0035792933498581068,-0.5425922546809641,-1.2576975561791834,-0.007872943029818114,-0.7119109422681505,-1.2646994487025516,-0.03845144767181801,-0.8488192877646193,-1.185829710627545,-0.06319134327030523,-0.3496004711493931,-0.8869083950535432,-0.080512788658354,-0.5448310179683361,-1.1103938764412158,-0.09602278517783204,-0.6843930792245914,-1.149650360395272,-0.11086447433963802,-0.8035191616630659,-1.1304236552419131,-0.12252068227422112,C
0.0,0.0,0.0,-0.27224774386533945,0.07589340613269337,0.027311285599605908,-0.4902521284892616,-0.029404648793940127,0.0057680862795587,-0.6853651807019536,0.013877332561632304,-0.048178562148691366,-0.8766809041711479,0.017659324169381117,-0.10732113660932258,-0.3945516149104863,-0.8573515850206378,0.14201767365566523,-0.5729562453702365,-1.0911041406316537,0.12538665879201855,-0.7323901535200845,-1.1393115335820543,0.07786726418942612,-0.872135999610855,-1.1424462980611945,0.03920790467785577,-0.36456269427848825,-0.9283067255780657,0.07307985486397302,-0.5901185002733899,-1.2129310997889857,0.07005529866028652,-0.7766129586028897,-1.2208468146509943,0.029898594213421423,-0.9161823545985667,-1.1559916181508503,-0.003279475251338428,-0.36061126383770264,-0.9171675829854918,-0.009027148180643941,-0.5830581593822981,-1.2255575063453361,-0.006819995125336054,-0.7607217870834313,-1.253299755692042,-0.020814338963520824,-0.9046158171564533,-1.213523989636655,-0.03666570468169964,-0.3844412289567728,-0.8350407266805182,-0.09778299014550199,-0.595316766816591,-1.0768010199680367,-0.0990580356225988,-0.7297144806376984,-1.1438482583366143,-0.09631273396976156,-0.8435392527009894,-1.1624238668160298,-0.09658764299881528,C
0.0,0.0,0.0,-0.25686648273565166,0.13450222074488036,-0.017513975707614735,-0.4863780283585312,0.06431616539924094,-0.07017015425957028,-0.6905421425196823,0.17535790473436888,-0.13815919996826892,-0.8671903046547095,0.31264293685198846,-0.2155468590670905,-0.43696174555396733,-0.85594541125249,-0.034881930439957624,-0.5988981773526162,-1.2371279067212473,-0.08660986017509274,-0.771429357556059,-1.4380337303324375,-0.14175499068741243,-0.9298946762328604,-1.5660045677892434,-0.18890528463031345,-0.39047037512841015,-0.9158242095810156,-0.09380246954311258,-0.5901997537189618,-1.4039867239557537,-0.13839891318196676,-0.7970343470916476,-1.5788201378232394,-0.18958828226200036,-0.9581597834482765,-1.650731305963717,-0.23191164432403508,-0.36693423809032083,-0.8669487000503032,-0.1573470092091013,-0.5873231951545879,-1.34382750639611,-0.20325551263824732,-0.7882079667648495,-1.5002874575157121,-0.2522062255082142,-0.9454368093246146,-1.5492387871435187,-0.2897354466478601,-0.3885469130123236,-0.7136358586007581,-0.2242194816644506,-0.6071864159056788,-1.0252589246890138,-0.26896555075521666,-0.7636927472148266,-1.186701621278386,-0.29808529930910904,-0.8955841909070555,-1.2871671971782896,-0.3212555961552813,C
0.0,0.0,0.0,-0.28372721141085144,0.08484828013829036,-0.006362453095395277,-0.5062470600983894,-0.004965864121561005,-0.047600763396165514,-0.7019867442684116,0.08057143002853981,-0.10907006001476598,-0.8628493274393311,0.11205469908684144,-0.1765243492990781,-0.44159418938338907,-0.8400978512052781,0.030757767939722194,-0.6021240897295381,-1.1709453003039065,-0.026503871925398513,-0.7664942213487164,-1.3064026814524887,-0.0920069363898437,-0.9054645521147178,-1.3520590563202584,-0.14120577570988685,-0.39636640458737277,-0.9175497410998371,-0.03156177945080154,-0.5861751670866647,-1.3316106678116997,-0.08440924311172959,-0.7800037132391822,-1.4212051158665142,-0.1499639813461614,-0.9307989550277905,-1.4089043180476142,-0.19579345821136315,-0.3559710604369017,-0.8971832459939535,-0.10361247965688977,-0.5541714880808833,-1.3223034315055535,-0.14635040758234052,-0.7438298937089539,-1.4097562429995052,-0.19417318045202203,-0.8904620018952695,-1.4109761773420264,-0.22844983931466728,-0.3436928891374574,-0.773567709263184,-0.18022126711742611,-0.545732526211654,-1.0386913963776083,-0.22017802173432,-0.682376412844981,-1.1685861572011802,-0.24631845790861379,-0.7913285051930472,-1.2539438989710847,-0.2646012877861434,C
0.0,0.0,0.0,-0.262280395303299,0.05718356452663903,-0.016110878493810005,-0.5043974545015643,-0.07116260487417699,-0.055900807314601335,-0.7083890752951041,-0.03244552029407201,-0.11498884061856587,-0.8789587155977969,0.0037551303348559236,-0.17355909381047088,-0.44004323019093583,-0.8489740816882179,0.041019339690979414,-0.5676984280516556,-1.2311591386615193,-0.016440935505581157,-0.7123511813177079,-1.3685499446696516,-0.07360761238779467,-0.8305856841093224,-1.4051368446576156,-0.11265621959396457,-0.3853712194674964,-0.9226281456386287,-0.01569484251466288,-0.5298887639278216,-1.3854867852927946,-0.06875487935931275,-0.7073056824441182,-1.4836849793605522,-0.11515567170668345,-0.8455051576788609,-1.4466713534920927,-0.14039349153478303,-0.3308493450612445,-0.9202179266728424,-0.08759091837938274,-0.48725636533219024,-1.3824720021128651,-0.12588935085321942,-0.6581358950314489,-1.486888078838904,-0.15841852441914692,-0.7950751438179064,-1.4771688335405924,-0.17849211603821358,-0.2909650439119534,-0.8295717616001327,-0.16740664460687193,-0.4539645699653291,-1.1078382298735632,-0.20427237687320704,-0.5819823341140179,-1.2555624621563413,-0.23048756295496703,-0.6936777256834259,-1.3464476109461803,-0.24665667735769248,C
0.0,0.0,0.0,-0.2565183167109963,-0.014164446196469532,-0.024852663837460414,-0.47844505566229695,-0.15012273601754106,-0.06669173018524771,-0.6759605775655205,-0.14015075672943125,-0.12790801385061829,-0.8355972197795939,-0.14398659595690527,-0.18859641534024962,-0.4320546968503064,-0.8606063895448158,0.04686147950973439,-0.5154791669959181,-1.2459586783623566,-0.013967498143903538,-0.620763031487668,-1.3799969569117387,-0.07830330785080208,-0.7252050036535732,-1.4182267122224057,-0.12143586037868241,-0.372710700339047,-0.9279457485791585,-0.0018497423178182686,-0.4754084912298872,-1.383241379853169,-0.06908151476018598,-0.6169658879323136,-1.4872990098703192,-0.13309353622457856,-0.7462144004993011,-1.4344787637840013,-0.16672478152687437,-0.30342897543864855,-0.9245964812828636,-0.06587735623433948,-0.4189969991679052,-1.3611888993322991,-0.1097866982342957,-0.561191044259596,-1.4751523599548142,-0.1507829489853453,-0.6897710106535448,-1.4672776599498605,-0.17378896407526961,-0.23888851620187315,-0.8388907966829058,-0.13839633034303464,-0.3432062961768541,-1.1246863112110146,-0.17091252586376343,-0.43856367494095905,-1.294163158262196,-0.19875280369080423,-0.5288574112595259,-1.4098498835802518,-0.21680020044191023,C
0.0,0.0,0.0,-0.24205476295311304,-0.047431908247870226,-0.043887704789658366,-0.46565046615197203,-0.20689929004295596,-0.0916792184545483,-0.6437529627717774,-0.2675741026091156,-0.15230242782552825,-0.7898634760288527,-0.3091977654518961,-0.21160719725544166,-0.4291253267114672,-0.870463164002919,0.0015563466604790338,-0.5069581730200778,-1.2704088037116443,-0.08519535025462852,-0.608566313442892,-1.389256979717766,-0.16550690196800083,-0.7146190584348243,-1.4050402381889853,-0.21466494241623685,-0.362547167563761,-0.9313368244834883,-0.03422383164559941,-0.4612551150847104,-1.3910235561167972,-0.1255640885598335,-0.5951256091570409,-1.478437780456754,-0.2010086558147469,-0.7231537995517214,-1.4259703566108446,-0.2409776433328602,-0.2853818633973321,-0.9322776187662885,-0.08554740308596628,-0.3889572620405712,-1.3812822351977738,-0.1525313714634792,-0.5257565055663748,-1.4889298242990199,-0.20630622362146625,-0.6544784367744372,-1.475293022959235,-0.2345216685306839,-0.2020129758774021,-0.8619585513579021,-0.1444957641554549,-0.29541202466633804,-1.1802899595503324,-0.1926383441079702,-0.3866585906294635,-1.3638810777865849,-0.23178479159541346,-0.47637017644696783,-1.494441762732835,-0.25678192623771756,C
0.0,0.0,0.0,-0.24482490246881802,-0.045161087225495423,0.016989905313493446,-0.46669808422089326,-0.24318329676723535,0.004578336692254117,-0.6334297537199955,-0.3296866895090178,-0.036841124057759925,-0.774898892398096,-0.4217285305845764,-0.07640824227955607,-0.40560067863208843,-0.8660153755124411,0.10756960043924801,-0.5081184506601654,-1.1720506392765027,0.0449557499520117,-0.6298415360614582,-1.1971324926631781,-0.022520731016335314,-0.7337015940930494,-1.136179060366104,-0.06648466667012161,-0.33609828286876564,-0.9410414862565264,0.03845601899280704,-0.48158394036231134,-1.3068287678473491,-0.03477188359270329,-0.630348932060861,-1.3049870987206327,-0.10320256524171201,-0.745777257007006,-1.1874557814916853,-0.1368733818556691,-0.25916820934750234,-0.9538817326479325,-0.04611021246253943,-0.4102525409862663,-1.2973790020082434,-0.11038275659450565,-0.5682380268726378,-1.2844805976444147,-0.15767282140798153,-0.6934224163126479,-1.18710579973764,-0.17599901240806007,-0.18132156618085848,-0.8959631125918097,-0.1343883401590273,-0.3342002651287685,-1.143811971146727,-0.18202388756118207,-0.46610823314058913,-1.191651168382315,-0.20956658246597465,-0.5765840836351008,-1.1764507422300599,-0.22129618928902442,C
0.0,0.0,0.0,-0.23114498819983512,-0.07145739683599223,-0.029874630391944997,-0.44425968580226705,-0.26965149999633914,-0.0663576582893352,-0.6281320825820519,-0.3060784915726517,-0.11852601216348933,-0.7804179876410087,-0.2943393517241142,-0.17041205525556455,-0.3790723053805935,-0.9003418200508789,0.043450595815630065,-0.45279844845539535,-1.2581687127540924,-0.011103906600889989,-0.5413891554109251,-1.3908369175179,-0.07475190571444575,-0.6412206251166058,-1.4463155286960019,-0.12160506660556536,-0.3090454080957398,-0.9510472663463552,0.0001814113074127419,-0.38870661295709846,-1.3740944697134432,-0.06411876276214766,-0.5018772882349833,-1.4900135914747388,-0.13021846755719005,-0.6214219313633887,-1.4699950760674254,-0.16995468736738165,-0.22875508815949458,-0.9390117543180078,-0.05854522327427034,-0.3108017695958235,-1.3558235917495112,-0.10925558069145547,-0.43240946782331985,-1.4847040814159647,-0.1615216578240072,-0.55746918927618,-1.5003068725173798,-0.19354774677526312,-0.14962568213487595,-0.8572806134114267,-0.12487492138987231,-0.22656178658005607,-1.144762365071201,-0.16610175687432516,-0.31357405364261853,-1.315280565646138,-0.20388437163483117,-0.40674747072177514,-1.4199721950533934,-0.23101171843656024,C
0.0,0.0,0.0,-0.23621055390568324,-0.0931057550436521,-0.026447366001995043,-0.4502220819277015,-0.2891394572168379,-0.07127045721312514,-0.6306166967979238,-0.3511441955062662,-0.13411200348273758,-0.7786905822226979,-0.3869491993041373,-0.1961854223026239,-0.3814193252971532,-0.8930427892049565,0.01658483875649848,-0.4696574453247932,-1.265465554476181,-0.0752403703059686,-0.5813107352799499,-1.3391462697097833,-0.15786356621949152,-0.6897022815366938,-1.3105124628068363,-0.2068170919465137,-0.31359284862635184,-0.9491406513828404,-0.028134483875971145,-0.43642645589598844,-1.3846127490100841,-0.12392720336774661,-0.573684790748423,-1.4296391376183477,-0.20159643167547495,-0.6963366519054489,-1.3464368888399922,-0.24101650712455366,-0.23368446137276114,-0.9416260996300106,-0.08717314647780501,-0.3629816537440431,-1.360354358689136,-0.15996772992646818,-0.5072230667941974,-1.411129838214405,-0.21297318391005407,-0.6351853301448019,-1.3621620060349702,-0.23741953361359197,-0.14976389485900965,-0.862673854968851,-0.15149647798005547,-0.263639687417047,-1.1452072360925296,-0.2019601628726189,-0.3639533454428826,-1.2735505800018343,-0.2351308995140907,-0.45767928041918854,-1.3521782052037936,-0.2536604000111953,C
0.0,0.0,0.0,-0.22541089527416136,-0.09663218379582693,-0.052480690142244366,-0.4345402009609599,-0.28083529567579496,-0.09633316827379618,-0.6145297448245407,-0.3226567196819912,-0.14971190950124116,-0.7599533055294451,-0.2914346755913451,-0.2054345667895292,-0.35945711531941493,-0.9004667661446636,0.004482064452774546,-0.4333221840767459,-1.2407575471244214,-0.04467258495206711,-0.5092644153347781,-1.4060767651291763,-0.10476628498645281,-0.5997882298283668,-1.5230247927940976,-0.1526885967310093,-0.28995384401514096,-0.9568339350193268,-0.019889422723499306,-0.3731783339464063,-1.3425120575306924,-0.07152380723892963,-0.47289017932778,-1.502373360405964,-0.13119729403861966,-0.5872504087105778,-1.5797771631653699,-0.1755114806570681,-0.2069565742071918,-0.9413290871839868,-0.05812208262619938,-0.28702801922982224,-1.3244797515210838,-0.10374957702519957,-0.3863090728108744,-1.5058101866703284,-0.15628575092841648,-0.4977134902032377,-1.6017919162934005,-0.19388729863422244,-0.12090646063940917,-0.8614531684906477,-0.10497271367614067,-0.2033442130836131,-1.1483012644897754,-0.14461554742205587,-0.28363995264857284,-1.3214865164738583,-0.17770677872751653,-0.36769286959596287,-1.4466459185737701,-0.20452228835584754,C
0.0,0.0,0.0,-0.23561910347078252,-0.06245157627580613,-0.04921999515501725,-0.4607150723562926,-0.21757241121792806,-0.09436919355832335,-0.6581890937045839,-0.22356181886487347,-0.1509939158027951,-0.8147146292927391,-0.1774161156460015,-0.20730430004188807,-0.4200729667762022,-0.8674547535483531,0.0162724670785454,-0.5229879685107833,-1.2174918601301465,-0.04412062614820534,-0.6200909932083966,-1.3776762148178525,-0.11041124010571216,-0.7262892109343645,-1.4687765870483387,-0.15831650519057247,-0.36176477009677255,-0.9321711940751821,-0.013532038031217802,-0.4780030613247925,-1.3150415851310484,-0.07038003623759809,-0.5929840942446477,-1.466941054893008,-0.13013569808859965,-0.7120985106701765,-1.5271856192927347,-0.17067654639364738,-0.286825577510295,-0.9388477080068222,-0.05945246607004063,-0.40431063115124144,-1.3082228768091586,-0.10310227039151755,-0.5256164405611263,-1.470937991760586,-0.147222937441779,-0.647774166801171,-1.548327725982894,-0.17665925353604345,-0.20659195548299525,-0.8821155199778478,-0.11543102695447055,-0.3023330128223303,-1.1691259002150136,-0.1474995792519834,-0.39135494789340397,-1.339047321905338,-0.17271774811519158,-0.48411242206017335,-1.461495809433705,-0.19175292878743488,C
0.0,0.0,0.0,-0.25815948926410376,-0.13275654637144121,0.040358385445792004,-0.44675091837698294,-0.3275141842643345,0.026108720891903896,-0.6179522060096835,-0.36516145123189975,-0.01900381737748446,-0.7637026459929429,-0.396016079916223,-0.06769001700565475,-0.31866415928752134,-0.9202553580009005,0.11154759299483233,-0.45268304266282816,-1.1623269385452304,0.07272882212793902,-0.579078971098081,-1.1977018005291475,0.017883477445295136,-0.6988242107926952,-1.1899046047297335,-0.021597124209482996,-0.2663546507454595,-0.9630391485182446,0.04013475361228404,-0.4643713972360754,-1.2484779674669855,0.005138422593962609,-0.6227185366141169,-1.2396977049594795,-0.04473762733331853,-0.7426127792447558,-1.1544657111586638,-0.07819150037418046,-0.22267056068345176,-0.9313610361519863,-0.040651377483439506,-0.41281638137154664,-1.2130193464361905,-0.07083874412918192,-0.5754369954887093,-1.2273393882204826,-0.09627020872287352,-0.6978938241167189,-1.173591207839023,-0.11010788518695151,-0.2006875579932944,-0.8389194823911671,-0.12367764291029289,-0.3561020286378922,-1.0572189229203217,-0.14646996739090662,-0.4784237406981752,-1.1470954660797816,-0.15641297904867943,-0.5767288685775266,-1.1888645598279106,-0.16077176954064828,C
0.0,0.0,0.0,-0.2299293757608549,-0.05512183314236684,0.027506962791965607,-0.4488346589993868,-0.28717735894254426,0.018560134476400675,-0.6274979614657222,-0.3525934769820047,-0.017249230411506944,-0.7917030781897976,-0.347865374310761,-0.056132074753516725,-0.3466001460052381,-0.8973030436554073,0.0871169950495069,-0.47127527268257563,-1.0961673983459137,0.053436787159667175,-0.6012353943598923,-1.1294845440738364,0.021078763121532933,-0.7188600540073922,-1.1018624104624146,0.0005916342963425992,-0.2804704382877755,-0.9594365121229829,0.028599168728279455,-0.46935218961628256,-1.2378183757562091,-0.01720149025699272,-0.6261116696104743,-1.2025163588672754,-0.039386052034149716,-0.7630037074076147,-1.1126167368484634,-0.03584596753366469,-0.21494787569327375,-0.9203808399271962,-0.03804113664505628,-0.3923084886802091,-1.1876905282508972,-0.09134225537482149,-0.547383129537095,-1.1752577585377166,-0.08459633169907999,-0.6846454390589606,-1.1177137407136808,-0.0538791256360373,-0.1721959962713056,-0.8026633268212751,-0.10573226435037031,-0.3474453066353942,-1.0361821226205823,-0.1476137639487166,-0.46912490993330813,-1.1170887786909491,-0.1401361767206862,-0.5730106840613484,-1.152619103160921,-0.1138589549292674,C
0.0,0.0,0.0,-0.2679864267614027,-0.14707965730790637,0.036349873146438644,-0.4621166676460981,-0.3585515877663365,0.009550332596538138,-0.6335441925460449,-0.39218373455190786,-0.049910765695001344,-0.7834610721556794,-0.4056045225673749,-0.11294279316286407,-0.3362537525973314,-0.9404332703704316,0.09523214778702307,-0.47327534281123557,-1.2387890500265395,0.021614872010568015,-0.6060442737252842,-1.266046557627189,-0.057282452544236924,-0.7336746040423107,-1.2107173134683293,-0.10754881287448012,-0.2820399292223782,-0.9592985532577653,0.014133790779342093,-0.48217637245211736,-1.3073822555434325,-0.06290875583118706,-0.6377966167234754,-1.2975533152525325,-0.13859556082300786,-0.7542174854315777,-1.1816806344781734,-0.18313367025236293,-0.2355625741175883,-0.9108574556598924,-0.07899831562606555,-0.4181410151426496,-1.2591776911050472,-0.13572643534724596,-0.582983466287355,-1.2740647025624283,-0.1808316012849455,-0.7117287471434378,-1.1995797993214363,-0.20437261688550773,-0.20739514273242837,-0.8008107558918621,-0.17408064865891018,-0.3465897343976105,-1.0489121738089746,-0.2108772346859657,-0.4606457417556853,-1.1657113544988023,-0.23619211672632187,-0.5610178591047874,-1.2410229481858766,-0.25247103824418493,C
0.0,0.0,0.0,-0.2797005257546657,-0.13467611757961073,0.05378005082549258,-0.47405463031958933,-0.30778377267624885,0.036072320501865825,-0.652300109786691,-0.3345371329602794,-0.02061069601011616,-0.8132147473222007,-0.3559563713058146,-0.08339356761786586,-0.375855067531553,-0.9071528897321363,0.14389751305746667,-0.5215797996050116,-1.1768119133060664,0.09280010270362335,-0.6430708328724825,-1.1954675875066927,0.022088096815528778,-0.7632834635352139,-1.1477116804212424,-0.02616629552841102,-0.3217286578744714,-0.9452337951261462,0.054988573846881744,-0.5312886538111782,-1.255637728933532,0.00018229299586279706,-0.6814273776659144,-1.230472850885659,-0.07407489156049193,-0.7949299227186646,-1.0989768714516188,-0.12205583558845527,-0.27735482858841154,-0.9197986846777311,-0.04545415515650168,-0.4726391720475893,-1.228719455183664,-0.0841483141354304,-0.631681107275384,-1.2271544816382889,-0.12529796321303233,-0.7508889764940816,-1.13700311913956,-0.15016420742331196,-0.25286441487908157,-0.830071771591076,-0.1482935327401769,-0.40194313186644554,-1.0569413340942169,-0.17044325957297565,-0.5212238780265681,-1.1687901602938888,-0.18884301228857353,-0.6217496257675094,-1.2342462308431201,-0.2030975804090572,C
0.0,0.0,0.0,-0.27661256401456963,-0.09669420724631946,0.011430700014090684,-0.4766587691795914,-0.24717398151121767,-0.030805734871620617,-0.660520276827092,-0.2527195893467716,-0.09881565720902001,-0.8131601301015672,-0.27227780609368313,-0.17098500250831727,-0.36309908512689365,-0.9311959791879009,0.05639475381424527,-0.5488837766042445,-1.1807310238398057,-0.013378641091780778,-0.6856438819215824,-1.1474645590362054,-0.09013309417683776,-0.8083652397938156,-1.0460431626393625,-0.13843711190047897,-0.32753066323639507,-0.9448327583707853,-0.0038371016901397577,-0.5810541891076074,-1.2269865737986176,-0.06874282524476234,-0.7337851740267688,-1.1573793052064034,-0.1425072613201037,-0.835870277246733,-1.0018652728900237,-0.19135251300167636,-0.29769128988225274,-0.8862035562112507,-0.07385573437977146,-0.5145589366661688,-1.1788715379683214,-0.11552536248320212,-0.6759660309311113,-1.164054639309094,-0.15774451057750327,-0.7897395328995068,-1.055506607008421,-0.18546024580582882,-0.28197496663160715,-0.7665681936971889,-0.1472644891797364,-0.44290544474966387,-0.9863984431214065,-0.17222739233166728,-0.5630235459500479,-1.0930715654608618,-0.19186236158617545,-0.6590016515646085,-1.160231584395709,-0.20632528621660007,C
0.0,0.0,0.0,-0.25398396224796116,-0.17898900671921245,-0.006910856104590925,-0.4489566869740856,-0.35033090129394157,-0.058084815572509114,-0.6278207821433498,-0.3780051228266029,-0.1301773144048231,-0.7643894657447684,-0.3996091841648492,-0.20344389936840948,-0.32273086008606894,-0.9382727692278754,0.02708753889258497,-0.479100730019622,-1.238543337631062,-0.053262266555830204,-0.6109694474501549,-1.2151131776591864,-0.13319160879172226,-0.7335263921346383,-1.1259989330161644,-0.1823756302278822,-0.27806212906920713,-0.96031954505768,-0.02162923386784922,-0.4897321910361534,-1.302362655201402,-0.09945896570646748,-0.6323160196367029,-1.247080839145122,-0.17132169084182827,-0.7370879496129453,-1.1052704926241705,-0.21492732085145932,-0.23493382352029876,-0.9073183794124583,-0.08037563325634307,-0.41074254610229166,-1.2381798765868084,-0.12668351129611805,-0.5613939923358687,-1.2460409617654087,-0.16277331029837286,-0.6766659330874515,-1.1591754632296225,-0.18364708155844153,-0.21120604036082094,-0.7899412055528132,-0.14400791466392499,-0.3524613872785277,-0.9989233017386986,-0.17055146401584453,-0.4606965688923235,-1.1173608709402327,-0.18881735437056943,-0.5467450692309305,-1.2025992499810707,-0.2008660908059797,C
0.0,0.0,0.0,-0.26333107222530594,-0.12993053681616282,-0.008315809642024217,-0.46187577561373544,-0.28163877267308557,-0.0633950153297714,-0.6470610893798258,-0.3029691061629054,-0.13998170017904363,-0.7952589751107585,-0.3221950955439756,-0.2189375798060397,-0.3409426976753178,-0.9391860126036885,0.03222098162181355,-0.5345309266333628,-1.2069049058635541,-0.04406438238228973,-0.6765074456592767,-1.1660331179730363,-0.12592436606757643,-0.8000050617794392,-1.0606517074532489,-0.17840275928745797,-0.3086173878008439,-0.9510211405600247,-0.017722814530795796,-0.564774050755364,-1.2662424182689853,-0.09125326617919627,-0.7144206264951023,-1.1869178352558325,-0.16803362526683577,-0.8103982638567807,-1.0248153477152182,-0.21827647358422222,-0.28094183405670964,-0.889873640315545,-0.07738198937112611,-0.4853708638888917,-1.2236477598664657,-0.12031658174130735,-0.6429657586481226,-1.210495375940925,-0.15732383567418642,-0.7511148644898367,-1.0985863469077848,-0.1811662999175828,-0.26756238529079335,-0.7655211781348008,-0.14233956795490743,-0.4136827501863644,-0.999538844218318,-0.1679126289792705,-0.530880162502333,-1.1149307003664932,-0.18572507558639292,-0.6216288942743474,-1.1893802117528476,-0.19848082493457517,C
0.0,0.0,0.0,-0.2582215901854285,-0.17669666541650722,-0.0052974387419503464,-0.46125171565334133,-0.357962447144266,-0.05788465510664628,-0.6540284902413657,-0.3808084804397408,-0.13284450324258304,-0.8005918911819192,-0.3912716641859673,-0.2100719904887805,-0.32070661043246246,-0.939447717600492,0.03487691564926194,-0.496774003119564,-1.233174542096698,-0.044013734225753665,-0.639182532610937,-1.2203007649532778,-0.12697272631460133,-0.77375609712111,-1.1426963719146719,-0.1801008156906587,-0.2869000285127456,-0.9578114814492007,-0.01689791831775124,-0.517472694046604,-1.3251007623391047,-0.09560156227374232,-0.6662986308559501,-1.2678595309240455,-0.17267811921245504,-0.7772525586613827,-1.1162602541261826,-0.2204953929502021,-0.25636494200319077,-0.904541037752358,-0.07807903566520796,-0.4446385542056586,-1.2637737755750795,-0.12237162122003963,-0.5999946072676418,-1.273202815318584,-0.1575108197133199,-0.7202173203293162,-1.1761832354034936,-0.17849167824883436,-0.24540913664072816,-0.7902527098507837,-0.14460743953432975,-0.3889921880965338,-1.03248657153459,-0.1673125301940726,-0.5052581173557216,-1.1476116334010182,-0.1810671705771163,-0.5996458645920487,-1.2178277186093214,-0.19079603810911333,C
0.0,0.0,0.0,-0.2805622777780828,0.07596135566932663,0.11527166379618119,-0.5295968219369286,-0.05014778237262348,0.13347365779882897,-0.7233358992366262,-0.0277576153702799,0.10278492481864412,-0.9236009757749986,-0.0068480102120510615,0.06048689908021619,-0.4168489685978025,-0.8404953478218814,0.2393209177764859,-0.6563679462756103,-1.0409075823271663,0.2672730159481546,-0.8147443503442724,-1.0378199596745004,0.2593526650324004,-0.9383651265082775,-0.9845788659383842,0.25003760689514004,-0.3876333965237983,-0.9121069355495904,0.13342146761956664,-0.6714439281839439,-1.1488552116489477,0.17555960128674786,-0.853856183415956,-1.0954828284550673,0.16818851037160606,-0.9848583612834764,-0.9630075738892567,0.16423068337823143,-0.39202597949953283,-0.858956861186702,0.021426531064293125,-0.6822662514230484,-1.124768162088157,0.0644239968978727,-0.8493366523670355,-1.1046789289123093,0.09159793463139522,-0.9889156097262669,-1.0365178437068452,0.10462774900780711,-0.43835513987825553,-0.6917601109811949,-0.08993515279778315,-0.6980405974368215,-0.9240411023494877,-0.06449941562765965,-0.816616684720849,-1.0002496175339441,-0.030439410393783894,-0.9142186448896393,-1.0493168442553218,-0.003871897538224453,C
0.0,0.0,0.0,-0.30619567419865984,-0.11229340195309952,-0.028198288655653807,-0.4712266347156118,-0.24909014081682995,-0.10721826445662334,-0.6327687573513283,-0.3256669468595718,-0.20071168448914156,-0.7701845867195425,-0.370281962216931,-0.31291759017282633,-0.3270548085107862,-1.0047583104394635,-0.12628476140525624,-0.4099743317687455,-1.3874651869816526,-0.2163282809506678,-0.4080971659927172,-1.6470914713612088,-0.3033473841091576,-0.3705301668262267,-1.8885753724527141,-0.37741360526560275,-0.2531592280232319,-0.9528705210914058,-0.1671770776801477,-0.5964790172095817,-0.9971172557546287,-0.26230501713505155,-0.7077495224951735,-0.682748592183655,-0.2883764778469448,-0.6914393060558929,-0.4770736532216156,-0.30584260423016035,-0.22212275738414528,-0.7841257280569293,-0.20850021427669654,-0.5786163377799067,-0.7948264729588356,-0.2769831047199572,-0.655914547677529,-0.5312308095222222,-0.24031491471860522,-0.6171951023003202,-0.32403111743552093,-0.21453414115588593,-0.21606519126586685,-0.5608955233893235,-0.25682669378698775,-0.5071821986133543,-0.5660801103188005,-0.311144573229754,-0.5747352987221506,-0.40690564176622235,-0.2879671948408006,-0.5426676421394825,-0.2659545545707594,-0.2636915465811827,D
0.0,0.0,0.0,-0.31158619016286787,-0.11748565763130105,-0.009639921687967385,-0.4715346958368163,-0.2684058645437786,-0.07794523503007417,-0.6341540742091476,-0.33802521530000407,-0.16271848774077816,-0.7739837643096789,-0.37785370050124445,-0.2666712810673291,-0.34219628979889855,-1.0078798053974756,-0.10137817398360954,-0.417753556584186,-1.3825086255641614,-0.18396865250723501,-0.41904058792945137,-1.6443382404504612,-0.266252948770625,-0.38681204166580024,-1.8910481813731974,-0.3364909354985601,-0.2641775520110446,-0.9526509914288861,-0.15055334450955343,-0.6059303059345524,-0.9971261214595646,-0.23803733632698332,-0.7167546812737405,-0.7046025520399217,-0.26422267684500333,-0.7028894153316284,-0.504237399146225,-0.2816733874027439,-0.233330256078403,-0.780021081368701,-0.19881057184516818,-0.5907252460151581,-0.7956972362168161,-0.2671563027398803,-0.6695877148203511,-0.5313637517843649,-0.2319961768999488,-0.629552890040331,-0.32520601564711654,-0.20455305708739366,-0.2294814105107536,-0.5560700897736658,-0.25132118279675486,-0.5292683215414146,-0.5757128639216106,-0.3055706198519667,-0.5942412630156662,-0.4101138101251199,-0.27872171268341034,-0.555393833003487,-0.2616352882282025,-0.24973924602611022,D
0.0,0.0,0.0,-0.3105288656005067,-0.1054309970403303,-0.02113410288791904,-0.48004530973382287,-0.22831720343436973,-0.10528887971587503,-0.6460796173192169,-0.31151000436465986,-0.19888710703647494,-0.8049762051143123,-0.385875921801195,-0.3111037367851986,-0.36033395447529126,-1.0247947793960739,-0.16491197374133637,-0.4408132207021899,-1.4243219915534933,-0.28698118472152495,-0.4477746461657371,-1.7124959081197821,-0.40401375933447176,-0.40669780915696546,-1.9813723266740253,-0.4956402763447814,-0.2605420460100399,-0.9432730208728044,-0.20580051106446787,-0.6209282933693309,-1.011950404482558,-0.30917443354451335,-0.7474110593544997,-0.6942411046072974,-0.3318631056682664,-0.727822455659,-0.4810681274797778,-0.34874432295737956,-0.21751949951541724,-0.7496511104695968,-0.24551561354475293,-0.5945105496742635,-0.782217927796572,-0.32333146986857914,-0.6866754633454565,-0.5076727794037947,-0.27431562817247845,-0.6296267745340569,-0.29626611092741423,-0.23861241892573395,-0.2067254198557519,-0.5204053200307369,-0.2891270050951571,-0.5258316128105298,-0.5322527647646342,-0.35029741514027973,-0.5968979010418152,-0.3503167606813842,-0.31554656091986805,-0.5348252122314918,-0.20469013939037659,-0.2803998210912555,D
0.0,0.0,0.0,-0.30227398935688693,-0.09106029381620634,-0.01928210196896796,-0.47844713365974056,-0.22875264295335523,-0.10289020349964043,-0.6470501603518644,-0.30668571172220677,-0.1975875276394683,-0.8030245125191029,-0.38180983399895935,-0.3104720307180769,-0.3422965022673089,-1.0296537500213712,-0.16114454751257304,-0.4269920313488709,-1.448899031316341,-0.2920120323401618,-0.43158474745225517,-1.755252330593413,-0.41320890794043097,-0.3888236139298858,-2.030804393559234,-0.5057694871998699,-0.24318634840212974,-0.9473471202175147,-0.20831186660010495,-0.6075679028463273,-1.0404501355292852,-0.3187753228874795,-0.7417834822108686,-0.7120190074699914,-0.33914090048013995,-0.7249189000210423,-0.4895158275175436,-0.35120427622712114,-0.1991784297021902,-0.750008066636497,-0.25629573593852417,-0.579242655420179,-0.8120164122649892,-0.3459892578586751,-0.6854181070122096,-0.5201021337648428,-0.2969129352584543,-0.6373067549797076,-0.2989591326571863,-0.2575994053490948,-0.18389427174925765,-0.5120089333478697,-0.30778959585049476,-0.5012646107977422,-0.5327553405735018,-0.38068513050948033,-0.585344652137513,-0.3289239543822162,-0.3460879662282483,-0.5344813230274533,-0.1691841692366318,-0.3084709800323117,D
0.0,0.0,0.0,-0.2902531556435361,-0.09812728489312571,-0.05126799879913495,-0.45947986179014555,-0.2602143853164743,-0.13996139211472147,-0.6115021961405293,-0.3477111843049186,-0.23838296333132147,-0.7478381006191154,-0.42616444837769785,-0.35350857453235174,-0.3104308396367717,-1.0274659202881633,-0.1615737983791706,-0.3918288337939889,-1.432821560727456,-0.2824519620735985,-0.3907797930136461,-1.7187750396527388,-0.3853469235912792,-0.3490455312179614,-1.9724375550292443,-0.4645532683936142,-0.21446626792825554,-0.9558509910223462,-0.20088081760716878,-0.55179673794286,-1.041468065490294,-0.3293744244811719,-0.6886213707967753,-0.7256091994299517,-0.3604595640622888,-0.6849924724861786,-0.5073991897477925,-0.37142588978969043,-0.16667955067308196,-0.7674850843059479,-0.24439104892349,-0.5158141756833847,-0.8307213346440344,-0.355632083873366,-0.6236557738998321,-0.5507458946869497,-0.3206608713426324,-0.5972932812411439,-0.3353243147078665,-0.28203861580147155,-0.14766806837208307,-0.5275830536572599,-0.2943107707034714,-0.4386525141030452,-0.5562800096724988,-0.38497558143729005,-0.524771964261334,-0.37658246545719537,-0.36353906138246855,-0.5000177948019636,-0.2256359515241588,-0.3300921638147772,D
0.0,0.0,0.0,-0.28306546547797556,-0.09740457066597397,-0.047853687483888276,-0.46178331385918786,-0.2537718563611974,-0.14599317300085066,-0.6238240834904882,-0.34588761809746593,-0.25457508335853735,-0.7626080771050004,-0.4334293915474477,-0.3812592596213207,-0.3042058540912883,-1.0339926498105543,-0.18869827375424122,-0.38135816300076514,-1.4712866079483278,-0.32515687321181613,-0.37778567946790875,-1.7711572422046526,-0.43856557757050313,-0.32552359812859133,-2.033074895516561,-0.5242594262793508,-0.20014735063089267,-0.9511522798068645,-0.2350539909332297,-0.5508211356497387,-1.055626772168887,-0.3770805417757915,-0.7050391003619938,-0.7363235713538525,-0.4065284258161776,-0.7053822034729399,-0.5100361368163092,-0.4137055166192645,-0.14866028819914898,-0.7500155720543216,-0.284261533389717,-0.5162146922870676,-0.8302679565940932,-0.40531305525657335,-0.6353421979970558,-0.5395451639366554,-0.35996820663051243,-0.6071996444782903,-0.3127324118114638,-0.31154130136129715,-0.13017888120882512,-0.4961908060080373,-0.33924417809646434,-0.4350477260479369,-0.558310285615889,-0.4371858090608075,-0.5337672103672692,-0.3668322948654318,-0.40674893907640897,-0.5089838819567751,-0.19485017333262755,-0.364143415160194,D
0.0,0.0,0.0,-0.2918721509478723,-0.1212355435149404,-0.030793045708704725,-0.4588341326766943,-0.27109496277278333,-0.11445702973869548,-0.622134137571059,-0.36050672466297046,-0.21016389527518126,-0.7635918678375662,-0.44141844614676995,-0.3218314562550365,-0.3071450157026076,-1.0183561073283616,-0.1375764691249082,-0.3789048927826273,-1.4260438902152353,-0.24671906403545982,-0.3782089468115504,-1.7086508732128505,-0.3425463358400777,-0.3407941066602559,-1.9578129541486342,-0.41745542652076484,-0.21475096011662975,-0.9590016736949456,-0.18492651237526414,-0.5606466914899395,-1.0578794366086457,-0.29584186895486164,-0.6923064524396086,-0.7644981980691875,-0.3186039293721082,-0.6848944729635211,-0.55736185748328,-0.3267688070002328,-0.17075328680197,-0.7817422213681156,-0.23453073262828436,-0.5323935050699103,-0.8460661119337279,-0.3274932451955522,-0.6347556443625408,-0.572741592279568,-0.28276180837095694,-0.6026331945298736,-0.36439638115117046,-0.24162821667563014,-0.1575290226505234,-0.5477680770622585,-0.28961197797582683,-0.4617418238555558,-0.599193476405022,-0.3631379857485823,-0.5486837003409714,-0.40969224151647776,-0.328826797453187,-0.5181193847373177,-0.24541698295789635,-0.28917436580688466,D
0.0,0.0,0.0,-0.29653628574655283,-0.09889572847966244,-0.02424199203710092,-0.46368452452884984,-0.2475883554627087,-0.0993230558752669,-0.6246232031795643,-0.3473826802744477,-0.1894577062915765,-0.7629916712388201,-0.42969808461843595,-0.2953699870601709,-0.3083898470622796,-1.013461480260904,-0.10552686122412976,-0.39649788500866995,-1.3936951999218887,-0.19948001859561934,-0.3949556347297318,-1.6627650964921568,-0.28534762752124937,-0.35437041928738267,-1.8939917938175772,-0.3533290096202401,-0.22765977120658898,-0.9619447283347317,-0.15110714146982873,-0.5805796388595178,-1.036572561703209,-0.2490349800503858,-0.7028565063278789,-0.7487020497797852,-0.27148337188971966,-0.6879650495345768,-0.5378500858846105,-0.2800941643140609,-0.19404717961599613,-0.7950237208088219,-0.19931098070977035,-0.555353946368306,-0.8466409885568329,-0.279533549283925,-0.6522663137819639,-0.5876479920654062,-0.2408340604133416,-0.6212840121558261,-0.37971098700355294,-0.20530187484296694,-0.1858278068863462,-0.5682615382568975,-0.25362032164355447,-0.4809588864819815,-0.6115145796472956,-0.319741043146401,-0.5691082392022604,-0.4448024132650054,-0.2933179149906412,-0.5518510077651313,-0.29082073946616244,-0.25943792675182054,D
0.0,0.0,0.0,-0.3183422521139074,-0.0734387354989839,-0.01649292727833066,-0.5092535079807053,-0.1985845183808578,-0.10214100267514016,-0.6959563483898047,-0.2568922838529242,-0.20516128113783774,-0.863263643390603,-0.31157167778495864,-0.33079739658869795,-0.38005347413752266,-1.0038796958383238,-0.13424214581793656,-0.5013572575343673,-1.4054011266856163,-0.24732134796460856,-0.49424063896977216,-1.7064648422791473,-0.3505728129513845,-0.4448884542692367,-1.9681464113886675,-0.4296321519890593,-0.3005467139431379,-0.9350518552501134,-0.1880151609081104,-0.6930646629075213,-0.9874646181446022,-0.29982220485703437,-0.8041715660431534,-0.6806001880806606,-0.33636958284024143,-0.7870320528632714,-0.45599407917791857,-0.35607259694837345,-0.2663849627181275,-0.755897156348629,-0.24150402984028987,-0.6778979046939418,-0.769159432444307,-0.3266111422773554,-0.7618699294087604,-0.48131036712881936,-0.2931892773998622,-0.7156993145024698,-0.2697994310194185,-0.26390992954020465,-0.2578002026191628,-0.5241336854072458,-0.29975427612581257,-0.5885656354983979,-0.5448630290030624,-0.37021460861329386,-0.6580376634465229,-0.34961589667530063,-0.34351094343003846,-0.612063883566873,-0.1936275792344379,-0.310121322332259,D
0.0,0.0,0.0,-0.2838878974679647,-0.06795341579294782,-0.02227183783206312,-0.47515929722160716,-0.18371386923825364,-0.09947762808007088,-0.6665143634744661,-0.2462104272346045,-0.19088618266709803,-0.8191990312248006,-0.26298543160983917,-0.30348643980901363,-0.3879352984583305,-0.9715912523809505,-0.11958300159118888,-0.5078445805232502,-1.3421064133962408,-0.2141974553068033,-0.502592126420124,-1.6234081150145754,-0.306322154902846,-0.4613242049111523,-1.8743247184712675,-0.37963093459295644,-0.32962850130736415,-0.930669195307971,-0.15874476378978553,-0.6987076877607157,-0.9061915955794752,-0.24973558924490677,-0.7805412470560043,-0.5929009733683618,-0.27749756566928396,-0.7490422259955613,-0.3727718395756984,-0.2930616583654724,-0.3010014293707988,-0.763575740497938,-0.19767282293047428,-0.6836443712417614,-0.7150115853865154,-0.2636995762332894,-0.7512785671607751,-0.4409167872930067,-0.23643744278288573,-0.7044770721113094,-0.2432730895236468,-0.21472186727006604,-0.29308657854490966,-0.5364139869342017,-0.24254511331540798,-0.6037626870143502,-0.4774903746074724,-0.3024945091019554,-0.6563222392575926,-0.3051072662815845,-0.2873343646998692,-0.6035904627436551,-0.17991772709226042,-0.2643841612734177,D
0.0,0.0,0.0,-0.3406571139864413,-0.04850032826965409,-0.007338289856370769,-0.5370548791719022,-0.1466151736426601,-0.09162982619525446,-0.7384528589309686,-0.1425546732776954,-0.1926593821830871,-0.9076960279257281,-0.11722886055728919,-0.321798031607672,-0.452987884670916,-0.9599091595204604,-0.1379801964630215,-0.5773089856888587,-1.3319287134660251,-0.24473480543639178,-0.5644089941922144,-1.63749680985576,-0.3546496625800667,-0.5211451308257884,-1.9077351164488998,-0.4410103235983752,-0.3797984230143973,-0.906545246726488,-0.18419791940569782,-0.7836826923548558,-0.8369522719783428,-0.28099121340966354,-0.8775583887037478,-0.5421541574879642,-0.3259982925474931,-0.8665317037077163,-0.3200983264683521,-0.35975690634452157,-0.35176338389916545,-0.7230139416304634,-0.22581987428650138,-0.7810127018804975,-0.6048503757054442,-0.28292377380257794,-0.8462219668904661,-0.3364752883638611,-0.2610756619370026,-0.8032166153688218,-0.14399638465316703,-0.25102225734043726,-0.3550973240631349,-0.48403295890455683,-0.27237755491418475,-0.6788470955554088,-0.39349955078781884,-0.3233556767800566,-0.7386832656128621,-0.20866803407205073,-0.3059408760911209,-0.7075750243299582,-0.07344296466038949,-0.2866676562898349,D
0.0,0.0,0.0,-0.33620906654010446,-0.03264024286703416,-0.001337761223308408,-0.5372444399257615,-0.1106873250927363,-0.08518876496818069,-0.7417838509618181,-0.08706220460951772,-0.18627928111882308,-0.913469605186317,-0.03516859357738504,-0.31561893927153173,-0.4783815561281977,-0.9413745328495011,-0.1292000047140876,-0.6085218856187226,-1.295007624836561,-0.2271817576829732,-0.5955767412288377,-1.6089133876960893,-0.33063569619504074,-0.5558451944344183,-1.8782206973504478,-0.41251498570223877,-0.4116133586938996,-0.894017444321906,-0.17693855485126792,-0.8106046462815213,-0.7665935734849286,-0.2618363055347933,-0.891938415724004,-0.48010011479608744,-0.3062510793469983,-0.8759883242654448,-0.27034598041993213,-0.34312143121916994,-0.38433180219673496,-0.7129497712832475,-0.2187783200131755,-0.8086065968878654,-0.5364054053928782,-0.2624308735506915,-0.8628351083090944,-0.2702073597682192,-0.24429385151635039,-0.8205873014494024,-0.09010061183550211,-0.24165281880564662,-0.38448785587158424,-0.4699529706195814,-0.265431585378866,-0.7109105293429874,-0.3322371490429496,-0.3068191287823393,-0.7742326117521453,-0.1506719319004249,-0.29161456266703817,-0.7563449241253224,-0.03212456279555023,-0.27677032589285294,D
0.0,0.0,0.0,-0.330797743092063,0.009217865791415772,0.000644477821854301,-0.5372651272595526,-0.06344628306023876,-0.08679741208543078,-0.7474502354034973,-0.01677284996300392,-0.18973572242510506,-0.9202851452047537,0.07706691866403804,-0.32381717460052295,-0.4996274516897232,-0.9250174512841832,-0.15549422209287742,-0.6455466420098046,-1.2828706679303692,-0.258775599535462,-0.6405771819755416,-1.6215381739032049,-0.3631069956668357,-0.6074455791231259,-1.909865288801394,-0.4434669526859712,-0.4441959983040352,-0.87236115665434,-0.2041468281688053,-0.8625656800482273,-0.738627577011611,-0.29698085078064246,-0.9374782904156516,-0.45796125797487663,-0.34738097307073335,-0.9249817379941586,-0.23049298351707923,-0.38636335731289756,-0.4195948541978492,-0.6836798763726212,-0.24293732726487605,-0.8690870448671998,-0.5023570095917761,-0.2902380119120643,-0.9147771818841266,-0.2466628396658645,-0.2777306126855431,-0.8779910174029026,-0.06739127342776025,-0.278846320953763,-0.42495509436428325,-0.42587301446326514,-0.2845009928464802,-0.7600974624907556,-0.2625877203541498,-0.32720514094656417,-0.7931638369374238,-0.08174181784338658,-0.3121183419692304,-0.7546182764079583,0.03276856692902415,-0.2968168574189072,D
0.0,0.0,0.0,-0.3044457725993954,-0.03171510005376356,-0.0037482082686621865,-0.5232337375345939,-0.11821110088316053,-0.08332010029633374,-0.7458328197246954,-0.04852858728035409,-0.17667180580551634,-0.9191159483960166,0.05727502920010556,-0.2971449304933991,-0.5038873249985972,-0.9318423792829998,-0.13671820415328353,-0.6320523832511965,-1.310512607781883,-0.24469554581105404,-0.6206800839488251,-1.6561757097333896,-0.3486878515231022,-0.5850973254435107,-1.9451839311416412,-0.42651714705381827,-0.456300088492221,-0.871665252864524,-0.17885725087515095,-0.8785665871170698,-0.7491872465162485,-0.2774033498798998,-0.9393149901474213,-0.45444896580409533,-0.32556302840845497,-0.9150550573974112,-0.22210885798512267,-0.3588482368917386,-0.4433885453364253,-0.6809557063348657,-0.21432645706366033,-0.8886050555304342,-0.49912282692787646,-0.27334563556421765,-0.9209542891646874,-0.2250739625476297,-0.26192656947419346,-0.8768492986444139,-0.04641400667593306,-0.2565902684772665,-0.45555783491069474,-0.4186842529159513,-0.25238856959831224,-0.7797587407175998,-0.2660305407428596,-0.30562759494886876,-0.8031083000513699,-0.07620820979889913,-0.29407931869070714,-0.7599599986084202,0.03758756497794578,-0.27602153040211563,D
0.0,0.0,0.0,-0.16665467287230767,-0.4111272246431598,0.03972308949363854,-0.3683141049988854,-0.6802188855933722,0.003768111247102119,-0.5899514781650629,-0.7047800625596118,-0.046269559660258655,-0.7558386359383931,-0.601506006037037,-0.11983160527710346,-0.4756326625560269,-0.9770068275581899,-0.09561707845662656,-0.6255683415513762,-1.4086741438479067,-0.20810036219336212,-0.6320211922242034,-1.769213364256585,-0.3065776661595024,-0.6054414071852179,-2.093064669135179,-0.3784717377730771,-0.47332387306845863,-0.867896707637808,-0.15073093927567335,-0.8840322165898036,-0.7522275858037913,-0.24403353286156765,-0.9282965902076701,-0.4931856027823375,-0.26991756763145175,-0.8901575941537336,-0.31642852326034715,-0.2885557395177686,-0.48275520267453814,-0.630787791123903,-0.1990391960134081,-0.9022463472245441,-0.4311988285422958,-0.2655851833911161,-0.9146728069389046,-0.1916765323476737,-0.24404515399413973,-0.8535728812188792,-0.04684461194834992,-0.22765686372748378,-0.49779225442386144,-0.33402673386876697,-0.24529902216374613,-0.8118696664601092,-0.16909441691348678,-0.3122603566248188,-0.8340297786771634,0.012036718148845847,-0.2998038250618063,-0.7987109019439672,0.10938260946173636,-0.27680189621345264,D
0.0,0.0,0.0,-0.1753236854630274,-0.41754270348131817,0.032872611181538954,-0.3837948723073336,-0.6756985676832811,-0.017650045748778005,-0.6121536951595772,-0.6926054545644105,-0.08287045373442053,-0.7731972068410722,-0.579600397756793,-0.17245777274865767,-0.5157519370876182,-0.9777741775570644,-0.11651210788230547,-0.667933737828467,-1.4318458318642897,-0.23851624476211963,-0.6701402921415726,-1.810834642580859,-0.3408148196964637,-0.6433899425069356,-2.143572835318215,-0.41295179977138985,-0.508225833816038,-0.8439195517393316,-0.17177395621594738,-0.9343488211262957,-0.6772674968053944,-0.2838700615579021,-0.9725313814472369,-0.3968615943620133,-0.31798183816443937,-0.934611510453356,-0.2044634629820772,-0.33747798509724913,-0.5115159365605157,-0.5941001999949005,-0.21901027850947122,-0.95036314084264,-0.36443585803162865,-0.29835313041380757,-0.9527021208453129,-0.10416730861079791,-0.2765461101552943,-0.8867312457229347,0.04977656457082594,-0.2554468691733178,-0.5201389209179281,-0.2979617652888942,-0.2639863667907256,-0.8460507945718396,-0.1148435217550274,-0.3342847242686115,-0.8587382566584384,0.07314186134071014,-0.31738923320362505,-0.8146464476756834,0.16895355936731765,-0.28834431571934704,D
0.0,0.0,0.0,-0.17519795984681893,-0.3565490059049976,0.01702160227371777,-0.3723884157471135,-0.5886125885377345,-0.032179818616481094,-0.5932810193001707,-0.593564418706586,-0.09345389739087413,-0.747748216824666,-0.48461138925282465,-0.1758745151170918,-0.47170825895882157,-0.981989155820318,-0.0988069108551389,-0.6139790694162358,-1.40224398662576,-0.20533939661750725,-0.6210273530769141,-1.7577008835569365,-0.3018994466231607,-0.5948529604896963,-2.0690993853817523,-0.3738351639565695,-0.46358127035030106,-0.8742539778698007,-0.1441262917001304,-0.8576106456124144,-0.7220250931120779,-0.24299407815175303,-0.8941040637709498,-0.4659714954115033,-0.2767959599150976,-0.849676898378426,-0.2983554271167213,-0.29943641695656603,-0.47058902278956644,-0.6472236069922171,-0.18420310266991408,-0.8857503237229494,-0.4603861654434013,-0.2537821449000029,-0.9014240981011807,-0.2219805636616944,-0.2350215549854679,-0.8466000361292704,-0.08428483450007622,-0.22064469990658378,-0.48336976156064126,-0.3592977886611408,-0.22462547621123788,-0.7871846165443037,-0.1933457344486218,-0.2882762887550599,-0.7997989219928048,-0.01877521067501518,-0.2739544061398639,-0.7583029298527827,0.07037113639029147,-0.2502060425225274,D
0.0,0.0,0.0,-0.30211193660123536,-0.09069697551091649,-0.01875481483781702,-0.5012704377136266,-0.18153559472466418,-0.11308799369779733,-0.712204969870366,-0.12943335298654998,-0.2221352405151158,-0.8879468401537857,-0.02242443463769691,-0.3582867985043227,-0.45161396579944757,-0.9743347270716513,-0.15447176066135582,-0.5764835200255749,-1.3478295677281598,-0.2479387092424416,-0.5692036411389328,-1.675011887513352,-0.33555257003704175,-0.5335444938154508,-1.9467262019395484,-0.40610808021122996,-0.40490964684953984,-0.8931182158500369,-0.19592863600052884,-0.8064990879943134,-0.7769239932865923,-0.27583147435688676,-0.8759663507040838,-0.49197137676303815,-0.30548627816102314,-0.8524286462616785,-0.29104578072253834,-0.33144911331082044,-0.39008896646577734,-0.6786732391751771,-0.23256786525122763,-0.8075293871699754,-0.512253484908986,-0.27637081795926083,-0.8511081569657911,-0.2715489253852687,-0.2595212226840181,-0.8131353577751083,-0.10532934984140245,-0.25684315925825413,-0.3899012126296658,-0.4015980005108315,-0.27470690135708165,-0.7004907871485017,-0.2586422296955137,-0.3155802212071051,-0.7699866270965626,-0.1305016170923081,-0.3055181687023038,-0.7785146548304726,-0.04378695566703362,-0.29389907087354383,D
0.0,0.0,0.0,-0.3302566235259181,-0.08558692875668249,-0.022365752983932615,-0.5073753241668316,-0.19169686230246852,-0.11430190248486462,-0.6918137365843716,-0.20745824589880757,-0.21997851318663617,-0.8458722142667477,-0.1735573788129197,-0.35339358003336646,-0.434900337725714,-0.9887579866831455,-0.16526385062881777,-0.5490233809196449,-1.3817793157457519,-0.267123062762271,-0.5479832841123673,-1.6936088501755218,-0.3648389820384954,-0.5205607265383705,-1.9650592080075129,-0.44421860383295475,-0.36837100762309666,-0.9073016274206761,-0.20274752186534134,-0.7583853536564795,-0.8449633154930178,-0.28968185645958555,-0.8528219150603317,-0.5672862014035411,-0.3189827280293676,-0.8465916348887218,-0.384688627510427,-0.34480929134299215,-0.34148869319137354,-0.7010276877379216,-0.23590220013542698,-0.7513269536656795,-0.584929084071893,-0.2845750949853861,-0.8154190905459271,-0.34747419686650916,-0.2557211506011654,-0.7786416252534119,-0.18638740799854742,-0.24338614664051555,-0.3401357812379927,-0.4455788818033506,-0.275270369159348,-0.6569109936059381,-0.34998783191834254,-0.31811991120956973,-0.7161731995734749,-0.21343182247998435,-0.2993241664819654,-0.6899466042391729,-0.11998575201535348,-0.28025926587122946,D
0.0,0.0,0.0,-0.3347588699562184,-0.10573919276949367,-0.007212145725731367,-0.5154742891478977,-0.25348568577384345,-0.08110802089811348,-0.6909098411725981,-0.2760538294706643,-0.1721207545042828,-0.8435207132974424,-0.2535945879070927,-0.2873585302928877,-0.42446656208466144,-0.9924880168209421,-0.12302967545268542,-0.5298810605030586,-1.3600281894277604,-0.21757425394309918,-0.5288830843720352,-1.6564057223247688,-0.3119941168553952,-0.4983708695878901,-1.9214720056170016,-0.38912458717961307,-0.3497921429601643,-0.9209184402714155,-0.1719147553044803,-0.7167214072952448,-0.858346242278146,-0.2621067223926727,-0.8086707731272692,-0.5766777910461499,-0.2930352426180669,-0.7939679791142922,-0.3897599803808903,-0.315621840573611,-0.31261904111603384,-0.7323266051283104,-0.2177880341122952,-0.7016841101939963,-0.6383216800929458,-0.27389424653953975,-0.760727426359043,-0.38889605699125696,-0.23750552928679766,-0.7135431249445033,-0.22045212252359225,-0.2147830237325132,-0.29897005758415257,-0.4912039522921137,-0.269102929935694,-0.6096751374206785,-0.41891984696530954,-0.31523505565866705,-0.6593470854864155,-0.2701497242096329,-0.28661715324141995,-0.6132656382388461,-0.16194124473288443,-0.2576721200079127,D
0.0,0.0,0.0,-0.32734362185846855,-0.11043065249229275,-0.03672174387660359,-0.5071731985961123,-0.25236624766203725,-0.12873604039200412,-0.6875394882436744,-0.30592425595838446,-0.23010792944874506,-0.8492296405126104,-0.3151306433705824,-0.35510766308006075,-0.42721401416726607,-1.0085760763184017,-0.1776362259793774,-0.5163948305473774,-1.4071813473941073,-0.2916775344078969,-0.5199189474407098,-1.7098378838360573,-0.3984401339601904,-0.4844612009178803,-1.9880473049333571,-0.48528117643036417,-0.32289037659267733,-0.9213321049104686,-0.21653858123919711,-0.7003706590744243,-0.8881875857726494,-0.3258804648087559,-0.801985762595777,-0.5788803563257446,-0.3542248925623946,-0.7810006032222282,-0.3811702494466554,-0.37326778595310545,-0.27227325015190096,-0.7084447452055606,-0.25384145909022604,-0.6771929144440006,-0.6431652633878047,-0.3240438921064767,-0.7493821150124137,-0.3839831297414378,-0.2758382611893961,-0.6963595054415824,-0.2121443198438214,-0.24425280828999557,-0.2575304666894979,-0.45007766872552885,-0.2988835031774531,-0.5831325313779769,-0.3950919304944724,-0.361919935057284,-0.6448584585717879,-0.24594041160832397,-0.3339255731738203,-0.5943054643298461,-0.14277614751348527,-0.3033719685852272,D
0.0,0.0,0.0,-0.27116151103161484,-0.2633869563264864,-0.018811089319121555,-0.45076082422058733,-0.5354864437383284,-0.10165465494316217,-0.6284255235220547,-0.6957152511225521,-0.1918140997835598,-0.7561822384076062,-0.7453958108612865,-0.31192021919816415,-0.4326619111545236,-1.0580175023609215,-0.23207576950034553,-0.5607778126334014,-1.5033577376157252,-0.3936241514169189,-0.5604077962935428,-1.8571420923800306,-0.5272957128669433,-0.5188333018343467,-2.171805642340471,-0.6259133777656168,-0.3252488751301785,-0.9027688742501617,-0.2814631928186157,-0.7521839561530844,-0.8671014048718318,-0.42896296807061823,-0.8812113612984434,-0.5753239671842365,-0.4618177492167235,-0.8936475202332061,-0.36922757331957834,-0.48098004562372865,-0.26838097360940844,-0.6242915686095847,-0.3261735193531842,-0.722235194596473,-0.5864786061126595,-0.44017882514957885,-0.8211053655644708,-0.3371131632827696,-0.39268531016110064,-0.7835020789934656,-0.17356443693376497,-0.352592234779656,-0.2550125539939772,-0.3102972067369617,-0.3728171248585846,-0.60554708231967,-0.31140845906170805,-0.4756693334613056,-0.7077639457924872,-0.1677223903320936,-0.44858406217707625,-0.688727357172489,-0.05760552759014694,-0.4112163225931517,D
0.0,0.0,0.0,-0.3226170836795301,-0.13623940679236413,-0.039649989672582375,-0.48914919567783804,-0.2948393220836264,-0.13774938507024642,-0.6577798062904002,-0.35144516170618895,-0.24565249942724757,-0.8129745300850516,-0.3824194921294502,-0.38076797493233866,-0.37503953189983985,-1.0308075433707522,-0.20352160823383783,-0.46306042400398406,-1.439461469549264,-0.32995544944277444,-0.45596511900211456,-1.754969642400669,-0.4455625877992287,-0.41747743789575614,-2.0336772566014165,-0.5366668335833334,-0.2692603687229989,-0.9308770180174932,-0.2469146232243329,-0.6460417131644693,-0.939877672256968,-0.37146772573433245,-0.7728858967559447,-0.6796102211271418,-0.4162638082098284,-0.793547277658328,-0.49530143017355593,-0.44645907168950005,-0.21894388898233869,-0.7077105208395766,-0.28645835655094626,-0.625127157181368,-0.6946414577687545,-0.37313080456079245,-0.7222436775278697,-0.46219498674176174,-0.3418832904887902,-0.7043424118890351,-0.29267359468081483,-0.32004600604369404,-0.20946943185207872,-0.4410598029485933,-0.33237505222618474,-0.5268253292651828,-0.4450380398333834,-0.4098374229845818,-0.6204216755441679,-0.3046221779423478,-0.38924460477529066,-0.6141984773271951,-0.18110635294627492,-0.36292846907346843,D
0.0,0.0,0.0,-0.32861068671654264,-0.09826179258645718,-0.01567066828872198,-0.5016029195321582,-0.2541450159504036,-0.09815752661226383,-0.6749752029198189,-0.31555267698390854,-0.19616973425093837,-0.8350815396211823,-0.3738016894997856,-0.3182648692377453,-0.384065209732088,-1.0058931279071897,-0.15055891834022997,-0.47397693301736143,-1.4046116978596672,-0.26677954820339084,-0.47381936421180054,-1.7112908269550287,-0.36832757627086754,-0.43270925881839134,-1.985116186719985,-0.4479853748600746,-0.2813885277576852,-0.9364895906995309,-0.20930299318879225,-0.6534130566094526,-0.9673262099703713,-0.32485178400696074,-0.7764109968818816,-0.67776242001374,-0.35562470238461297,-0.7741271919205985,-0.4713925352577776,-0.37246318505152104,-0.23197791316603786,-0.7388503645135684,-0.2673478901312264,-0.6389425839428677,-0.738061981788993,-0.35446754805163827,-0.730350806858391,-0.46807901141844455,-0.31280709656940475,-0.6924920058272472,-0.27888735864924374,-0.2799992006359176,-0.21703419538599922,-0.4861310095680087,-0.33028733543349137,-0.5436328496623031,-0.4753937055254814,-0.4067483053714154,-0.6159876371306976,-0.29673788420639846,-0.3800909966567878,-0.5762797594325874,-0.15892820686286208,-0.34789150822349035,D
0.0,0.0,0.0,-0.3340034181259796,-0.08959074663371581,0.0005662409141955181,-0.5051073191027675,-0.24205424665370942,-0.07205080695604421,-0.6782654474806634,-0.2949337307777278,-0.16188396891110315,-0.8385179356678748,-0.33381067453956403,-0.27535001249748225,-0.4038192863008955,-0.9913042939765194,-0.11959844812776368,-0.4999842763768334,-1.3674572067838207,-0.21694330566998168,-0.49813889713235865,-1.6610568145144626,-0.3083392979366772,-0.46107512347456164,-1.9181501734705597,-0.38164611928790054,-0.3136096640402406,-0.9334807067956531,-0.1739619172717276,-0.6872236785713093,-0.9353687759326097,-0.2678702384691477,-0.7963076014990639,-0.6620731968250653,-0.29547072382030337,-0.7865806967156439,-0.46828588088253276,-0.3139499193073585,-0.2743326623039476,-0.7531238355304246,-0.22572170239319606,-0.6711615426179466,-0.7292952066825292,-0.28808818433000966,-0.7529195886795679,-0.4846675519592635,-0.24794767087632708,-0.7145119781069345,-0.3037802523892442,-0.22067440546825634,-0.2657985182290357,-0.5147306945062161,-0.2817427599896314,-0.5808169487211811,-0.4923169671845941,-0.3376086193766468,-0.6567195775541088,-0.33127918947819357,-0.3118653360695305,-0.6291416513826629,-0.1953415347825943,-0.2834094232396064,D
0.0,0.0,0.0,-0.33631093357439207,-0.10473428448760974,-0.019890325243574623,-0.5235963305437702,-0.23512946809917606,-0.10868701146494457,-0.7119729910127354,-0.2668258106970872,-0.21264860745093989,-0.8781262323814438,-0.26107830952277616,-0.34369743493900706,-0.4295537272048388,-1.0035180808932938,-0.16041518887947767,-0.5373103253797954,-1.4008792647455826,-0.27567716111175916,-0.5357107059628262,-1.7114789227993168,-0.38338812677991835,-0.49629340399060795,-1.9890354462232236,-0.46864997561072314,-0.3441556054939494,-0.9151719270451533,-0.20980291503111595,-0.7273960017304162,-0.8848102213164154,-0.32309044989751373,-0.8330748774205151,-0.5813871064034689,-0.3610221546321597,-0.8240049650964708,-0.3770917746916391,-0.38530226103286075,-0.3020414780811671,-0.7096310963242648,-0.2562543590361545,-0.7181753653883596,-0.6564622535688821,-0.3364736892495676,-0.7903308424629216,-0.3797591576268925,-0.30236988161305595,-0.7416161915660024,-0.19564733859232883,-0.27677737216169884,-0.2912182510601375,-0.4562445737852127,-0.30773993121985815,-0.6265357026663411,-0.4091109043890569,-0.37693491711535754,-0.6763294619001045,-0.23272409644971465,-0.3523918540273179,-0.6158661709253275,-0.11149822738195707,-0.32253766010743823,D
0.0,0.0,0.0,-0.32054246256487356,-0.09080043725171116,-0.0334014218449566,-0.5093648897714781,-0.219304981248458,-0.1294474216528137,-0.6977233457912504,-0.25984856993795163,-0.23707590075584264,-0.8593188903851956,-0.26169413818141907,-0.3730922169986176,-0.42505217601405065,-0.9925519224808644,-0.18064048445651248,-0.5457134622064767,-1.3768814641660323,-0.29746725511984695,-0.5422954415849328,-1.680327986653897,-0.4082359643132163,-0.5019885895103705,-1.9573244864185815,-0.496482489949404,-0.3467936211017722,-0.9117541501838918,-0.22008760525202203,-0.7420172551214117,-0.8498632716220702,-0.33056629851775327,-0.8395481251951,-0.5423597839905965,-0.3694641333543638,-0.8309908567287728,-0.33974907788590103,-0.3965354878841347,-0.3090354884549345,-0.7038934295613716,-0.25629503841214957,-0.7321720525940357,-0.6249262937259613,-0.3328466531016021,-0.7976905396979597,-0.3506188721389089,-0.30332845461974084,-0.7501602345116091,-0.16476732655752704,-0.2836880710343709,-0.30330304163810395,-0.44418847621665236,-0.2985184525659643,-0.6342760325810325,-0.3918778289251276,-0.37218212489150326,-0.6838085539773819,-0.22342968238452746,-0.35689747783131587,-0.6308058864662928,-0.10255120663711856,-0.3345040130213296,D
0.0,0.0,0.0,-0.3354516339103537,-0.10916913813943561,0.00446104263675664,-0.5212052689879519,-0.24109307961661786,-0.07169136368563234,-0.7000877659945012,-0.2287683462928926,-0.16689843054351627,-0.8533147982244321,-0.16703513542243906,-0.2889706127443924,-0.4376317985335406,-0.9827805264908808,-0.12916717238357145,-0.550972160684076,-1.3462004912562877,-0.2216498755828686,-0.5541220604206835,-1.6438543333204878,-0.3150463530880849,-0.528458304450693,-1.9143381859520698,-0.39368631223771633,-0.36172793319675556,-0.9141555751900895,-0.1829548761145226,-0.7431394107075447,-0.8152444019901298,-0.2709607274682421,-0.8270849798705717,-0.5127743815697817,-0.2957733484701202,-0.8028528366228586,-0.3220779390008954,-0.3164125470384135,-0.32545622342766606,-0.7169141148227965,-0.23186420183601592,-0.7265670738943814,-0.6033365742921577,-0.2834310591725499,-0.7788882727976137,-0.347397987318363,-0.24291868664786803,-0.7243920174997247,-0.18115855521137708,-0.22053628037607442,-0.31654419554562063,-0.46904436648991665,-0.284968541640501,-0.6314844220461346,-0.38117329413754963,-0.32763863442824304,-0.675065949390151,-0.2209492484462817,-0.29730059257049796,-0.6211128928822871,-0.1129270587233423,-0.26985771609541176,D
0.0,0.0,0.0,-0.3386236181322834,-0.10745336802784113,-0.007182706431826049,-0.5242178352060898,-0.24879412919433183,-0.0812879581209524,-0.7078927303874153,-0.2504722677993194,-0.17002151026393697,-0.857085262932237,-0.19425601938826106,-0.28493964052529863,-0.4493551514326151,-0.9822753665830217,-0.1334705761401155,-0.5631021098520796,-1.3429695380126225,-0.2277445201963619,-0.5643181706970117,-1.6470045308402008,-0.3248712935408326,-0.5386840138621422,-1.9228975425023334,-0.40538549011590846,-0.37374431760855653,-0.9098917223839393,-0.18003399288051886,-0.7485507546787555,-0.797795766279492,-0.26875629899678966,-0.8357259594033475,-0.5182957837378919,-0.3028034982542949,-0.8207403870850594,-0.3323297741304733,-0.33080906884060207,-0.3378191666202658,-0.7074692013757288,-0.222262197090522,-0.7387636839661853,-0.5853084714043421,-0.27749142635645624,-0.7979286580172907,-0.3370735526715483,-0.24784905562558354,-0.7515395507282914,-0.17562277175554994,-0.23244436077260178,-0.33231227502759525,-0.4543213461073721,-0.26913008871062166,-0.6546383953461091,-0.35923477161058903,-0.3165775430097372,-0.6974949663454193,-0.19809948176676903,-0.2922924655626915,-0.6440910012939964,-0.09462094619411467,-0.2684785958424204,D
0.0,0.0,0.0,-0.33596559857412395,-0.06777764191249823,-0.00036797707854989783,-0.5356952867635069,-0.15066670775753932,-0.09328037246903936,-0.7355801913395775,-0.1275181036069867,-0.2036442175724975,-0.9054228831486593,-0.06219796434643897,-0.3465202254891456,-0.5113977027749109,-0.9647512372241367,-0.16612124761656294,-0.6494223873720918,-1.3279901666985412,-0.2770817648589391,-0.6586161189592028,-1.6524873294262883,-0.3938160646544292,-0.6348666597368374,-1.9429032731853675,-0.4889676306655492,-0.4281397952026184,-0.8776226548102928,-0.21558012785874664,-0.8253547534463501,-0.7284897229156345,-0.2973960305807577,-0.9092654351605669,-0.42462768643902543,-0.32824907320050567,-0.8913206361414112,-0.2392133297738071,-0.3627841446134372,-0.3828693405953354,-0.652192486092006,-0.25793344731708834,-0.8087260487721596,-0.4760310812032448,-0.29084256623680393,-0.8686663448042131,-0.2198266949117597,-0.24902787332939244,-0.8171350452474792,-0.059146907741910205,-0.23765073527492417,-0.3686694749198045,-0.37513610326693747,-0.3061108966299315,-0.6971900951693795,-0.23888667229102145,-0.3418962847117623,-0.7717274918456826,-0.08934433689558711,-0.31430248199915867,-0.7487116599004675,0.0038303834798502166,-0.2932223254894987,D
0.0,0.0,0.0,-0.23057696545734163,-0.06636827832796621,-0.11862434774005783,-0.42865501304477843,-0.292988508629868,-0.18018894472799948,-0.47132649017947725,-0.6171284725239077,-0.23364242397100835,-0.3522969707667495,-0.7491991319618905,-0.2651009100798875,-0.4179768941666706,-0.8677390210673025,-0.051327456972499186,-0.44212154388102953,-1.285529464012947,-0.1278872963014358,-0.38409317121959463,-1.1366969964864366,-0.18587923230750134,-0.36217157366853153,-0.9073844523347074,-0.22297737822210584,-0.27383626009698336,-0.9611252303210389,-0.03538353142956442,-0.30669006201363075,-1.4458399104875967,-0.11158673628340987,-0.24401633813254694,-1.1852691063806602,-0.1730841967957134,-0.23977444228612638,-0.9562602635875487,-0.20899046829523946,-0.14800518815926972,-0.9861026432620806,-0.03607109886886526,-0.17408981843525503,-1.4160361789653222,-0.10371836908433911,-0.1336111016688395,-1.2440137755396776,-0.13310397264517615,-0.130599940562888,-1.0021301364577166,-0.14603533755553103,-0.004376380970829998,-0.9331327392315872,-0.04890943810108269,-0.038361163613335976,-1.251954404011603,-0.10674738537549737,-0.02016180094252894,-1.1811648292926158,-0.1324954192967184,-0.024173113556224243,-1.0176554648101694,-0.14724699303502506,E
0.0,0.0,0.0,-0.25079775608375293,-0.03171054504270553,-0.08720445348894083,-0.4557321859023133,-0.26787661199609886,-0.12184246290963069,-0.49492106212179826,-0.5873971265871402,-0.15272251717171298,-0.3622477834683079,-0.700795677629825,-0.15988730510455043,-0.44424629019976497,-0.8448548602248793,0.005872081647478563,-0.477613803976467,-1.2380345686812801,-0.05881786975934669,-0.41554444461783696,-1.1382988392322588,-0.10248157463504269,-0.38698100868400837,-0.9039057840828465,-0.12477336450439887,-0.30287320206820695,-0.9529256923605882,0.014157976834437636,-0.3420704986465117,-1.391278652363283,-0.05822088769884461,-0.26980171653126134,-1.1656994762403243,-0.10748967349615487,-0.25821740788500736,-0.9134994672768719,-0.12272417479873847,-0.17720118863711526,-0.9729279916006618,0.006477598674955703,-0.2091219795141011,-1.3672974704446703,-0.057240413388248104,-0.1639585955757992,-1.206863716011677,-0.06427809008413683,-0.1591500444173028,-0.9642858089532668,-0.051149015629760694,-0.032634679423171734,-0.9220327115320366,-0.011394891988225853,-0.06664108792532134,-1.2083583297021805,-0.0719825498325602,-0.04781395501302744,-1.147310728259083,-0.08534750123297558,-0.05346901536912058,-0.9852911834377415,-0.07966009979168905,E
0.0,0.0,0.0,-0.26011513522222307,-0.0562591904321061,-0.09042674288526079,-0.456363024858148,-0.22934197427792108,-0.13577031802878953,-0.5190659067528609,-0.5705944492307105,-0.17871064395650663,-0.3970014658103067,-0.7300624928463996,-0.1944742904380946,-0.4509666418049818,-0.8267046792479733,0.007513724925712311,-0.4990080132453335,-1.2466057909958943,-0.05750187544460049,-0.4471751270339081,-1.1228378593323831,-0.09705475437152616,-0.41635487488414563,-0.881860859101894,-0.11842704751489337,-0.3127754811867394,-0.9496364056488079,0.019031432810391036,-0.35997082548441867,-1.4190171887981444,-0.05320509306179564,-0.299010856376948,-1.1618412175281607,-0.10018170291468292,-0.28848610650283635,-0.9397033904078822,-0.11751734633512326,-0.18515239435163242,-0.9821056572674944,0.014855689541621279,-0.22557979060053418,-1.403448836272916,-0.03140064981231847,-0.18740254669483455,-1.2148801767845792,-0.02034440210457693,-0.17895007895358578,-0.9881653535861465,-0.0023088727381956158,-0.033055873492422526,-0.9251328332532104,-0.0015213045181231392,-0.07295019729551187,-1.2382126581735258,-0.0364450219000958,-0.06246957860823169,-1.1592439357275643,-0.034130789778606146,-0.06149761612752778,-0.9948652212064583,-0.023687522405942747,E
0.0,0.0,0.0,-0.26124874713612894,0.009884760380427845,-0.0835600713637555,-0.4758370340162222,-0.20136417758358954,-0.12248614595554387,-0.5282860493285858,-0.540224028134143,-0.1590328549429047,-0.40322223370014626,-0.7044306210414373,-0.1699814175161235,-0.46737528535508266,-0.8086876603786965,-0.00168779857425179,-0.5139107550753395,-1.256150045342832,-0.08325180343076037,-0.4618986535827341,-1.1149606531686402,-0.13387318645851645,-0.42530822728892237,-0.8602559348581932,-0.15665663484145165,-0.32949413272688904,-0.9441500249173808,0.0037877364037689513,-0.388309922587425,-1.4306223155841724,-0.07834971851628879,-0.3208211168769551,-1.1551932262472842,-0.11812274570844306,-0.29318742388818614,-0.9074550711401079,-0.12320586987378358,-0.19733903988713378,-0.9862546907553684,-0.0073203267723324465,-0.24753131236212617,-1.4362778608004347,-0.0726478462630858,-0.20965890349337843,-1.2313481346143376,-0.062455850607919576,-0.18771753390949694,-0.9961969689044733,-0.03679302694923683,-0.04060560899184259,-0.9407711325353395,-0.028631094842221354,-0.09065408704514241,-1.277399542536185,-0.07872974539626318,-0.08319170961476625,-1.1870754913416004,-0.07259636025560717,-0.07472277123254215,-1.013449257702507,-0.05322849170767574,E
0.0,0.0,0.0,-0.25717581535501055,0.010665967067326075,-0.08727972094676471,-0.4869874820020413,-0.20438103637354937,-0.13764599411110182,-0.5660961453885959,-0.5196928371553429,-0.18935137907212843,-0.446354672912428,-0.6792703469362669,-0.21808763755418667,-0.46456983997976703,-0.8179131742802559,-0.015112468753952338,-0.5313880859233918,-1.2726133936545372,-0.1131833104149584,-0.4892802566114202,-1.095588283077309,-0.1756939202877374,-0.4441327854725203,-0.859829608234655,-0.20505249723058397,-0.3319476017133125,-0.94317222047939,-0.015393252832228062,-0.40915563831200324,-1.4479994510992504,-0.10900658522433371,-0.3535225370649122,-1.1574544931360093,-0.14692061439873424,-0.3178092975366055,-0.925904673093543,-0.149584226374306,-0.20228334325455538,-0.9939925082423983,-0.034915089740103315,-0.2629236306044195,-1.4776577921599987,-0.11271479939013036,-0.23411593557732657,-1.2600565822287342,-0.10559282749962455,-0.20280110314037358,-1.0254733584302531,-0.07924545776785212,-0.04510493883721716,-0.9663182990551511,-0.06523638533153929,-0.10034163903262487,-1.3290819710810167,-0.11764373491870331,-0.10024636667685546,-1.2349063815976813,-0.11266589610409136,-0.088078442262772,-1.0580919476881216,-0.09464711307887627,E
0.0,0.0,0.0,-0.274631471818598,-0.013253425343897838,-0.10593211721250353,-0.4853703261561201,-0.21257828739745507,-0.17095940742600252,-0.5686822088882627,-0.5423718813039393,-0.23839663284849372,-0.45789129480601504,-0.7487341835185606,-0.2842856833126416,-0.4694264473514126,-0.8176174153566167,-0.03502729298829763,-0.5477565563676605,-1.293595647323566,-0.1483676926142937,-0.5140192207003458,-1.1354445493755696,-0.22815951467688728,-0.4696545648771244,-0.9113873417071618,-0.27099093521809664,-0.34080381527136827,-0.9396189869778651,-0.031127460660483084,-0.41987972656672234,-1.4792038924117672,-0.1343308379184734,-0.373452737585382,-1.1894634751211337,-0.19442768629418308,-0.3378542295767767,-0.9676339640777047,-0.22158363569117942,-0.21377539715754382,-1.0041018984120693,-0.048385069147220156,-0.2791755613364942,-1.5266698741134557,-0.12950645659960722,-0.2585777371787637,-1.311950412430825,-0.1414719291614435,-0.22386909042039385,-1.0597670674705693,-0.136922214604496,-0.05426733326720972,-0.9857078576698244,-0.07898207504209874,-0.11849647482370036,-1.3727488055320103,-0.1273939238176201,-0.12379796090409341,-1.286811832111673,-0.1351423018853132,-0.11283440652985686,-1.109593935127687,-0.13538844489848398,E
0.0,0.0,0.0,-0.2731699354632385,-0.07510273666825212,-0.10335003879857331,-0.4728199566716873,-0.22270657251425208,-0.1759102401135766,-0.5528969922051482,-0.5439865052918679,-0.2506701379330395,-0.44973596253552606,-0.760159969004012,-0.307584441990894,-0.46483809511692836,-0.826599204232206,-0.03405658171540048,-0.5320658829236914,-1.2948457846384462,-0.14112474639109165,-0.507896753537123,-1.182277581412345,-0.2322370782176535,-0.4764315474919303,-0.9652586784212024,-0.28831437594958814,-0.3296032574663609,-0.9437738008790287,-0.025548100553959067,-0.3982483531159895,-1.474037032883577,-0.1105176826537937,-0.35621794324577216,-1.1904178109672952,-0.18332291306837065,-0.33047256629051464,-0.9775523517645583,-0.23194238938697295,-0.1989753849621473,-1.0085867625456935,-0.03557129954619957,-0.2566790813205934,-1.518643352590838,-0.09042431383532099,-0.23843102844658592,-1.3182449425295006,-0.1092301207966442,-0.21305498624989685,-1.0570588051168253,-0.12294188810561048,-0.041627057436517574,-0.9768672815254645,-0.05955307265636848,-0.09882134625644279,-1.34811903613956,-0.08413742225011656,-0.10635526077817019,-1.2807025788740858,-0.08978902839231605,-0.101980987964227,-1.116056459512934,-0.09839576819692658,E
0.0,0.0,0.0,-0.2366606534803044,-0.06248956254986272,-0.12934628888809782,-0.4268643768882526,-0.2643848064968603,-0.20569751378252163,-0.48516997304708775,-0.5883262878610501,-0.2745146188847986,-0.37515700040160793,-0.7818395343642606,-0.32239202907816966,-0.4157484255831618,-0.8576563105651863,-0.054958673341599595,-0.4518743206647825,-1.275366080274312,-0.1493244055266015,-0.40986777413357095,-1.1956124159225943,-0.22235127350284245,-0.37939154548001813,-1.0061972602315665,-0.26539804714905774,-0.27669652452344135,-0.9603345621173903,-0.034591359028648516,-0.3174445543038965,-1.4439521481258004,-0.11949774617519504,-0.27271379098488807,-1.2139674756686092,-0.18272248313178488,-0.2626099543759784,-0.9864042240605791,-0.21559631399461845,-0.14620297012768713,-0.9957599288550482,-0.03333857717752263,-0.1769715814607086,-1.4450885457463256,-0.10249093301704447,-0.16064764820078978,-1.2827168945863006,-0.12211753454009538,-0.15835078075023667,-1.0441565651122422,-0.12496536651889677,0.0021483770795740925,-0.9525618079534396,-0.04586758957908777,-0.03558224181082333,-1.2921970175422457,-0.09394148664683061,-0.038422221583645694,-1.2098643810825411,-0.10604056118792157,-0.047270787132967916,-1.0270448755581951,-0.10814213776748936,E
0.0,0.0,0.0,-0.24106856415157593,-0.06321801521572464,-0.12384727939547445,-0.4312644808570723,-0.3032762413970646,-0.19244500065033474,-0.4630526000806105,-0.6204911604158838,-0.2521385515160788,-0.34102769148111656,-0.7883164074680278,-0.28692099975973884,-0.39750572147825486,-0.880100457278402,-0.07064695416344328,-0.4049404343297082,-1.326203572585955,-0.15532569910242192,-0.34505887125188384,-1.1629031275700363,-0.2060249395621814,-0.3365055012029094,-0.9218873484226195,-0.2315839128163699,-0.2487688515552056,-0.96705660366148,-0.05399614625718191,-0.26978333149232014,-1.4657969526088428,-0.13679558524973823,-0.20727708906705564,-1.191078498149528,-0.1906312034371016,-0.21388236255627716,-0.9490411092341121,-0.21499294337917904,-0.11714477001183175,-0.9886585916917632,-0.05373331233266296,-0.132521701535978,-1.4253930560657877,-0.12511801135839648,-0.09471004355655692,-1.2260797670403132,-0.13965832118576063,-0.10479720286701337,-0.9884217464777881,-0.1377036522744156,0.024837543832108105,-0.9353930240571302,-0.06557033662841452,0.010919347891654893,-1.260551261436229,-0.11977852123795706,0.028826110708892665,-1.1611011519983596,-0.12992615477437006,0.012005289383473132,-0.9835029813636448,-0.12930489142707693,E
0.0,0.0,0.0,-0.22250676750143833,-0.12152969040666878,-0.13061807892416283,-0.39613612580102164,-0.3649672777614544,-0.20556833207452394,-0.3999380298908439,-0.6831234206604782,-0.2704174645638089,-0.27289267905522907,-0.7946793442101566,-0.31160032908053065,-0.33993977145006804,-0.9100386979016067,-0.07709786331926843,-0.3325783511883791,-1.3332678413274646,-0.1653948237513036,-0.2767846202100632,-1.1394296129175738,-0.22813803634322988,-0.27609280999302305,-0.9095185685288688,-0.2657614323772084,-0.19248754526371722,-0.979718357080076,-0.055682005339831114,-0.19948296739955293,-1.4404480652543639,-0.1381552574502062,-0.14155123764019303,-1.1423635749612013,-0.19907442465691894,-0.15379119164197305,-0.9268317550652783,-0.23551679954946825,-0.06770507512700182,-0.9990768347416062,-0.05172886711737174,-0.07777549194078451,-1.4113499425390732,-0.11692291516586585,-0.035578375147223756,-1.1949543772398161,-0.14028276462409842,-0.05113952687477976,-0.9601553884573325,-0.15146920230409258,0.06032025540208945,-0.9466895060562386,-0.061981877636532,0.038517042517695166,-1.2583762060579704,-0.11541268805729982,0.06423050918031582,-1.1465537321011383,-0.13681609917552523,0.04921695576058611,-0.9785130303820785,-0.14955453168801172,E
0.0,0.0,0.0,-0.23263087390561704,-0.10075992423662929,-0.10033602679976436,-0.4054601028659781,-0.39494610541647107,-0.15446230138788833,-0.3782259028498349,-0.7043195888743227,-0.1990600605091975,-0.24394885808440517,-0.739053363963395,-0.2174927231377088,-0.3360676258577692,-0.9122021231032953,-0.06649740395444102,-0.320283726482426,-1.3032735145364556,-0.13457024272873663,-0.27393472438235106,-1.0482652055022286,-0.1671391246052427,-0.2863813867503925,-0.8123618451983794,-0.18432678961928567,-0.19495235372581346,-0.9791723173627948,-0.056702316417758046,-0.1906077286194358,-1.4019817124991054,-0.1152668852876195,-0.138324896246905,-1.0833966337883045,-0.13471496385906206,-0.153075601121007,-0.8896187059646742,-0.14155198888185086,-0.07546355041945359,-0.979453841750054,-0.061298000427247624,-0.07077100809115477,-1.3611525825203872,-0.11340409560176651,-0.03192087725304079,-1.1104837373121048,-0.09646717790785476,-0.05285503068963514,-0.9011764550799447,-0.0803338217240975,0.049819963191324874,-0.903831464655455,-0.07753719951670439,0.052476380388771504,-1.1874452320754334,-0.12086684523206014,0.06656151469066153,-1.0298861204836676,-0.11042795027794589,0.03780145249557345,-0.8664011551437516,-0.09857921198416741,E
0.0,0.0,0.0,-0.2277205852531551,-0.09593966396381656,-0.15288256447524506,-0.38087363719405404,-0.37027230634920705,-0.24345221046219453,-0.35447575214669336,-0.6510619065962727,-0.31431348792575287,-0.22300449254188887,-0.7453559126916278,-0.3582122565315888,-0.3180256442531175,-0.9157176808445258,-0.17311472181072515,-0.2859203206712129,-1.3663780176878455,-0.2650649031381881,-0.23717895267822312,-1.0921717629692402,-0.30283999887371615,-0.24867713611901496,-0.8497487932013523,-0.3229073137261869,-0.16132136069557923,-0.976318305895093,-0.14414570460982276,-0.14056855341308688,-1.4565421699105257,-0.22700533101942863,-0.09101197306842214,-1.1004026705118009,-0.25952238146734247,-0.10727075862479064,-0.8975930705801924,-0.2792073200736919,-0.03155645360147763,-0.9895268881560706,-0.12860307120349043,-0.021648469787412847,-1.3973941699642713,-0.19681952012682458,0.013344252637752617,-1.1049421537150548,-0.19051287076152398,-0.011973743814119277,-0.8991037721264934,-0.18602792347946076,0.08742932304874013,-0.9338732334754921,-0.12739578336384572,0.08966526606527567,-1.2216817525659276,-0.17908554236509397,0.10939578515785742,-1.0276293184278442,-0.1767893509904511,0.08118991382631492,-0.8589712845853956,-0.17578076372345824,E
0.0,0.0,0.0,-0.21458154125043574,-0.09431642207107001,-0.12607799330935224,-0.38526881944108593,-0.34679979400583577,-0.20373263161582347,-0.39593208075838443,-0.643827653658901,-0.271240739219205,-0.27977561987263033,-0.7507299818183373,-0.31444784054972164,-0.3709271216762117,-0.8984594905592734,-0.10332957524388293,-0.3768597936723162,-1.3341502045851865,-0.19535155241826022,-0.32052003497299364,-1.119035579596823,-0.2486187913702688,-0.3151616972421566,-0.89240306698115,-0.27911081428802553,-0.224532966544668,-0.9704268528853465,-0.08863785948280427,-0.2334364697885989,-1.4477975228175695,-0.1677878046153573,-0.17565505804404719,-1.1434693775312161,-0.20876983994091672,-0.18411511811907688,-0.9506961439205878,-0.23255754488019104,-0.10017241039455589,-0.9859026757256035,-0.09023032650529221,-0.1053710345451805,-1.4098922545892945,-0.15903001687605528,-0.06556877091219639,-1.1878829741531494,-0.16478651474498,-0.07888317189043903,-0.9794377132709433,-0.1644614685223373,0.028504643244609933,-0.9280887395268033,-0.10471164970295047,0.02039151068156496,-1.2495120552779524,-0.15740037314633554,0.03974012341551733,-1.1261182422557487,-0.16383327389304753,0.019029714426442034,-0.967030030614801,-0.16668641884071947,E
0.0,0.0,0.0,-0.2454630111799763,-0.06615340092003051,-0.11310368085105182,-0.4451135620891458,-0.3214633323993348,-0.1621309898289497,-0.45114575152979175,-0.6502065403675578,-0.20069014088409712,-0.3212582613616096,-0.754379994665549,-0.21724672005709797,-0.4129039522936347,-0.8800502179580594,-0.04652965667044475,-0.42868798630285154,-1.3199666480633159,-0.10965692049609108,-0.36868028061895536,-1.1813466714306333,-0.157356688873808,-0.3607451138596187,-0.9525736928388108,-0.18859104107728455,-0.2601860000339447,-0.9652044305347045,-0.026146752427652985,-0.29329692775703253,-1.4455809960802122,-0.0898961063586346,-0.22966435013525835,-1.204543101950378,-0.14630660348554422,-0.23459863429119313,-0.9697941017342339,-0.1800624372038747,-0.13295126902423868,-0.9895941346106275,-0.021039409872471743,-0.1598851996552198,-1.4077936588370736,-0.07805274198376405,-0.1185889828657269,-1.247017672719838,-0.10590947400071404,-0.1223250202734131,-1.0049305813335114,-0.11902755709381226,0.006231117123460647,-0.9459333112620298,-0.02777785429491591,-0.023786485131858458,-1.2595056505492412,-0.08713744746313067,-0.0017055123394260831,-1.194004615412559,-0.11795353044455661,-0.007395136608636699,-1.0302994191658768,-0.13506113747057474,E
0.0,0.0,0.0,-0.24333770658008694,-0.1152843430496643,-0.12557192657642777,-0.41413558260345235,-0.3807907534313038,-0.19382503662824213,-0.4118371701602199,-0.714769448024304,-0.25710354677540603,-0.28617750607538456,-0.8311567592074212,-0.2988020454972916,-0.3684891733190297,-0.9078124823171881,-0.048420268349316065,-0.37186609970926987,-1.378365137921096,-0.1366367959392963,-0.3330306029736994,-1.1783036115771794,-0.20637946810941257,-0.32847172423861487,-0.9467680013241613,-0.2493436290887939,-0.2159270933186052,-0.9759255429621491,-0.03073800522176118,-0.23690878528846274,-1.503371566036985,-0.11393205004650957,-0.19412239148770033,-1.1995550023044397,-0.18020936021247444,-0.19375192461718788,-0.9660575760250621,-0.21953573257853898,-0.08652678195548481,-1.000068852048489,-0.032537671721620635,-0.10529017002391271,-1.4678410385453338,-0.09833511020180015,-0.07706104422302866,-1.2590853462136933,-0.12726393843940842,-0.0801734718840183,-1.011094879309181,-0.14134019505138531,0.05421268268786525,-0.9474674753812707,-0.04880879477705949,0.037949805454094966,-1.2914439970738592,-0.09164853278553771,0.04504517359699765,-1.2195350564191598,-0.1127181421232575,0.025590322325640597,-1.068052474154853,-0.1287743358056441,E
0.0,0.0,0.0,-0.2500933121153887,-0.09181650814772731,-0.11805419850571977,-0.4488481642299253,-0.2931634479653536,-0.19306162338604937,-0.49505532620824627,-0.6149930132940175,-0.26575475518599845,-0.37013921975318614,-0.7603686945677839,-0.3179767538013207,-0.4201593068518855,-0.8629057497800973,-0.03837891898663315,-0.45042380067221144,-1.2932572408242078,-0.1369818788758347,-0.4006193327493213,-1.1432647886081768,-0.2160698778224994,-0.3759294302507126,-0.9280202750897707,-0.2635008567079908,-0.28045397154017343,-0.9594612222022505,-0.027923698492628952,-0.310814083012796,-1.4539159928407712,-0.11158623967762374,-0.25771779247574006,-1.1866982167416527,-0.1731092125404307,-0.2499023507868766,-0.96764379183976,-0.20819549702919374,-0.15396250261890823,-0.9928887698786351,-0.0380218553780905,-0.17455564077714059,-1.4455901337128574,-0.10275893582731471,-0.14355031563357668,-1.2544551043652938,-0.11783970948124495,-0.13992232436792673,-1.0183748468688598,-0.12101957861927982,-0.011651380800052515,-0.9401498811393468,-0.06279456714720537,-0.041625185998353485,-1.2806992731718645,-0.10142942408511553,-0.032694935635578966,-1.2024000599243791,-0.10682411586259417,-0.03948680268553081,-1.0472627478698036,-0.1088341242579262,E
0.0,0.0,0.0,-0.2666834421415682,-0.045380108996905685,-0.12446930234288661,-0.48002259942844355,-0.20785736401835225,-0.2030571947771121,-0.5653808160742265,-0.5315034043391852,-0.27913505532305527,-0.452929267546235,-0.7455434644553505,-0.3340896795178421,-0.49924038042728885,-0.8004609162148515,-0.0446357284782817,-0.5624090822972793,-1.2700622786175078,-0.15104337946942212,-0.5169061938507563,-1.151935051287245,-0.2337378874907486,-0.47817649115722,-0.9276735283816603,-0.2815219121145131,-0.3572705322783653,-0.9334930387454137,-0.030797944401973212,-0.428060981948817,-1.4769586063683522,-0.12248097270230351,-0.3697551707020368,-1.2087042055854582,-0.191132406352797,-0.3447514449443695,-0.9807141033987508,-0.22951671823550202,-0.22454476950158433,-0.9989555375032776,-0.037645884474385466,-0.28104952105218045,-1.4995856517487762,-0.10733044499398676,-0.25429213965441627,-1.3126446649998735,-0.1246414088780403,-0.23130293906289115,-1.0557257223244492,-0.12806967352666465,-0.06521355385462316,-0.9769307591832664,-0.05926180741119307,-0.12019165925110538,-1.345724451965099,-0.09757289235671443,-0.11793628614782431,-1.2920436277557,-0.10469195657871802,-0.11559788233760783,-1.1367424929639816,-0.10769209414470667,E
0.0,0.0,0.0,-0.28786111557284655,-0.015570617545433152,-0.11590752751113378,-0.5136092071436714,-0.17867356465514417,-0.1936148766600482,-0.6006807615951084,-0.49690225973517704,-0.2723116465773995,-0.49473676728587185,-0.7240408504386294,-0.331472646866333,-0.5229459889197408,-0.7758268729722712,-0.053052428642971966,-0.6138003550147235,-1.2512904750490272,-0.15794335303353657,-0.5775350079946001,-1.1257846624771675,-0.23699878403127586,-0.5331032469344104,-0.9008296979369893,-0.2835996977268896,-0.3906513300214642,-0.919333963946417,-0.047080793186067116,-0.4915042098153873,-1.4535225582529754,-0.1396132431387492,-0.4295960075990161,-1.187945844867107,-0.2074586109628028,-0.3879547575720651,-0.9653607486508853,-0.24833499356868383,-0.26267487323981975,-0.9987009195159998,-0.060240044815177085,-0.35350724105884,-1.5212209147944673,-0.1308499307771388,-0.31500906902852627,-1.32217085248109,-0.15109505190722125,-0.27177651128229036,-1.056209317902878,-0.1602554573034666,-0.10464669057545006,-0.9976808237867403,-0.08761008052810287,-0.17913642027235444,-1.378593308947821,-0.13103605217025874,-0.1726145259974822,-1.2973731472654002,-0.14134159417180026,-0.15881893150302048,-1.109768133932495,-0.14895875733855374,E
0.0,0.0,0.0,-0.28342761339272743,0.03110964942299972,-0.11009817825462169,-0.5281345865235607,-0.1429991410078339,-0.18179153782452337,-0.6323484257311698,-0.4753098344504547,-0.25994323857906027,-0.5124951356512963,-0.6935726222395885,-0.32161183417378214,-0.536525985514012,-0.7591836720535511,-0.021595065204381595,-0.6501848790094779,-1.2014501195095941,-0.13855122923386962,-0.6342718830119256,-1.1692260269835693,-0.23022887788063667,-0.5791453887598579,-1.0071004797046479,-0.2832730731870806,-0.41071847027781605,-0.9114669584520135,-0.023201763357256117,-0.5328501111506653,-1.4446251803429269,-0.13689667977337752,-0.4827889693874538,-1.2320478402558566,-0.21543084645012822,-0.422735981065249,-0.9986520176515684,-0.25267051027492926,-0.2831054976188317,-0.9982858009206547,-0.046999644513646265,-0.3850260870614995,-1.5301364890318692,-0.132906725769139,-0.3622527104326784,-1.3599994665476185,-0.15621163253468942,-0.31009021766344225,-1.102011698796391,-0.15629356756864263,-0.12173056054753592,-1.0135620148563982,-0.08551048862655018,-0.20822862814975815,-1.4102116838865608,-0.13806865153190462,-0.21810187889190555,-1.3573598156844775,-0.15478498147412578,-0.2024695795261847,-1.1809799749569314,-0.1599852534659878,E
0.0,0.0,0.0,-0.27923261465938665,0.03311246114501478,-0.07491256512663223,-0.5148183803785151,-0.11333061122341843,-0.12023003495818425,-0.617430424688197,-0.3870948601504006,-0.17674414846401307,-0.5289372133140249,-0.5992582416117673,-0.217191492103177,-0.47974353457812663,-0.7639951868313489,0.07478207231339405,-0.6069965836566208,-1.123667718262835,-0.02200661412948541,-0.6458748222228312,-1.0687383321659032,-0.11297284324121837,-0.6132768410134032,-0.8815316911050515,-0.16012008406438208,-0.3780652282824382,-0.9230324461161328,0.07125858952165956,-0.5144772731335507,-1.3322703034333336,-0.0074235807579918715,-0.5599862731953087,-1.2290094036067154,-0.06981134875998042,-0.5331279147193312,-1.022296063934842,-0.0931532378550653,-0.27135050013938294,-1.0170244065126648,0.04088690619826178,-0.39310887218283075,-1.4274548862680678,-0.02905846169293677,-0.4558575702261984,-1.3687845967490884,-0.054093893737708953,-0.4311070916446083,-1.1741476751451485,-0.049669733357826616,-0.12752900452644053,-1.0376202051151844,-0.0012586270658662428,-0.2381235535048966,-1.3663138401390984,-0.04434931486641205,-0.2983930377338536,-1.3573283736719992,-0.0527669446603126,-0.2952596434960195,-1.2373718560148301,-0.04455003643336682,E
0.0,0.0,0.0,-0.27089240419162003,0.11148673413663784,-0.08458559463131164,-0.4872364866684744,-0.049097668536243255,-0.13029060936871534,-0.6035996290307692,-0.2850032871109457,-0.1874239612727713,-0.5969878389941549,-0.48791795578266317,-0.225870971384636,-0.5226772795462434,-0.7131999510847737,0.029748634050616632,-0.6889577595891205,-1.0575260593605937,-0.08191492830762251,-0.6645155996148284,-0.9224767699508449,-0.16624495557470326,-0.5779221000866996,-0.7247282896741047,-0.20556725163680703,-0.4260344016983882,-0.904512965501298,0.01873456189891074,-0.6174619718428221,-1.390641285880266,-0.1010174396037367,-0.5896604880587257,-1.1472998091846582,-0.16096589542101666,-0.49427680677205316,-0.8933275609390373,-0.1657650014414803,-0.31058275635192467,-1.041120579388947,-0.016572759236377608,-0.47631061956336573,-1.534418805310905,-0.11501075397950869,-0.47536796338954296,-1.3263198026169094,-0.12804745929379854,-0.3980785884376519,-1.0762968860021183,-0.10295468006284363,-0.15793605753277515,-1.111974121902293,-0.06425807593100946,-0.2896003626496679,-1.4708565057675511,-0.12540573547476577,-0.3246377360760304,-1.3826658244586152,-0.12977903785458933,-0.2962458778925789,-1.1994378783842055,-0.11157770210322179,E
0.0,0.0,0.0,-0.24510399614407324,0.0692596983167341,-0.07028026935509997,-0.4536038528027339,-0.14712783367404603,-0.10438139392268313,-0.5551436377710064,-0.4048200649976483,-0.1519824206465116,-0.5191940306339068,-0.5770943588519364,-0.18174094082930745,-0.4439455769204748,-0.804928186976612,0.03366905324359278,-0.5630288984910372,-1.2201986930938846,-0.06487068669460935,-0.5933545291291153,-1.1206106045823996,-0.1294362605363308,-0.5371684030217265,-0.9485391381435571,-0.15665853254652373,-0.34779175668820095,-0.9373851825446788,0.018705975660580063,-0.47603232213263014,-1.4657911307690308,-0.09606314151347195,-0.5128832694679598,-1.249744921444209,-0.1382316359824495,-0.4423212328739898,-1.0107705905594346,-0.1280043740087321,-0.23162442415925277,-1.0331557693440274,-0.019290862761262746,-0.34278419616095024,-1.5776371700207776,-0.11154049239561085,-0.39555192143999623,-1.4027309489898743,-0.11415266071526858,-0.34027696645148403,-1.1697776258204104,-0.08081021481159821,-0.08596208755071784,-1.074438737168052,-0.06920487227564118,-0.1784860559246009,-1.4682083299420494,-0.12535630989329238,-0.24969210405706913,-1.39536310514598,-0.1270589132422931,-0.23365511292579716,-1.2065851101381448,-0.10612946527967436,E
0.0,0.0,0.0,-0.21322957266562556,0.037879181818568246,-0.07080312273140349,-0.4153455708178869,-0.23065280258779897,-0.10211704641925937,-0.4938409621306249,-0.524203102705464,-0.14406881175064057,-0.43002122650427027,-0.6178999933833201,-0.1697865401784431,-0.3785532315574168,-0.8428485912398013,0.04039493743668614,-0.48869588133463693,-1.199050771218941,-0.04317283420540666,-0.5314874165210323,-1.0693580800041893,-0.09496498451538897,-0.49115510480260494,-0.9359754989314668,-0.11995214881279653,-0.2937268573474884,-0.9555752263858868,0.024505509387268646,-0.4006705401128481,-1.436785237421352,-0.07445528910603323,-0.46155270717468244,-1.2106460501035843,-0.09659036568578219,-0.41720653089382537,-1.0242875503450484,-0.07768036373702708,-0.19674631468559112,-1.0095948639170271,-0.015020000242067323,-0.2844897893210072,-1.5286668697840866,-0.10776843046163274,-0.35319992584546306,-1.3048157391685602,-0.09057485188756526,-0.3203498126608086,-1.0946010765088376,-0.04433507978618623,-0.07917654285558282,-0.9895698366576701,-0.06603442230214478,-0.17780891121101275,-1.3761492348865854,-0.11772860190370882,-0.25008409756987415,-1.2402948525963364,-0.10098849612174889,-0.230634365638136,-1.0444838224928004,-0.06943980405102897,E
0.0,0.0,0.0,-0.18915152081668685,-0.0008104217839514798,-0.04346740481403379,-0.3443441898671212,-0.2926661642351959,-0.059737594387680504,-0.4171453484549506,-0.5334073233364665,-0.09592271148421597,-0.45702773985769385,-0.6194826019774584,-0.11915675075344673,-0.3576368532249913,-0.881860117872707,0.0803200717502779,-0.46335035738654895,-1.275124503828823,0.001168842920913971,-0.5428872090652992,-1.1458056613862635,-0.04411635734497953,-0.5303906812099327,-0.9543311046226303,-0.05824307257353939,-0.29080072221220077,-0.9554535157044634,0.05043331526722251,-0.4015593040070789,-1.4397053522256649,-0.044713716016693904,-0.4890402661590166,-1.206322060987663,-0.06423750247024496,-0.4581764867613879,-0.9933892208775938,-0.038831921363587846,-0.2074731717030144,-0.9924425743493315,-0.0035213753667467994,-0.29878393957702837,-1.5197627873420227,-0.09580478652845158,-0.38955493133229757,-1.292757527088189,-0.08488280711303861,-0.36620826132902584,-1.0621264374640627,-0.04035780715735961,-0.10653864514457663,-0.976749887861157,-0.06697515624827702,-0.21920127078353377,-1.348549929624162,-0.12623121090084682,-0.3056586713767877,-1.2075195111235657,-0.11716236241362071,-0.29167579302735064,-1.0025422538036042,-0.08800716455480713,E
0.0,0.0,0.0,-0.2005985481585622,-0.035844878699536,-0.03036941939514627,-0.3595020857147022,-0.31385634561217585,-0.04400986595546043,-0.4185642199734551,-0.5774843248831626,-0.07741841993030792,-0.3988074102394731,-0.6369191902250818,-0.1001484509318079,-0.34157229073492706,-0.8775431584628535,0.06952147758206999,-0.42453953507487424,-1.2606217569556266,-0.0008402378978489245,-0.4988596520156634,-1.1313040069165798,-0.04893235495395136,-0.4992624586888122,-0.9535332783920893,-0.0712884604417115,-0.26951736411531296,-0.9622054974263184,0.03899963029189931,-0.3592661556008279,-1.4134633617111978,-0.04332883859240903,-0.43428127646098463,-1.1789686268513502,-0.06747155013097811,-0.41246695265116967,-0.964636292538963,-0.05615142889304631,-0.18556034070206673,-1.0068328608659851,-0.010066082484771114,-0.2728295974331139,-1.4642525432822782,-0.08298749114829454,-0.33512924005809974,-1.2352785180917252,-0.06940885637016375,-0.31032268720789785,-1.0112775862280652,-0.034649092067658614,-0.08247641071143237,-0.9956182061290964,-0.06762550707609864,-0.16634502907618146,-1.3570729022617725,-0.1031559325928288,-0.22802563012906985,-1.2199203751020213,-0.0824440682024389,-0.2125037384414497,-1.0189241417136332,-0.05487735386066811,E
0.0,0.0,0.0,-0.21840057402936355,-0.0059086439350476945,-0.042072398720437845,-0.39832392725992727,-0.2734990360437084,-0.05769846793407786,-0.45547447817841935,-0.5612507103205813,-0.0911381195550179,-0.40114461153806386,-0.6821139229545155,-0.11476101986338853,-0.3345577390047253,-0.8629856035316936,0.059131459184541525,-0.4068092058959685,-1.2194963702384907,-0.01382392257302254,-0.4471562109221097,-1.0862422996301713,-0.07082143444138954,-0.41669210607818447,-0.9050781883444516,-0.1010288629117848,-0.24845018764417323,-0.9680382626230287,0.034269904542662655,-0.33104356802187535,-1.4100095455889277,-0.048896715418306196,-0.3883706350327667,-1.2098608784416538,-0.08470302709399027,-0.3582346928998929,-1.0008343808787643,-0.08441450903972356,-0.15490852169741803,-1.032974173712397,-0.009936225985309582,-0.24077866963329395,-1.4612773940061943,-0.08554349739102839,-0.29194396720335697,-1.2579911711825256,-0.08842358612333778,-0.2599730438135865,-1.0373007475043134,-0.06622424432846381,-0.0439978151865893,-1.0379027602826012,-0.06370122549723649,-0.12199162927319879,-1.3812199853106293,-0.1074910491637156,-0.17430513901191702,-1.255766067922225,-0.10163219777416554,-0.15871440874875936,-1.0611055505044615,-0.0848775332612483,E
0.0,0.0,0.0,-0.22689318891095278,-0.05865215728681586,-0.08644522035680731,-0.3933734035722584,-0.3495286976429832,-0.13419604463373064,-0.4300292850900783,-0.6586369713924611,-0.19012964534592056,-0.3387444511514238,-0.7985044378850865,-0.23184891916873615,-0.3066492969677065,-0.9118396768593163,0.0012537112771641643,-0.32926792465244814,-1.3330119597179106,-0.09904114781729345,-0.3755569305225566,-1.2742749729834704,-0.17664514625280886,-0.36586913830402124,-1.078914370903577,-0.21654779072225303,-0.19695755009390126,-0.9804003175784078,-0.004789650630832534,-0.21908201258375182,-1.481719731852329,-0.10409381862265886,-0.28050741955829983,-1.3406288362150767,-0.16072040354760944,-0.27015943879737997,-1.1162212847694344,-0.17689968508940077,-0.08768523771112759,-0.998991970199496,-0.03277384554708612,-0.09961387384611466,-1.4871969538455667,-0.11459148801303254,-0.16092253934274156,-1.3911642291883686,-0.14215480568543443,-0.14894233228959555,-1.169131700301333,-0.14006302764257106,0.037666563793801525,-0.9557002714787816,-0.0727298219031332,0.005035368291048384,-1.320597506682878,-0.12053384972845743,-0.047508664817063125,-1.2989347587579543,-0.1347880666557027,-0.05005247104645894,-1.1351662587723739,-0.13483248429702824,E
0.0,0.0,0.0,-0.23444506731841555,-0.07016805507057772,-0.08792907567220559,-0.3927976696942181,-0.35352560991974497,-0.14170554073802677,-0.4265246559590518,-0.6550915839541472,-0.1995959948979543,-0.3175127490322885,-0.7822574258105579,-0.24116849151285955,-0.30900006322960705,-0.9242721438462277,-0.009422815108881861,-0.3246173316867906,-1.335495485272459,-0.10487035089751631,-0.32953652073274375,-1.2696341505053734,-0.17828144267565,-0.3228903998168429,-1.0742640139964905,-0.21644903266599802,-0.1820491467030274,-0.9832386192742895,-0.009996286925080812,-0.2057519882055212,-1.4511524179542068,-0.09452494752512489,-0.2117763315111722,-1.3025674188960925,-0.1490497839583687,-0.203103067739133,-1.091382748069971,-0.17052575263260736,-0.05892253209629382,-0.9815308527203777,-0.03042173318525478,-0.06203169393777234,-1.442111317009393,-0.09948305756333131,-0.08371519560565671,-1.3357449081711545,-0.11784059830802589,-0.08120727710724678,-1.123438108091132,-0.11491313906326793,0.08204178972549497,-0.9084142137776793,-0.06223271617608283,0.07056190231511512,-1.2528947527942889,-0.10893339789712368,0.041496742280895574,-1.2319237901975957,-0.12122161673509556,0.027325633813734016,-1.0944752087074754,-0.1201869891272209,E
0.0,0.0,0.0,-0.23544566269862133,-0.11972461986717242,-0.09784927558481678,-0.39353146787328264,-0.42738956210532053,-0.15708791611329057,-0.4030469926091521,-0.7440360529252882,-0.21712147911678584,-0.27043080492216387,-0.8210084915900424,-0.2618560094675248,-0.29440299999834013,-0.9399114948399395,-0.0403736925647447,-0.2873543157057375,-1.3557919548812232,-0.13763041352830743,-0.2726580279207196,-1.2534979489672207,-0.21323399399596163,-0.26297827939096713,-1.0539623070404194,-0.2573276161086791,-0.16140735581791013,-0.9861732131648167,-0.03755075397447665,-0.15289384504865716,-1.4696485600042397,-0.11811633460221192,-0.14204387757552325,-1.2635226918760925,-0.16909499261898744,-0.1463433062641663,-1.0617225033612165,-0.19551370233363838,-0.0465213660959633,-0.9723708253487755,-0.05317736721911746,-0.025321816073178408,-1.4382578038633287,-0.11672416471315827,-0.028219619563423046,-1.2913064963259002,-0.12950149124605506,-0.03880085719202112,-1.0776314345697025,-0.12983157951661034,0.07682911608100175,-0.8798611984271434,-0.08134993184462938,0.08078790480930265,-1.2281724005350902,-0.12203387298834664,0.07092128950802576,-1.1799829188115638,-0.13090622674358007,0.05219803523785246,-1.0381984401831967,-0.1343696225784962,E
0.0,0.0,0.0,-0.22906575957130187,-0.13863848981570823,-0.0888813938805796,-0.38083389198622963,-0.4169882205827146,-0.14500724759103917,-0.3779565651484545,-0.7142089374776192,-0.19856533753970582,-0.25345438535589443,-0.8041771239218132,-0.2309476259716941,-0.27956048710963455,-0.94198536413748,-0.0459346251487964,-0.25299717013528383,-1.3440571132812855,-0.1302713825858333,-0.22761261844879946,-1.162902044664416,-0.1858185951743965,-0.23879827907070378,-0.9556946986596647,-0.2158456881441384,-0.1464197884859875,-0.988168187867751,-0.045660464582434834,-0.1216122433419591,-1.4336188732231951,-0.11674532528340179,-0.09828842930710316,-1.1593552407901289,-0.15165349137902312,-0.11993119514319726,-0.9796200379285824,-0.16690741590561606,-0.03554719909005621,-0.9645943999341904,-0.0608130451837239,-0.006990629243830102,-1.379780379928206,-0.11904139859106781,0.006270947267363376,-1.1781287359299755,-0.11187718284845252,-0.016853448075765567,-0.9843674404018325,-0.09927268538060495,0.08047384852039112,-0.8511638104697307,-0.08655316168186991,0.09645746682252315,-1.18643613566871,-0.12229613084883083,0.10077439112458038,-1.0864426064939365,-0.10965394318986901,0.07585172488567912,-0.9393156288886338,-0.09623048493624024,E
0.0,0.0,0.0,-0.15407534464135555,-0.06038851469058896,-0.10304002135739065,-0.29775849446157143,-0.19348240565109925,-0.18790623770496845,-0.37003454409583225,-0.33762888343562253,-0.27516398808588477,-0.3220098223959474,-0.4418719287013534,-0.3425005665347677,-0.26572732730842985,-0.863729765466462,-0.0707769432934322,-0.32480056525072915,-1.0122863592440672,-0.20820667709822416,-0.2974132133636225,-0.752319144343585,-0.30526513087711205,-0.25661473178509825,-0.529103534574723,-0.35257869802712977,-0.1678317554307221,-0.9828527020427638,-0.07637452426222092,-0.26935972277020925,-1.390431656898031,-0.1624994183154201,-0.31711434940873046,-1.6640635747789239,-0.21185144892390806,-0.3617140358623864,-1.9374276723352286,-0.24505855023245607,-0.05572745931425419,-0.9777927296697695,-0.10494631811958247,-0.12155283434466937,-1.3691054010111896,-0.1747143657010531,-0.14615303506664007,-1.6032428601009576,-0.19437500544540473,-0.17317187959608826,-1.8363219679750984,-0.20296638693963753,0.06515396851262813,-0.8775225720442392,-0.14701461164163,0.056698652194476826,-1.1442617980488774,-0.16899784742618124,0.04464613897307487,-1.3076101670177434,-0.1580274953296834,0.036996797811439684,-1.480089808296099,-0.15017490943021689,F
0.0,0.0,0.0,-0.15359879530967038,-0.06557499392789842,-0.09760160514189388,-0.2964612359676976,-0.2039349130103896,-0.18393969480516678,-0.37193762066749697,-0.3416964614514215,-0.2739027934440954,-0.32126461739561696,-0.4607255771253167,-0.34490647239141614,-0.258249857141232,-0.8700350210423692,-0.07217119272588338,-0.3196442316318915,-1.0241604115167164,-0.21523896834163772,-0.2990891367573696,-0.7547836637962975,-0.31802184380507714,-0.2644010396683169,-0.5247137771792969,-0.3680733669069884,-0.15975795288973113,-0.9839042774409023,-0.08006103497943472,-0.26302546386412223,-1.3931023122845652,-0.17064602160354111,-0.31758038458905546,-1.6684190244623454,-0.2249515406717757,-0.36871207424118174,-1.9476545085046582,-0.26141518965944155,-0.04727853072344036,-0.9711997763821331,-0.10986014516536412,-0.11235665468411737,-1.3669567052739864,-0.1805935257025921,-0.1383173854666201,-1.6080790486423995,-0.20064111720592484,-0.167269969456419,-1.846221622217116,-0.20981553960713129,0.07169355123826401,-0.8675521212158941,-0.15221206425658498,0.06299953515324931,-1.1452630409643274,-0.17227101416870147,0.05073366200815073,-1.3162170015590358,-0.15813520256050875,0.04494353187942613,-1.4944933899610522,-0.1484632607085999,F
0.0,0.0,0.0,-0.16028576802491037,-0.07097676322696152,-0.09509945304286042,-0.3120402208844199,-0.21791353789905438,-0.18175048796802148,-0.39983475396002127,-0.36431407775538927,-0.27218017834257735,-0.3518621028224599,-0.48886178359642546,-0.3440426026565315,-0.2669762519901768,-0.868107530675456,-0.07150027093572614,-0.33015073839675674,-1.0106982727935876,-0.2196269220447121,-0.3127070800912524,-0.7460306020619032,-0.32683627344532723,-0.2799979613520733,-0.5112496474054242,-0.37865683114367243,-0.16921980156205577,-0.9821746776702596,-0.08183862964774063,-0.2694340149794352,-1.3931889032700857,-0.1743089796889944,-0.33323294381641017,-1.6713740294382795,-0.22813743551683874,-0.3928885248095599,-1.9443511707745085,-0.26311368275571917,-0.05569226344477215,-0.9696250959506417,-0.11428278663055488,-0.11500272612054412,-1.370008616955823,-0.18437739086587948,-0.1414042773999399,-1.6111830571448125,-0.20119178665275725,-0.17068775943296896,-1.8469782788674116,-0.20798309515490207,0.0608514448833929,-0.8623540323578872,-0.1595146527544004,0.05782924956222205,-1.1329884903113856,-0.17873150101807975,0.047044302144168215,-1.3029893871713611,-0.16189585165465606,0.041921271367283956,-1.4808506429149082,-0.15002591743846,F
0.0,0.0,0.0,-0.16215183288692922,-0.06411820650073521,-0.10064685033889971,-0.33580620796701866,-0.21453012407656918,-0.19263942436383408,-0.45854159704840974,-0.3689273597440151,-0.28658713108648143,-0.4196116700465731,-0.4877409427560516,-0.3629716792835671,-0.2897989818363357,-0.8570935142629793,-0.08338031625319568,-0.3751907731513466,-1.0048298346386177,-0.23718510766958667,-0.36871058511978516,-0.7569085713854173,-0.3475736921885917,-0.3368508458620634,-0.529452156848404,-0.40014733189070584,-0.19422099016398622,-0.976441677230696,-0.0940205187532274,-0.30362228765360466,-1.3979329598278603,-0.1975528394679508,-0.3735227856015592,-1.6942997959040855,-0.25650696987904326,-0.4343501375127404,-1.981117145776607,-0.2907714146879741,-0.07930297466384648,-0.9686581440319603,-0.12667847263141233,-0.13270530525482604,-1.3830174434038942,-0.20944187929076533,-0.1591738792255623,-1.631716177184381,-0.2332498911225596,-0.1900828999107281,-1.8644318285606016,-0.23934764298341898,0.04062562443006059,-0.8641043587276104,-0.17107963696663495,0.04214010415771227,-1.1553077164383407,-0.19491978796606285,0.03278642625428841,-1.3362233057696435,-0.17896789450129852,0.025176018490740814,-1.5142504467991313,-0.16541537304919463,F
0.0,0.0,0.0,-0.18124041639198935,-0.0881011283991601,-0.07335897474688459,-0.35706831695967883,-0.25451368634998633,-0.15478048451560705,-0.49763427580344427,-0.38012683704295747,-0.2415687167793969,-0.49037782757784165,-0.4696406118634311,-0.3210483614232176,-0.29189977313764054,-0.8604377105004549,-0.07603270137368674,-0.4220650857371157,-0.9439433019459806,-0.22090566685047375,-0.4474865600924728,-0.7100241372633113,-0.3341772611646372,-0.42614480465868293,-0.5001697444675184,-0.39397758839374886,-0.19809186865126216,-0.9745690426095855,-0.10476064509770242,-0.3193386800828218,-1.3868949515711488,-0.214966982130587,-0.3908764552573419,-1.6894840861105411,-0.2846652301820285,-0.44232147919612114,-1.9723124363942184,-0.32654112724593687,-0.0866147936875513,-0.9537362046321831,-0.15070256775331334,-0.12336011273350711,-1.382575684093839,-0.24623563156271955,-0.142043421386643,-1.657557710155854,-0.28526373189768794,-0.1623621664758983,-1.9115861381660697,-0.3006210246854293,0.02471712273775173,-0.82883479903076,-0.20302824685708926,0.029434159113177413,-1.1465205447891313,-0.24112176587649156,0.026513244007558542,-1.3464134636928289,-0.23106135806120076,0.02614184516650491,-1.5399227339698562,-0.2208692693943768,F
0.0,0.0,0.0,-0.18395778527341516,-0.09546766814711513,-0.05631733698330912,-0.3603722993761072,-0.2504359479827037,-0.1384708996280281,-0.5033093286860928,-0.3560392255832012,-0.22801528763699,-0.5561414448408112,-0.4750694150408423,-0.3133278571959947,-0.29053230815354103,-0.8710828394980397,-0.0918128799596488,-0.4458086359603394,-0.9515589236725934,-0.23729682275563962,-0.48559417749137873,-0.7340475861597789,-0.3484933403411621,-0.47593965685648437,-0.5281843912705148,-0.406691108095798,-0.19932340950537691,-0.9708014688962665,-0.13347166894889365,-0.32712830638169305,-1.4160463997383985,-0.2414053936807296,-0.3972430975524114,-1.730109492453183,-0.30776901443179433,-0.44844253427182107,-2.0137866627617127,-0.3489811354370283,-0.08651538605983586,-0.9345961349390438,-0.1891497812440037,-0.12211142480662787,-1.4070140201410253,-0.28269799001450124,-0.1410701024394967,-1.6937940873893218,-0.32298190555783424,-0.16061817684475407,-1.9570327911599474,-0.3429570407441107,0.024541574837993615,-0.7922243220210411,-0.24888759994546722,0.03398678405500125,-1.1230089034232436,-0.29415256365532494,0.03126825441209975,-1.3348086335810656,-0.28808574399338327,0.02858473594499398,-1.5462601410731496,-0.2812523936786333,F
0.0,0.0,0.0,-0.20294259287233543,-0.14295594169322123,-0.039179528808864515,-0.3705594374635951,-0.3316073765475864,-0.10577033079295507,-0.5295576114828459,-0.41528114718397746,-0.18373668531886875,-0.6358526197761656,-0.5020083883024793,-0.2593697658771431,-0.27525764619142046,-0.8992331940086268,-0.04494242694813748,-0.44271392139135873,-0.9747222654009046,-0.17131770673264857,-0.5292562425051405,-0.7742275119130831,-0.27937578381934014,-0.5587976351757307,-0.5790853125644911,-0.3398182254403359,-0.206634242301635,-0.9743526664866468,-0.08910202701841599,-0.3401110447177029,-1.3795406049644985,-0.18807370134547546,-0.41929321211037335,-1.6571550771091659,-0.2552234109342817,-0.47638575672278743,-1.8952065531462203,-0.29880883906112377,-0.1267167346033635,-0.9142093034391258,-0.1474880849542637,-0.15428042349465998,-1.3365542983653347,-0.2271902645179647,-0.16289137902083967,-1.6132817813348197,-0.26305662353969717,-0.1712766694565136,-1.8696235817239946,-0.2824643939242513,-0.06002763736008212,-0.7677738760769095,-0.209883156455608,-0.06087195268802145,-1.0758942421684154,-0.24314139300203388,-0.06994171234585977,-1.282039302345439,-0.23341797910000153,-0.07961396886392666,-1.4930355592303814,-0.2271322660582053,F
0.0,0.0,0.0,-0.260066803641345,-0.19715572286427605,0.1078083108560762,-0.4171344566390378,-0.3910827004389177,0.09772678827887682,-0.5778027367547928,-0.4673283657407755,0.04404874330004638,-0.7128650737932037,-0.5537419330031438,-0.013627654318350942,-0.2988500727043289,-0.9502676086343361,0.08439997704862334,-0.48811690611648473,-0.9935856600998237,-0.022496088024855664,-0.5881716626026116,-0.7911444678442761,-0.11594455831586482,-0.6259273114003389,-0.5847310139040925,-0.1678883163776172,-0.2312155487301481,-0.9719027735981681,-0.044094996287610606,-0.3783474786482438,-1.3921697906656314,-0.12710381031842208,-0.47410976934879456,-1.6800619597858948,-0.18470893760500148,-0.5374095457603639,-1.8885609438337074,-0.22396982384673322,-0.17412402294900767,-0.8932430908156318,-0.1794383966481656,-0.22552679525498973,-1.3570205290710007,-0.2396504288423485,-0.24770371094095298,-1.6559619650303854,-0.2550181239617168,-0.25314174089614744,-1.9083798468489248,-0.26537426946245657,-0.14151587142801564,-0.7691821754475916,-0.30885032125265527,-0.15744744720544884,-1.0948114487265317,-0.34436206872526137,-0.18078946074749705,-1.3268256532451252,-0.33614963713717194,-0.1955903080665524,-1.5489005493872383,-0.33094851494584876,F
0.0,0.0,0.0,-0.2639121186263372,-0.24015652839518356,0.10162572882025755,-0.38790471737440774,-0.39769868668721653,0.08009067696328195,-0.5446725722601892,-0.45120192780031165,0.016090088991243565,-0.6718465844476001,-0.5457686050706446,-0.05105613273163108,-0.26574777026043483,-0.9683480976896658,0.07788643436282988,-0.4739681702130358,-0.9814820727057461,-0.022238826633273943,-0.5750127314947057,-0.7721161247109646,-0.11807564173231676,-0.6193690501636698,-0.5747912285740417,-0.17469090469415702,-0.22323738899834206,-0.9740421101340312,-0.03751047638789212,-0.3748336530150602,-1.3561951668957366,-0.10970346372684556,-0.4535463663806858,-1.6367275394984298,-0.16825894785427534,-0.5080619188979381,-1.8436348289942444,-0.2140527630693837,-0.19005596443807474,-0.8758067608397009,-0.15686305913345275,-0.2579042705103616,-1.3357200205673736,-0.20364133343487284,-0.2885376938709405,-1.6268356161402517,-0.21194455340703125,-0.2994970651594235,-1.8620361960885952,-0.22160432926574455,-0.18575675062264116,-0.748357185623559,-0.2714094314098755,-0.2382771024257927,-1.0467950553912984,-0.29925541034875264,-0.2725201144179241,-1.273314084312521,-0.28903520937637805,-0.29501533867825935,-1.4884381514284908,-0.28407073928639665,F
0.0,0.0,0.0,-0.2701276677822909,-0.2936724314059109,0.17835590520618533,-0.3940465040008675,-0.44168138989917927,0.18936594878166485,-0.5567621645096009,-0.4758084267877921,0.1450111894900223,-0.6845418640962438,-0.5700805912958699,0.0919499665393374,-0.26292001670324355,-0.9937947044441563,0.13148705238601346,-0.48061516965907236,-1.0203951022441744,0.04300317702227156,-0.5872204698042378,-0.8176317903313984,-0.039159378231808206,-0.6239686274724597,-0.6123451477855697,-0.08638279730911744,-0.22222921650157318,-0.9747078906250063,-0.02363690517913727,-0.3793878349289249,-1.3993875890994902,-0.08571361527190717,-0.4676307565723759,-1.6972491089875386,-0.12904477252335703,-0.5274256131883068,-1.9071527026970365,-0.16370140340465472,-0.19771344845043512,-0.8724533898718376,-0.178089533080276,-0.2686790434702073,-1.373092385232931,-0.22540552334008565,-0.30123330936193976,-1.685809632422758,-0.22126845515159027,-0.3091668736951464,-1.9319134387601398,-0.2208921355132999,-0.20383530868308491,-0.7596781965504998,-0.32039217788306174,-0.2567848550400798,-1.0921314412653935,-0.36746203009766654,-0.295204066497313,-1.334990191202947,-0.3613071934018676,-0.32426424365126183,-1.5618639470203663,-0.35518299310273854,F
0.0,0.0,0.0,-0.27356000113082196,-0.2548232552183316,0.1346146626604835,-0.4020109743285285,-0.4098354448828421,0.1305921355792882,-0.5588890124070908,-0.45272972249614457,0.07798263267630223,-0.6842924088145652,-0.5510745379046491,0.0196047011863263,-0.2832744569073659,-0.9694378340649904,0.10703266034779126,-0.4873167933915607,-1.007613975194727,0.012176486089956159,-0.590649638684174,-0.7973243500966997,-0.07729279143346461,-0.6314330427094901,-0.5965051308258544,-0.12970798084030538,-0.23656290650969028,-0.9711793413460007,-0.02913208208205921,-0.3866238810177181,-1.3707254355665894,-0.09667728455483489,-0.46895209565362184,-1.662195070269033,-0.15017343421128704,-0.5251889082607039,-1.8784562392329127,-0.19283669026600597,-0.19921741290989928,-0.8764184762428091,-0.16874294434741344,-0.26824258914722493,-1.348380114928321,-0.21925560013459006,-0.3045477619339023,-1.642797000193062,-0.22890640726987,-0.320551928593199,-1.8817562772844476,-0.23908447566562802,-0.18870912433103565,-0.7500437561607519,-0.30054654153417043,-0.24336168461948335,-1.0636157586797463,-0.3381369079290566,-0.2825883864203489,-1.295009974953203,-0.33249782421525054,-0.31207844608563756,-1.5134619859200449,-0.33006661983084284,F
0.0,0.0,0.0,-0.2503077861900795,-0.1490491771474787,0.009322100642618023,-0.407671910050607,-0.32835403297496424,-0.0369459531778364,-0.5684082718244929,-0.4051892151611049,-0.10573892898493614,-0.6967168149763973,-0.5174505915862044,-0.17385362512082628,-0.2997764975226471,-0.9153661911504476,0.005220338123052928,-0.48915918541138437,-0.9409797463170545,-0.10666196383950996,-0.5817429429702866,-0.7321502372197528,-0.21259345435818583,-0.6184315455633593,-0.5316429028398966,-0.2727318684999636,-0.2525626743203199,-0.9659188539009897,-0.05668212433180537,-0.3947417579094977,-1.3403212566796956,-0.14502860840590048,-0.4841559109196802,-1.601854382939386,-0.2145033143216535,-0.5519274248338859,-1.799692465143846,-0.26119190773035217,-0.19010025425625818,-0.8951502105774615,-0.12840065439046533,-0.24021200873860152,-1.327948907084787,-0.18967677044412035,-0.26173401493361265,-1.6289521714226263,-0.22473992881569738,-0.28301076746219767,-1.8733159209625412,-0.24737134022002832,-0.14568466572157882,-0.76852604169152,-0.2011923678540843,-0.15366537954166284,-1.0694423207350678,-0.22159496802334736,-0.18078584900421696,-1.2992796507490911,-0.21425974303556114,-0.2077734727307903,-1.511236393334856,-0.2120119738665476,F
0.0,0.0,0.0,-0.21018399336878785,-0.08442766193018536,-0.05079986008954244,-0.39150860863848136,-0.242930795911133,-0.12520686793173746,-0.5546260951329751,-0.32064007404244177,-0.20853865416317993,-0.6585787558173691,-0.4220637814478514,-0.28792605088943607,-0.31779131690697704,-0.8638266461839607,-0.06536679105222726,-0.48901624829871193,-0.919991989910585,-0.199068306037357,-0.5692447465481557,-0.705097146690687,-0.3098553315605349,-0.5929633471769064,-0.49774272222597504,-0.37050960907090297,-0.24493026523991,-0.9636824804216868,-0.10642012073763368,-0.40165918304316683,-1.3700539037675137,-0.2125059774286177,-0.4963058295942934,-1.6571145728795216,-0.28082400674664926,-0.5676938368893811,-1.8987765817513576,-0.3232720766559694,-0.1519118374537332,-0.923208660526157,-0.16209805905407984,-0.20296476892163204,-1.3606194119110342,-0.2492410121515825,-0.23048236127505894,-1.6622150272549177,-0.2915885350331994,-0.25351713783156166,-1.9305460358992679,-0.31394527527203075,-0.06739629898559325,-0.7897592387521879,-0.22200894902393054,-0.08007582666926312,-1.1147589345842315,-0.263765025958147,-0.09557407773491955,-1.336699473897856,-0.25952665154369775,-0.10739347208981233,-1.5566352601668139,-0.25527379905248504,F
0.0,0.0,0.0,-0.19848861453433417,-0.07364846998490904,-0.05844252519296374,-0.38420824036896173,-0.22124301598579543,-0.13808514566927313,-0.5303465505065648,-0.3229572528062852,-0.2249675600708586,-0.6054756033351621,-0.4514150722088316,-0.30629095017146957,-0.3196262994518158,-0.8529397443470291,-0.08357854916275292,-0.4829375373917969,-0.935785071353634,-0.22793966399722612,-0.5258881887418115,-0.7132450773999104,-0.3419023833003079,-0.5199569778800869,-0.5085096005637771,-0.4021664230470078,-0.23725015307936873,-0.9638877883124176,-0.12096568276173304,-0.3856481494336205,-1.397759858616715,-0.22861010106793767,-0.47658813133723316,-1.6843003303085,-0.2944928331197958,-0.548758023523899,-1.942341802131027,-0.3341597570964503,-0.12662520786570794,-0.9493852946078741,-0.17323905249060345,-0.19475579278565033,-1.402107083576796,-0.262228554828711,-0.226742855641756,-1.6820089930173248,-0.298847845533168,-0.2539834030591386,-1.9400527563203604,-0.3160222592174384,-0.013343291002201309,-0.8366647904690007,-0.23076117468891202,-0.031471766176710166,-1.16882434256319,-0.2668192137884591,-0.047409299549831474,-1.3737113435479613,-0.2556324565756318,-0.05952235195392067,-1.578319929650925,-0.245796025861326,F
0.0,0.0,0.0,-0.18455399789678784,-0.0575242155218547,-0.0946186575903286,-0.36990886182578325,-0.2036405987666658,-0.18365046298160476,-0.5086770520442159,-0.3417220498936357,-0.27436301886602493,-0.49420496497896244,-0.47666727008954096,-0.35222040371758967,-0.3269895048101476,-0.8299757469006346,-0.09115623618428521,-0.44765840519311684,-0.9439769785152811,-0.23927786544265356,-0.44663691257496424,-0.7135897142123033,-0.3501943680269397,-0.4152686709233382,-0.5059038238825997,-0.4061078117266965,-0.23126242584364046,-0.9672227153965142,-0.10487091691173756,-0.3632906292322881,-1.3815679185740721,-0.2096026538768832,-0.44135571664123574,-1.6851037720762831,-0.2733787622809836,-0.5090245177301471,-1.9691369133627812,-0.3119645971785597,-0.11001215604469831,-0.9721479708714837,-0.1380916291409268,-0.1754605666527803,-1.3934054812596546,-0.22434642803436788,-0.21020261536707124,-1.6594544483749307,-0.25657134562842654,-0.2460588142157631,-1.9001142673146618,-0.2695996492078391,0.013310760695445545,-0.8731259002296083,-0.18107151898706123,0.012938153183459028,-1.1783939972977793,-0.21162540559306248,0.006552976842722687,-1.3678034750399228,-0.20067430414524648,0.0023785862402778387,-1.5514406437629789,-0.1909646333262358,F
0.0,0.0,0.0,-0.16419442217723831,-0.06534338197550985,-0.0964758602989383,-0.3267538971173083,-0.21380070698369183,-0.18591446489941085,-0.429558400480048,-0.36371110212526464,-0.2785113765309621,-0.3863503519528141,-0.4909110539552405,-0.35406909415167664,-0.27988883954622956,-0.8569479025925716,-0.07984849695485473,-0.3427195921140483,-0.9970216386550695,-0.2255989052592805,-0.32168942626579056,-0.7600869427496076,-0.3333599594680568,-0.28158246578782764,-0.5515759672505525,-0.38716064593060606,-0.18112845979684278,-0.9787649595896456,-0.09597726257350231,-0.2850848514835069,-1.406540741973036,-0.19432899241970544,-0.3501771095680211,-1.7041328424860394,-0.2563905737840201,-0.40682709970242154,-1.9862379963725671,-0.29508258114776115,-0.06195112370046657,-0.9719796087409178,-0.1332287577365245,-0.11887365139098621,-1.3834634853588665,-0.21531059513455775,-0.14872763776792475,-1.626585061887782,-0.2471518634935685,-0.18355265354856867,-1.8529208278556761,-0.26108807490196984,0.06671163174704722,-0.8675223597699979,-0.18146873077765924,0.07993582140886539,-1.1640487828186654,-0.2106987139146592,0.08006041000594848,-1.3434883440662102,-0.20290247121236676,0.07905396774513673,-1.5249615082516343,-0.19606815746213468,F
0.0,0.0,0.0,-0.14545889339771884,-0.09617091820296378,-0.09829242215119514,-0.26728464264421103,-0.2513748805435329,-0.18243189411702398,-0.31178253324145944,-0.39880617738710794,-0.27148090476364467,-0.2617393225295512,-0.5211649870462363,-0.3446775452149582,-0.22940671769114487,-0.8721435776354265,-0.0726478057679351,-0.28154407528148034,-1.0241960633735538,-0.21339906444206577,-0.25127951041473545,-0.8017425739833668,-0.31854769500687113,-0.20787011799141578,-0.6090975777825467,-0.37323084230275677,-0.1316816393445932,-0.9875710035482378,-0.08581059847272436,-0.22127148586651563,-1.3902194249790496,-0.17615639645375847,-0.272918672962473,-1.6748565027197564,-0.23909951597318235,-0.32720585440586886,-1.944266460692309,-0.28474684305989695,-0.02157496086885434,-0.9849741655160652,-0.12133909328971888,-0.08193546129639775,-1.371767169835793,-0.19755208878616684,-0.1110848882884325,-1.6214237896789245,-0.23524218719891105,-0.1454053475991482,-1.8568109869969938,-0.25904118013731503,0.0976241138805901,-0.8872853171625763,-0.16898615449031007,0.11044233870558472,-1.1633980902487413,-0.19663092123277143,0.10775146252965374,-1.3351799383855865,-0.19671715061423828,0.10060696117708541,-1.504884289456993,-0.2000516419610483,F
0.0,0.0,0.0,-0.1238424536261594,-0.10525979806507335,-0.16082499991721477,-0.2132382374217948,-0.2702512796011565,-0.2579428181978244,-0.16792322233412918,-0.4012485221115428,-0.3391273919125013,-0.05439851676330147,-0.5405496141694618,-0.4002658566427525,-0.17205783953377185,-0.8756553487513953,-0.16047541734338633,-0.15349140982342677,-1.0171642382334678,-0.27674508050753266,-0.09344873087988188,-0.8230551971118837,-0.3538846341421272,-0.05367132821926072,-0.6432760160721798,-0.39659343956223725,-0.05384169965204081,-0.9895153885708695,-0.13401629438251342,-0.11941604154402512,-1.4041499671128599,-0.21743288598396027,-0.14926944346062862,-1.693331135480959,-0.2713721773674368,-0.1977528263363126,-1.959828564513194,-0.3137419808205558,0.05530932785156077,-0.9860657727033412,-0.12778719873402228,0.012128552998022955,-1.3683589855484473,-0.206908647076022,-0.010457831233395299,-1.5889252228111288,-0.24322806741482647,-0.04503863476337789,-1.797052182034098,-0.26598271033804294,0.1670700130160003,-0.8790806258428122,-0.13664172999300417,0.1757235296470007,-1.1625516469043213,-0.18043762515793904,0.16575923470697632,-1.3311490533367376,-0.18893026923961395,0.1510318412819427,-1.5046051555581117,-0.19666410127023107,F
0.0,0.0,0.0,-0.11403472852968115,-0.12878818431818598,-0.1561096616086745,-0.15401113877654896,-0.3244400633776279,-0.23910595570082924,-0.03833310275230824,-0.47036953657078123,-0.30429224957264883,0.10205242593436119,-0.6087063230346271,-0.35319170484656714,-0.13408832194767345,-0.8990762182371279,-0.14039489380127892,-0.09517559769495818,-1.0466118682022523,-0.24105543808298313,-0.0365784030899832,-0.9151824882199412,-0.3170476083518607,0.00957890736777253,-0.7813748308518337,-0.3657500455545444,-0.017651836310559076,-0.9930213147063044,-0.11660652303292479,-0.0431671952093064,-1.428018923651209,-0.1926712398399848,-0.05171408690513422,-1.7422166410148143,-0.2551722794421078,-0.07462073952202129,-2.0132739191309783,-0.30382320117995015,0.08860291375675793,-0.9734042802987458,-0.11184525866600369,0.07332935483199524,-1.3564180585597119,-0.19255899448465985,0.05399161990390744,-1.5709655166264176,-0.24355840029872164,0.02917874151413201,-1.7783588946243922,-0.2760756476693403,0.19242096015420546,-0.8566955937026555,-0.12076140993757363,0.2022944561225146,-1.1452220577366454,-0.18167372045331684,0.19628610456365553,-1.3190861202171975,-0.20578096154015033,0.1928168391818033,-1.505611349570395,-0.22197917101437298,F
0.0,0.0,0.0,-0.10806272348958862,-0.12221705028082008,-0.17497910535611672,-0.1292886548943633,-0.3048085885293753,-0.2644247902083053,8.032440094776521e-05,-0.4520493301269087,-0.3313449698919423,0.1500142959126121,-0.6032395863869602,-0.3795937043586445,-0.1268174983240291,-0.9074967437347425,-0.15521973700281588,-0.07986329997485052,-1.0701689423046665,-0.25464069102651105,-0.018775898206316022,-0.9351455698851985,-0.32560250481432407,0.027179942882639817,-0.7838430262272823,-0.36931061762987266,-0.008443512029038614,-0.9925247081331618,-0.12175143058624646,-0.020508292639213672,-1.4581157872669113,-0.19688365982478095,-0.02019922435598213,-1.7910298558939992,-0.2555156259535301,-0.04015830932643184,-2.0666383011660328,-0.2995189274683229,0.09789571107896837,-0.9634564469804905,-0.10827663884658835,0.09310487474977588,-1.362596455523941,-0.1869735847442685,0.08587178751702626,-1.549696443972405,-0.23137289736814573,0.06630237316985949,-1.730138262223969,-0.25842236521282735,0.19803466866329805,-0.8463645937705243,-0.11025914373036098,0.21040851755670464,-1.1397701746954567,-0.167478918644783,0.2073828724746376,-1.31433038460565,-0.18620900901258275,0.2036935088131129,-1.5032348926844026,-0.19808857795257936,F
0.0,0.0,0.0,-0.1145682218606967,-0.12182572384137262,-0.17991277314406817,-0.14459211374114322,-0.3062002688335101,-0.2689044093785759,-0.02387107754502365,-0.45967314462222963,-0.33293697424033647,0.11631344971460458,-0.6205690301666719,-0.3765930340265787,-0.14055768728532386,-0.9145002327551897,-0.16115494038831316,-0.08288004184769739,-1.0798131942657194,-0.2530395262367626,-0.02734981094836729,-0.9416543928598676,-0.3184710574289616,0.011299464203655907,-0.802488868781851,-0.3586713051036405,-0.02194834050910947,-0.9923064704838735,-0.12184473310214719,-0.04048772323673312,-1.4641135957471787,-0.1875437491407381,-0.04672426831838537,-1.7781114298745442,-0.2418155069242405,-0.07323091065222272,-2.038325377366437,-0.28402517040108644,0.08740317675900892,-0.9601513520094017,-0.1020711155653387,0.07125681875862118,-1.3628515849747689,-0.17289481087323016,0.052464569177384776,-1.571484462213241,-0.21818602746989957,0.019504798231648496,-1.7756741674030505,-0.2478375617443018,0.1920373037845636,-0.8414789280710279,-0.09782759773666964,0.203840547978033,-1.1203318978785575,-0.1463112496382473,0.1932848919033815,-1.2879388027332852,-0.16246309374690363,0.17868699450326256,-1.473036502270357,-0.17419642276727149,F
0.0,0.0,0.0,-0.1266203181250516,-0.1397021403596125,-0.11948724369498914,-0.20940116535184428,-0.327503175452535,-0.1935145732419534,-0.1765289148513735,-0.4675771317278133,-0.2625447747937232,-0.09451166634833572,-0.6000517966759424,-0.31484587404959075,-0.1560355980075904,-0.9031411289750977,-0.08749602389073058,-0.14499849348632077,-1.0482181409167586,-0.18937559159075965,-0.10068818167889146,-0.864416150588773,-0.2658700043950921,-0.06855227779224651,-0.6928732925629352,-0.30887752706369115,-0.04690870605116056,-0.9957157369355054,-0.0796852841846547,-0.10269188631585388,-1.4126376720540887,-0.14923996237308831,-0.13672572427419202,-1.7027810379340225,-0.1980913425006709,-0.18698697949236823,-1.9575452290228825,-0.23577632236018556,0.05583093891278683,-0.9809906934190833,-0.09254834752688904,0.03353196741905049,-1.3649837152343731,-0.15939009166302817,0.008855856435462415,-1.5855412468162855,-0.18979310875513072,-0.025529290900377085,-1.7884856857864717,-0.20809290057249505,0.16318860230679239,-0.8684365113604858,-0.1187315541541283,0.18759408095118393,-1.124546713839258,-0.15152907215141176,0.18420753410247462,-1.2930065757457943,-0.15410849447455502,0.17450578296772898,-1.4659376724407904,-0.15760219473074533,F
0.0,0.0,0.0,-0.16179402981297464,-0.1100886386027308,-0.09069284536396117,-0.3029535438456195,-0.28951435148080956,-0.1715951627460391,-0.3744241167611613,-0.4569681621626338,-0.2578911515008208,-0.32152009414561866,-0.5886172103603592,-0.32762509567998765,-0.22729102407343385,-0.8876447468943398,-0.061605520682780066,-0.286190922933722,-1.032691383417626,-0.1993495946207494,-0.27657957410166867,-0.8002449934610114,-0.3008496333611903,-0.24691997294432738,-0.5985752595194896,-0.35125969096706333,-0.1344183000651398,-0.9880728188146636,-0.07512539735164876,-0.22456337624526865,-1.3881747854473698,-0.16095783587254855,-0.2744681011293127,-1.6678859472484766,-0.2153486080622595,-0.3215298833313244,-1.9348320108893415,-0.2527550070916562,-0.02338337351085732,-0.9706407263692258,-0.11093390725840062,-0.07890627522450173,-1.3578767118445563,-0.18237888553214934,-0.10311302802193907,-1.608576806041325,-0.20958833508389973,-0.12987231099213953,-1.8477324591509883,-0.22450151369220964,0.09556230278093707,-0.8646064421796087,-0.1585860487379455,0.10688648718966397,-1.146749808745846,-0.1815851627196257,0.10904119573222015,-1.3186245244610977,-0.17347964897484397,0.11343654011408259,-1.4912781602445158,-0.1691377202365111,F
0.0,0.0,0.0,-0.17442314770348022,-0.06185301819078896,-0.09567686168346884,-0.3492393836901582,-0.2230842131518492,-0.18029723070489997,-0.4813963960900336,-0.3784981517300673,-0.26730900695528853,-0.4521556363895123,-0.5064699135041134,-0.3395299044781078,-0.30637531524282025,-0.8446544278526297,-0.06354008314635161,-0.4063472044522807,-0.9730721774068251,-0.21186331722886176,-0.4054557916525881,-0.7389530729148422,-0.32948167317020965,-0.37646489766107155,-0.5236369257860715,-0.3894313646468823,-0.21597626531945216,-0.9735347666248473,-0.07472824761337366,-0.33211795501727526,-1.37588580801487,-0.17106574089880347,-0.4006765472072667,-1.6660208370034426,-0.23377628314905047,-0.4579340622905497,-1.9437976430871868,-0.27203862294968006,-0.09988860063979223,-0.971638826143683,-0.10880451902666856,-0.1522593840020333,-1.3755864193725489,-0.18772417586947868,-0.181249715232944,-1.625904165833945,-0.21661973469710769,-0.20905740505062625,-1.8527677385246424,-0.22739774340693217,0.02143386319563806,-0.8691823488593219,-0.15431963837749565,0.03206272275863898,-1.1614197107812605,-0.17864199348662615,0.038484946792787675,-1.337178289402462,-0.16568094845530076,0.04838109204695039,-1.5083544491002439,-0.1546482905713217,F
0.0,0.0,0.0,-0.19991994740336147,-0.05855909022536014,-0.07587361889895726,-0.39269255922457896,-0.2018211556668366,-0.1565257741922837,-0.5446787292411848,-0.33657834017756155,-0.2412714474627988,-0.5646090306965723,-0.48060768837436063,-0.3147553119726804,-0.3366252329357173,-0.8304086140328755,-0.0726162574156324,-0.4748240528153321,-0.9467867681439511,-0.2136676590247734,-0.499743743738486,-0.7345328530266869,-0.3196085292669587,-0.4834215469434411,-0.531171563334174,-0.37279480845669505,-0.2483663212527066,-0.9639433629544291,-0.09553723610981793,-0.3887066747813445,-1.390015652832927,-0.1990540438350921,-0.4776748394314601,-1.6810472035537272,-0.26027369360882757,-0.5502929647113758,-1.943766518838678,-0.29518386833956956,-0.13144421114702484,-0.9702864877342028,-0.13650964616723263,-0.1983777618195159,-1.3940721694931335,-0.2210030785290825,-0.2354505902579347,-1.6663624432575317,-0.2522344614300589,-0.2679830273879279,-1.910763542188566,-0.26382973998062387,-0.010558490658232608,-0.8740100867255215,-0.1853782654910411,-0.011197404488104008,-1.1924379986994427,-0.21464766271777655,-0.01340722571619133,-1.3843864702960738,-0.2017479961561697,-0.011087206506438116,-1.5701807070043772,-0.18978743034656534,F
0.0,0.0,0.0,-0.20936052660417043,-0.07991710672496981,-0.05252681151914833,-0.4037712666790325,-0.25633205693952743,-0.12001138127937572,-0.5684211857711217,-0.36181580107373285,-0.19568758805163777,-0.650324982336462,-0.48900075150624445,-0.26416793907129965,-0.30965592445245765,-0.8704640100778784,-0.06173086249126119,-0.4809239631856712,-0.9444532137747614,-0.20691142815136884,-0.5566419795839304,-0.7312103550209537,-0.32023795277686057,-0.582665217635677,-0.5226703465863106,-0.37905111410366854,-0.2355037075112633,-0.9665965730534575,-0.10113885855476908,-0.38679362810217804,-1.3886653949129495,-0.2095126547520145,-0.4820947690122891,-1.6713172758738069,-0.2728951618220648,-0.5586485690343924,-1.9147284887211662,-0.3087218030792354,-0.13356318436294368,-0.9385116808767489,-0.15778779246675553,-0.200097394405264,-1.3833254844734575,-0.24499086542187187,-0.23427838220494257,-1.6588227741129147,-0.2766224542012973,-0.2633517125486631,-1.916113556103016,-0.2890942111167509,-0.03216294925847894,-0.815340727137357,-0.22043631400396935,-0.04702659500985683,-1.1426538754811646,-0.26363973049966644,-0.05791358991171154,-1.354320576076764,-0.25729262378467715,-0.06689049484217821,-1.5710038865972178,-0.24812169765581812,F
0.0,0.0,0.0,-0.2169320425586761,-0.06957550382532755,-0.046683300761985826,-0.4060346386643551,-0.24450692014937322,-0.10616305250972204,-0.571331540429725,-0.3273693544984088,-0.17565649225993452,-0.6760974140823496,-0.4377950706107274,-0.2398430206929689,-0.32994875192203055,-0.8582764922106041,-0.04047143876970023,-0.4960902613957939,-0.91531016484118,-0.18014567863721545,-0.5761319433087517,-0.7077631917165743,-0.29302155263156976,-0.6028050430651999,-0.509668705627284,-0.35048116966680953,-0.25852978120826825,-0.9624523270171352,-0.08275186069029634,-0.4066273742144984,-1.3712287046889093,-0.17916669079514103,-0.5061724288267344,-1.6498622797531408,-0.23373530625380612,-0.5857049730150924,-1.890060810677371,-0.26211729051220434,-0.15902733452001888,-0.9357703281373227,-0.14400628809159724,-0.2191212269062936,-1.3772776815429877,-0.22692781396812378,-0.25502460528435444,-1.6600783385401534,-0.2569532876552647,-0.28878410394283427,-1.9185083416985795,-0.26619457220028053,-0.06492800406592378,-0.8061405734752524,-0.21129645321553206,-0.07682828936723105,-1.1263852358741226,-0.25892201644681206,-0.09082364404481824,-1.3472714555810021,-0.2544148464243991,-0.10427021944827367,-1.5693501578186977,-0.24356243289923799,F
0.0,0.0,0.0,-0.21822053448077047,-0.05827166081719753,-0.05291769948021315,-0.414076966460209,-0.22755098257593936,-0.11764855905808233,-0.5855264825648722,-0.3035699488179027,-0.19129582653585597,-0.6918859868440332,-0.4255198850619192,-0.259169799468187,-0.3356022393784684,-0.8514940678404973,-0.05381289597545387,-0.5117437600619669,-0.8886141043018015,-0.19695042123310236,-0.5915380874141494,-0.6545816781262468,-0.31507434924821287,-0.6146548199750899,-0.4344021408465174,-0.375902614175066,-0.26585241511532376,-0.9595131325018337,-0.09304322615789008,-0.4198554558042977,-1.3687915272951212,-0.1985227020600611,-0.5318907675978812,-1.656432887906416,-0.26633544748247284,-0.6217878769153987,-1.90049996526573,-0.3037013652980592,-0.17003167429989183,-0.9308543563234956,-0.14942006031967017,-0.2313527079397215,-1.3811441514039835,-0.23809428454955314,-0.26871390794151234,-1.6795880567738668,-0.2770707460495719,-0.3026080698405417,-1.9424485453874798,-0.29202234786773096,-0.08370817017322196,-0.8040406315747967,-0.21101110207477286,-0.08830998125302597,-1.1285365822417852,-0.26062991080317743,-0.10123262827576594,-1.3584142795742726,-0.25800247010697497,-0.112979984626514,-1.5828655197273516,-0.24852922141997447,F
0.0,0.0,0.0,-0.22137881830657927,-0.06982677229793212,-0.02333335194811223,-0.4165705179878619,-0.2365622974920244,-0.0723145730148108,-0.5949651512942392,-0.3005839185816438,-0.13529527290751195,-0.7064861658763653,-0.40223827557252395,-0.1939214533118267,-0.3226994424958543,-0.8617722565892462,-0.013327670974917164,-0.5098098460114715,-0.8564786108840472,-0.14869595535215213,-0.6060541325371156,-0.6395591062786541,-0.2708075843581725,-0.6374822739667045,-0.4400506927779169,-0.33587944812359477,-0.2739987199805763,-0.9596565780835625,-0.06311856771151282,-0.4240026166039996,-1.370942311735549,-0.15751405733598545,-0.5374025141402604,-1.6455466040628288,-0.2194098188837626,-0.6245607615476941,-1.8604806166246854,-0.25184461186852,-0.19448906125829535,-0.937304932759066,-0.12897760225094168,-0.2625400151437649,-1.3931898018883029,-0.20136466272180875,-0.30074587714712864,-1.6931051642366657,-0.23006909187882055,-0.3370510435949455,-1.9443128513030505,-0.238473333833049,-0.12476617147458835,-0.8284524173021929,-0.19966174611312817,-0.1349960088793456,-1.1523728201620895,-0.2338347137318174,-0.1536787746463269,-1.380988650630927,-0.22228482199644647,-0.17344889859370136,-1.599867472158162,-0.2071278246724032,F
0.0,0.0,0.0,-0.2189223012680682,-0.050396931476923146,-0.022470465552188623,-0.4168643042506477,-0.19474108891047381,-0.07592807858850709,-0.6096382414841534,-0.27803088340223525,-0.14658691552395692,-0.7424604052488148,-0.38925874169730307,-0.20823461486070793,-0.3336878490590727,-0.8267870553671195,0.0024691602122783388,-0.5328923545714274,-0.8700620340955256,-0.13132482627631278,-0.6320537778778549,-0.6632581948290573,-0.24640053723186364,-0.6584591818857921,-0.4591691928960537,-0.30405232615683964,-0.29190927334080047,-0.9554317300232184,-0.04403618287824131,-0.435030869662457,-1.3492583845042387,-0.1341068160397482,-0.5512343084971794,-1.62268480356691,-0.18092872348045055,-0.645635481195776,-1.8442489864420548,-0.20352812304318013,-0.2273766171813257,-0.9819195224171169,-0.11003492673275626,-0.29940794293102946,-1.4286520484362748,-0.17177731191692408,-0.34259861726449853,-1.7176793495067946,-0.17749090595237973,-0.3809840884718574,-1.959548805966708,-0.17012239601036552,-0.16453889203894345,-0.9268171676661333,-0.18370271759104445,-0.18526686668084413,-1.27721202545334,-0.20229880063038086,-0.2042170797637735,-1.5131545292244395,-0.1777692431024475,-0.22397083753411057,-1.7262530475177778,-0.15314929232412974,F
0.0,0.0,0.0,-0.20497219150032986,-0.41674271897000736,-0.015352238097274151,-0.34046972692982685,-0.7171662530716773,-0.06884565113214067,-0.4741190855530012,-0.8559031977378634,-0.1256824628743582,-0.583213911124032,-0.9118836078414913,-0.18592863554220168,-0.15577401265355117,-1.1682126538518927,-0.12115188515429298,-0.4598857406468671,-1.133518164351722,-0.2080997382475428,-0.6595983477747017,-1.0503122009457069,-0.2755903474209411,-0.8099605328402723,-1.0092623624346462,-0.3183899897861463,-0.13304876021173198,-0.97712916641023,-0.16588134179759428,-0.5127995987612892,-0.884938276536577,-0.20992977041111716,-0.554453041896792,-0.7679021098678084,-0.2211437232944785,-0.5334271587178098,-0.739562969378528,-0.246210439886448,-0.14644551898594638,-0.7419108217313026,-0.21043469340972495,-0.5164308893354408,-0.6048749641639533,-0.23652613943737735,-0.4290147246233297,-0.46513136760186374,-0.20895077835892986,-0.29953412451275524,-0.45121088357719963,-0.20726308501265434,-0.1828825383784497,-0.4994773511235677,-0.2611019575512064,-0.47861294452856995,-0.4273990998654847,-0.27376898496092833,-0.4286651449973632,-0.34221612195315926,-0.2346093565558113,-0.3321493882646253,-0.34871040095053607,-0.21282982651427637,G
0.0,0.0,0.0,-0.18449755175440388,-0.4646565420374298,-0.028901442343054647,-0.32575343795093414,-0.8017388294373022,-0.09891641725311208,-0.4881821502125407,-0.9390446440890509,-0.17024589222788347,-0.6175876004822027,-0.9662864176115857,-0.24114880511740142,-0.11367929708591397,-1.2089968486636324,-0.15037126492123798,-0.4366960103985112,-1.1662979030196847,-0.2502109829095187,-0.6299764411187883,-1.1071570335246725,-0.3219130799169362,-0.775793387517531,-1.096121617961918,-0.3670587463471516,-0.09603630806346014,-0.9762248861352656,-0.1943244689269156,-0.4772551679863096,-0.8608991726743838,-0.25521119812465104,-0.45738995944269634,-0.6994445901012999,-0.2616537980080683,-0.3831569398438129,-0.6370730710554605,-0.28006428482521056,-0.11668223663004204,-0.7041061171091891,-0.23939793867133352,-0.49377376969677267,-0.6056884802001606,-0.2804267896402971,-0.40274951599845304,-0.4731446593619781,-0.24311111656968995,-0.27463066046051987,-0.46605002105801746,-0.22957801378634526,-0.15870612943100063,-0.4307574042374043,-0.29138804454610795,-0.4631017407671981,-0.43881068175324134,-0.31087135751726147,-0.4152999001772061,-0.3894535973079706,-0.26631078851922546,-0.3236038023774883,-0.411362442306265,-0.23767301877364802,G
0.0,0.0,0.0,-0.16266495085993823,-0.5025937752348957,-0.03622475174765906,-0.28755983488569686,-0.8579989815154944,-0.10331425169875352,-0.4740874566708082,-1.0148142780855585,-0.17217641370986433,-0.6337006264714561,-1.0457170600407963,-0.24161956620402214,-0.04208516707269435,-1.2212597805752228,-0.13410651127481285,-0.3711075061755614,-1.1983849732670728,-0.22384117273130583,-0.5627259466049992,-1.169216228504208,-0.2908716593826454,-0.7013771702637185,-1.1915618945630329,-0.33338739237746595,-0.02207509761143682,-0.9852854418175901,-0.16948536281272678,-0.4216011764260297,-0.8858901900378601,-0.2183058348967074,-0.41015644209973484,-0.7420295241298018,-0.22548356263708155,-0.3420898176887423,-0.694064491512024,-0.2450781995715153,-0.046935850666424445,-0.7015242279912808,-0.2065937948275164,-0.44081686758855215,-0.6234927764760776,-0.23998407657115034,-0.35937087780996624,-0.5015181656928165,-0.20703700893599164,-0.239100092963869,-0.48967379865974753,-0.1953967205979224,-0.10209871483778542,-0.4288372163317892,-0.25140443085877456,-0.4073019227656337,-0.4531548332177591,-0.267182980851903,-0.36920153139839507,-0.4096264122840799,-0.22505619000020266,-0.2833860166936015,-0.4199357809826245,-0.19648052161085333,G
0.0,0.0,0.0,-0.13041990948255724,-0.5783197511501171,-0.11093279043843651,-0.2308241498024776,-1.021388588447319,-0.19620838700925602,-0.4169371304465686,-1.2360175159878035,-0.2682125869657424,-0.5897622677946082,-1.298010625263757,-0.3406963667834722,0.11861830844767866,-1.2904867747741107,-0.21206492414385372,-0.31927219924213684,-1.3103841226839654,-0.32464533755444036,-0.5740061495275699,-1.3176008011431763,-0.40647101184354023,-0.7365460430068484,-1.3372732910961111,-0.45236282868006616,0.136207994212918,-0.96741206686763,-0.21345087301623772,-0.3728136321475304,-0.9554469849201948,-0.2735682718526063,-0.43810389330199473,-0.9306495117629185,-0.2863309864936855,-0.4273296407386563,-0.925397759149191,-0.30213735004558073,0.0791175914619527,-0.6295254146662803,-0.2205391866931222,-0.4188561669130888,-0.6410229985655272,-0.2608725270239516,-0.3795378602087418,-0.5673401436159181,-0.2214224855360105,-0.27288606775159097,-0.5282269050738133,-0.19600993337077854,-0.0231672529696061,-0.3451343059913609,-0.24371165599447764,-0.40050270979672953,-0.4010929619336446,-0.27482435019741647,-0.38444257439405966,-0.4049723353077519,-0.23160930027200308,-0.29827580070611187,-0.42452752053571174,-0.18959070834982492,G
0.0,0.0,0.0,-0.1562955605226774,-0.5159236612182582,-0.1307140974055801,-0.31009059346176376,-0.893894208588606,-0.26234280946363225,-0.5490304786043598,-1.1003782805901572,-0.3824512789899788,-0.7583559638709899,-1.2227733719349612,-0.500259447567316,0.2257442878187857,-1.2731202641458492,-0.27213505658741877,-0.2311949624591917,-1.3088587189930374,-0.39578738239917166,-0.48794830962415375,-1.314625106218452,-0.4917946879531697,-0.6452287675465761,-1.3405128389364906,-0.5532206270321686,0.2613257604393193,-0.9223135856344946,-0.2846866640446183,-0.28624432894291246,-0.9331530510531287,-0.3455287271358379,-0.34642166495523075,-0.8276508555775036,-0.36825317183954664,-0.30780578532994507,-0.7450372980755039,-0.40187944656028485,0.19613408345889952,-0.5461215874556633,-0.30061177235306524,-0.33229326455633357,-0.5807031287438326,-0.33328205940204625,-0.34085980913870867,-0.4903551373486281,-0.28600479904966386,-0.26330814178704876,-0.43136862865030745,-0.2677951885324457,0.06907952188108143,-0.23200329855724292,-0.33718480712544985,-0.3281141809144623,-0.2912639143061138,-0.36322121844456823,-0.35766564804923057,-0.29457802238285585,-0.3113150364606281,-0.31173768314944517,-0.30729008647846345,-0.2689978157354179,G
0.0,0.0,0.0,-0.13847644702899678,-0.48006831568866226,-0.09460536381128544,-0.2642724139202864,-0.8544716144009494,-0.19842031779915031,-0.4703196608193999,-1.077549740245987,-0.2947970765891964,-0.6566111521129906,-1.1852189921265814,-0.38709753552541976,0.17743460260896984,-1.2346838678045116,-0.20862005346536056,-0.24205406582711844,-1.2719717210113863,-0.31469798809201743,-0.4619745461288344,-1.2769432855048881,-0.39668658088028613,-0.592795174065509,-1.3154558778512866,-0.4485154925696624,0.21208777932269837,-0.9510625586039764,-0.22471934381273076,-0.288210962350973,-0.9516280688674076,-0.2719139620653908,-0.31163677721136535,-0.7954970183372317,-0.2799844380399277,-0.24982951209055107,-0.6893343011516377,-0.30172949514445263,0.16292549001875362,-0.6214673120824615,-0.2446752510287411,-0.3128797482994274,-0.6427855776635846,-0.2715810490840235,-0.2939962474950228,-0.5164448913273723,-0.22401605439433747,-0.20541616559269393,-0.4432212278341676,-0.20373103251957192,0.06372161971732769,-0.3294135667536252,-0.28081852969437976,-0.2981720034277684,-0.3921621761647551,-0.30003996126423405,-0.31560078665407054,-0.37013030572067107,-0.2540365569562528,-0.2664209051190801,-0.370780898410614,-0.2181767131221656,G
0.0,0.0,0.0,-0.19340741949349616,-0.4550618612153452,-0.03793669182583617,-0.2960258661226875,-0.7731573060656245,-0.11151124889771946,-0.43615210503972573,-0.9417065637078033,-0.18965050463150468,-0.587612243349025,-1.0541941280721516,-0.26649175430136546,0.027454063641360636,-1.1573621200234554,-0.11880832933393236,-0.2575831658453633,-1.1963518436159069,-0.19619903763191554,-0.4092639797658825,-1.213737929271314,-0.2536240017856886,-0.5068094093439984,-1.2672482341823927,-0.29425901968522195,0.06141641850917181,-0.9859304605976953,-0.15546430588119808,-0.30592423913887484,-0.9327892514089255,-0.1964899826627655,-0.3008809817702268,-0.7634866702802162,-0.19892997713348176,-0.22499984439715343,-0.6829625180470733,-0.21578426609093584,0.03783716640013645,-0.7479165557546261,-0.19481105108751615,-0.3229112171888468,-0.6769765344672932,-0.21213481164529718,-0.29019700357809614,-0.5315513066732902,-0.1687290695840034,-0.19460789481853313,-0.5019878363893646,-0.1571664241581692,-0.02176492028375887,-0.5119018458488612,-0.24530199347316428,-0.2998464545048273,-0.4865130537278216,-0.2493510599256351,-0.28996144812566244,-0.4094886905882792,-0.21040179878275528,-0.2202395562122641,-0.3979046081030693,-0.18886729536219746,G
0.0,0.0,0.0,-0.22120409319573264,-0.3765438727234262,-0.003934692330599862,-0.33395111816713907,-0.6506749623870398,-0.047719610760609446,-0.45324167729616394,-0.8000386111947202,-0.10107144495146975,-0.5749520729477433,-0.8827738619046687,-0.15308179067153013,-0.06466984217532502,-1.0730919644868226,-0.06142229102325879,-0.3001979243139914,-1.1215618017814963,-0.105928171346987,-0.45221888897160306,-1.1411534925472837,-0.14310198429776075,-0.570174186976887,-1.1663317253053522,-0.17479907765373878,-0.02654698153274025,-0.9943811276017835,-0.10247648921048019,-0.3475742247257992,-0.8764696937026485,-0.12478276531021847,-0.3445362816321876,-0.6957085422048453,-0.13192951936308384,-0.27920800620757186,-0.6034307259507345,-0.15519757052548652,-0.03234435422876983,-0.819119025712491,-0.14314714546081203,-0.3456654286227335,-0.6613971422266721,-0.1503578385232454,-0.2992638075158393,-0.5092426986223919,-0.12882575063168278,-0.2126383294132331,-0.4701578934153885,-0.13537630068799972,-0.06839593291271538,-0.6207530387946291,-0.1911970016262482,-0.30488878955813264,-0.5151268562166088,-0.19323681521572472,-0.301409139632171,-0.4046102974600276,-0.1700350613481669,-0.25815205611340103,-0.3745869676007132,-0.16313306782847045,G
0.0,0.0,0.0,-0.24686909488692113,-0.30343127440196754,0.006470715035462932,-0.38145316297146586,-0.53886337202959,-0.04510260933516111,-0.520166139155607,-0.6645324668165266,-0.10871761221693867,-0.6522393175191338,-0.7368439113134578,-0.17077991414397653,-0.15693570088648537,-1.0591585025478816,-0.0693569239613843,-0.4233958475847798,-1.054025972945965,-0.12341764528640793,-0.5712644861840454,-1.0430336346173532,-0.16746987614362663,-0.6797707412211649,-1.0507739455240124,-0.20257218373633892,-0.11952133564455164,-0.9856838852487806,-0.11891984143367934,-0.42586101584941927,-0.7913147487719756,-0.14442070981466176,-0.3779660135523334,-0.6084239483842001,-0.1439196837905703,-0.2849676236833694,-0.5430891717129109,-0.1628993739907624,-0.11168211951489729,-0.8109894258377616,-0.1677886382013903,-0.40598213207172484,-0.5895862345587536,-0.17507488825870965,-0.3401981953937322,-0.4437274448502434,-0.14000601300035703,-0.24750185141535203,-0.4396823989037973,-0.13962214820823565,-0.12656670410413037,-0.6047887372539972,-0.2232503342427341,-0.35502308150106165,-0.4528463879610223,-0.22152972390455491,-0.31950414305956804,-0.3377557694079132,-0.1874619827117766,-0.25470594202919833,-0.31680041776605183,-0.17442177324500655,G
0.0,0.0,0.0,-0.24007880376908491,-0.32324960627623117,-0.0012883331528849439,-0.3865073461739344,-0.5880574704726779,-0.055070751116962254,-0.551112673744248,-0.7040416865046522,-0.11699084129031838,-0.7006522982376397,-0.7239684553449213,-0.1798917110106103,-0.1978631482065053,-1.0846734735251062,-0.08022206218509363,-0.4654371156308696,-1.076556481013554,-0.13716774884316502,-0.6256262491671937,-1.0385392298002258,-0.18642993157818616,-0.7444450995812164,-1.028599773206788,-0.22634694769216937,-0.166512816745121,-0.9777357183018958,-0.12769630776291616,-0.4833070206112259,-0.8071264808572296,-0.14986816882796083,-0.4341121058501641,-0.6303488587682969,-0.1520771224843822,-0.3424027861563117,-0.5801647722977809,-0.17628093226940575,-0.16188754461378324,-0.7785160017070958,-0.1746355021625872,-0.45920798218387354,-0.5617431334494221,-0.1762719157764576,-0.3845550213626957,-0.4349488828575513,-0.14825218388651884,-0.2843747864002798,-0.4575602144677722,-0.15585294224868107,-0.1729113034509691,-0.5542376943726135,-0.22839190571598322,-0.4099686964043745,-0.41778728800921144,-0.22135156377058823,-0.37782154508309623,-0.32001632965523874,-0.1885260846972257,-0.31623387456521157,-0.3134628928483559,-0.17932492061573638,G
0.0,0.0,0.0,-0.23378159889252087,-0.3510409299348966,0.004422030222346579,-0.38172268917464497,-0.6052069682060152,-0.054939665515104756,-0.5584505576282265,-0.7177177236653076,-0.12163596784935243,-0.7113408899122612,-0.7620014427269374,-0.18836627735313693,-0.20100192218354085,-1.1286764204716577,-0.11325563369560486,-0.49372882761012193,-1.0539101331007328,-0.16699381407228076,-0.6438170939733391,-0.979968530231617,-0.20241096881146642,-0.7470141128212299,-0.9850899503768312,-0.23102300092235434,-0.16291366530409437,-0.9728021966995197,-0.1646664014113814,-0.49227876303606316,-0.7532154769569082,-0.17846586386451943,-0.4370575891572955,-0.5798346971295786,-0.16330980335084302,-0.3445869167899936,-0.5386880933487085,-0.17694863619467951,-0.1584726722973807,-0.7399842052141498,-0.21236034297679293,-0.47041656530162274,-0.5106188565233062,-0.2074582456659007,-0.385582112763898,-0.3825469196800313,-0.15909125440385727,-0.2796481764818452,-0.4040979028667205,-0.15310175053630298,-0.17770713873731503,-0.49925373707599824,-0.26588104487961406,-0.4267516433641138,-0.37150958564990255,-0.2528631798302945,-0.38633733581303603,-0.28498172645555936,-0.20587511757783028,-0.3172338593213783,-0.2827283152115578,-0.1849579275845988,G
0.0,0.0,0.0,-0.25566935515244527,-0.3332301810947353,-0.007772030424338846,-0.3997688929231416,-0.5880208698403444,-0.056185342575721005,-0.5559758402473874,-0.713864524397685,-0.11268942314973128,-0.6972761352880757,-0.7676947837912571,-0.17297439527506217,-0.1891847656687992,-1.1224255593593058,-0.0810633281689676,-0.4760391091057645,-1.0248782498841609,-0.14216289499314866,-0.6406670112133324,-0.9350146699739337,-0.19532021314764483,-0.7615127849543322,-0.9039301476613674,-0.2325009355901719,-0.1509336341704005,-0.9809517222252973,-0.12228146523222068,-0.49228830230570236,-0.7724590839617906,-0.15027420751558282,-0.5018736544171859,-0.6157713899800389,-0.1636824021582925,-0.46002064800717296,-0.5792044056145437,-0.19013697151745543,-0.14713674352260564,-0.7701763042544542,-0.1617958166396993,-0.477618298331218,-0.5151233302996223,-0.17227377659196785,-0.40854766871453435,-0.3847095148327101,-0.15324418487922592,-0.3092303175350445,-0.3847544341876731,-0.15903246830888576,-0.17588140567921187,-0.547089696241693,-0.20789922114860404,-0.43115700433961607,-0.3829241348120365,-0.20797280398220647,-0.3960681954306089,-0.2855490527173835,-0.17691252168740973,-0.3220932487271902,-0.2789522619831665,-0.16172019326222814,G
0.0,0.0,0.0,-0.1716491437468866,-0.3821428568148404,0.004955085171959578,-0.36789320074568,-0.6700717678752524,-0.05009862151781779,-0.6059365272166569,-0.7731193608523141,-0.11126524394719656,-0.7872484319514639,-0.7659301880883189,-0.17668740221820903,-0.26238012403351263,-1.1628421250284755,-0.10019737488490887,-0.6023622020567079,-1.0837636805302306,-0.17304121111762996,-0.8004317337644404,-0.9711208639720773,-0.23358748327852313,-0.9471472948629953,-0.9114983500424954,-0.27693266864360655,-0.2501435738689902,-0.9566415807196992,-0.1492148735554346,-0.6197070360831884,-0.8175027343050516,-0.18373539110311082,-0.5761122539516407,-0.6576434114753363,-0.1868023875424906,-0.48209944687427686,-0.6320327356247247,-0.21150017254452613,-0.26665610145276997,-0.7090322559454948,-0.19515257437810438,-0.6231983516303806,-0.5523425250158964,-0.21066539484671185,-0.5110791341680779,-0.44865320387867613,-0.174326770307205,-0.37089186160887755,-0.4890874809612075,-0.17246723525604923,-0.2974855769219686,-0.4570887487868751,-0.24455922665665963,-0.5943770702544142,-0.38037828856733225,-0.2500864726821158,-0.5176919058636109,-0.30927809933541306,-0.2036649737853924,-0.411100686547886,-0.3365700882302056,-0.1802990417954309,G
0.0,0.0,0.0,-0.13945041787954882,-0.432175180595843,-0.009559703781473349,-0.3752769953882686,-0.7506075836467538,-0.06910968932902399,-0.6460435963126484,-0.8063780434107605,-0.12622405509283033,-0.8488875541514029,-0.7396743853260057,-0.18762835473986528,-0.3319276944831941,-1.1563201469886313,-0.1506163791383364,-0.7028421796765183,-1.0552252868148215,-0.2335508402054407,-0.9158569014182222,-0.9724521099514823,-0.30317101217552167,-1.0661093162051114,-0.9330725997890809,-0.355358933923568,-0.3286132788161653,-0.9254478764162574,-0.18857237608496338,-0.697269026767105,-0.7273045441682715,-0.2218723028341033,-0.6117851124163469,-0.5819472819232436,-0.22394853676166693,-0.49648055773840405,-0.5669660523252373,-0.2504019427410639,-0.3433482845670443,-0.6511399749143798,-0.22102631915400936,-0.6870707080393744,-0.45173025831096864,-0.23434384720692725,-0.5693127627696755,-0.3675077987827621,-0.19625791282968072,-0.43793565575445675,-0.41972444453966856,-0.1944354392466186,-0.3632724452563033,-0.38036402051736784,-0.2569786189853264,-0.642369703940676,-0.26501370966249477,-0.27059330939173315,-0.5555275136857957,-0.20782000527905614,-0.2269367026712951,-0.4521918648251929,-0.2317578169137363,-0.20238292062439056,G
0.0,0.0,0.0,-0.12993236475780523,-0.44388634243840525,-0.01031085415371983,-0.3638892310529471,-0.753354372316827,-0.07206227095185752,-0.636756895978129,-0.8061272638772845,-0.12948298991071283,-0.8316181493143023,-0.7214013494970889,-0.19129113994268945,-0.33507397878193507,-1.1757971612956764,-0.15872121020233484,-0.7230239480268292,-1.0678131527718975,-0.24284326412797128,-0.9445381768985872,-0.976867447071158,-0.3124483720787362,-1.1050035998387142,-0.9378891886654073,-0.3634387345279803,-0.33739968637021683,-0.920633487168945,-0.19645720638456432,-0.7282628996650559,-0.7369221892144202,-0.22908684757261774,-0.6415712328771641,-0.5824212287079011,-0.22839581445034157,-0.5204732985203802,-0.5613241384737887,-0.25333384793301933,-0.3568133369938535,-0.6392740365903149,-0.22811101964250552,-0.7188852271456685,-0.4488358534540535,-0.24127870646186142,-0.5955608656252338,-0.3676506863205097,-0.20021532048399024,-0.4564875739760077,-0.42478937091282276,-0.19608064082524232,-0.37958979379538,-0.3648033746551275,-0.2631840411785477,-0.6782622230385288,-0.2740661578461134,-0.2764631957310712,-0.583512295118078,-0.22046338376181626,-0.2278992532239414,-0.47140000288598427,-0.24789838356526445,-0.19946446454174402,G
0.0,0.0,0.0,-0.10989141789526818,-0.4459397904247238,-0.011393188196620298,-0.3495949764164851,-0.7582488106212086,-0.0729194743022392,-0.6293462335411624,-0.8020382743019532,-0.13015799598374805,-0.8264850364800611,-0.7051497718868399,-0.19229609468404854,-0.3421006852284156,-1.174761786292696,-0.1653574326455794,-0.7297028633245393,-1.0759984300051486,-0.248472965147521,-0.9536279283676404,-0.9783893226681055,-0.31233113178302513,-1.1147216247352165,-0.9362088897108166,-0.3587647991777415,-0.351469958396461,-0.9139086975010384,-0.20307575181873758,-0.7430898452146399,-0.71914270244907,-0.23724821437272003,-0.6605458004561168,-0.56014792004432,-0.23156824624364253,-0.5407093941005094,-0.5406673748268396,-0.2507548647201892,-0.3781260632383201,-0.6264758559623609,-0.23480746144837308,-0.7294720135344384,-0.42638545526323773,-0.25006146663742296,-0.6005161437170546,-0.34662749332109294,-0.20736290272782382,-0.45950048614133776,-0.4032123382644766,-0.1999399194001399,-0.4056202476178263,-0.34929366747846224,-0.2697340610733191,-0.6826179612417108,-0.24866391241623126,-0.28425277701347457,-0.5793783993404482,-0.1952999472856757,-0.2358913793584971,-0.4650841814528454,-0.22377594786458982,-0.2061098668492442,G
0.0,0.0,0.0,-0.11737479833813262,-0.4855620127439012,-0.019166138525009074,-0.3922025821056319,-0.8461645257064382,-0.08457573122142266,-0.6955073684359174,-0.8939462251466088,-0.14682349341501433,-0.9109514899974248,-0.8189306276417697,-0.21294892870894339,-0.34788377956558103,-1.199597915983253,-0.1404079963459645,-0.7294660156459752,-1.1459878671458663,-0.20993426410946756,-0.9275925397573899,-1.0482642110226048,-0.2657064509300943,-1.0651278366714232,-0.9999540884057511,-0.31012506241331106,-0.36016254943398784,-0.9166157610150375,-0.17348914849071645,-0.7419204077483608,-0.7887046662880174,-0.2103539286131883,-0.6438269591664041,-0.6533362416345804,-0.21300092469346787,-0.5199305316373951,-0.6592767869198257,-0.2370849880548312,-0.3823734440769007,-0.614324239745196,-0.200890400017269,-0.7297765323580468,-0.4849114062995608,-0.21872383913983806,-0.6070324149669007,-0.4143818284286845,-0.18147075099449061,-0.47935012202772287,-0.48168249943644076,-0.1776582795941112,-0.4045718869218357,-0.3280750442825534,-0.23089743346985683,-0.6715955063067447,-0.29471823397475627,-0.24725413474943816,-0.567534533543924,-0.24491934326218104,-0.20247487509666628,-0.45150919881163626,-0.27546645723877766,-0.1761481586104512,G
0.0,0.0,0.0,-0.09087862256556707,-0.4904069053864991,-0.025861159271574553,-0.35248722517418984,-0.869697785659559,-0.07807771445852676,-0.6401606676248253,-0.9216646192125744,-0.12246882360672448,-0.8383825002309241,-0.8513081881900832,-0.16862706572622796,-0.35082374044188136,-1.1763209446896266,-0.1447414752465273,-0.7369597824165383,-1.1291004239597309,-0.21955351829665215,-0.9441233247939532,-1.0497312137398316,-0.2750375374828158,-1.0827007806657414,-1.0174938152899216,-0.3164719076535132,-0.3679077567636854,-0.9141031390508685,-0.17046798435618787,-0.7436247140987289,-0.7770825637722505,-0.20362925338961885,-0.6447996093725538,-0.6339832517539935,-0.19949307031127345,-0.5169917280079055,-0.6253945883043799,-0.2151161210050222,-0.39227229893325544,-0.6191481481707968,-0.19249947448908372,-0.7287607225833437,-0.4804196058572083,-0.21325002130142892,-0.6038505820271657,-0.3950526984950484,-0.17523458903432929,-0.47327354949909867,-0.4537547662200938,-0.16639123883743392,-0.41247800144934543,-0.3296634579364814,-0.21743800453251505,-0.6520182690292611,-0.2659315666202005,-0.24089939937522806,-0.5378457473030234,-0.21099668976887542,-0.2001644590892395,-0.41831847665978333,-0.24105829006961102,-0.1722185802645428,G
0.0,0.0,0.0,-0.10127892244693225,-0.4993611276977792,-0.031533884905220334,-0.38579715186277247,-0.919217440864762,-0.08672446874232609,-0.6857720791750683,-0.9921572607439991,-0.1347713530290421,-0.9031481844394332,-0.9596521732336414,-0.1856791921249552,-0.36077803114755846,-1.185787652025864,-0.14214196486167643,-0.7489867320270922,-1.1282154209191089,-0.2016793489601367,-0.942276427646339,-1.0456312725293173,-0.239835895855208,-1.0670897633985643,-1.0183561435736195,-0.27293806785494634,-0.3972930292367326,-0.9026973029438777,-0.16521449142780933,-0.7758488642046125,-0.7688751414754253,-0.1978727185703853,-0.6805736022869621,-0.6252026866948985,-0.18867550309318235,-0.5575050978844015,-0.6169056667953235,-0.19991230702792473,-0.424231731230362,-0.5856782547182294,-0.18386604489188485,-0.7557504880479939,-0.46169811595453675,-0.2057081185245845,-0.6332225078525313,-0.37247000195301755,-0.1685419268316408,-0.511856147794139,-0.42448331776900633,-0.1608190638306037,-0.44351345161307787,-0.28206506056872,-0.2048787733713136,-0.672438526214489,-0.2467375616136984,-0.23199137488850624,-0.5655169152285038,-0.1831792783674287,-0.19730506477034102,-0.4548863370524515,-0.2037194650309348,-0.17478805288706437,G
0.0,0.0,0.0,-0.10304175067939829,-0.518356706533537,-0.023715045941750324,-0.4084552810082723,-0.9121727345025673,-0.07128690111529982,-0.7208970548592578,-0.9561828050382373,-0.11336849080855195,-0.9358352279688155,-0.8659081248144508,-0.15849818847153208,-0.4164178766215711,-1.162607323504771,-0.11583297154448866,-0.8125149331064577,-1.049871937448633,-0.1664618878083063,-0.9972860024013248,-0.9457029171930115,-0.20233644605286252,-1.119491068307191,-0.9214619388409824,-0.23464211443966623,-0.45231444244330377,-0.8810166944539054,-0.13864064790211136,-0.8146675283451751,-0.7135091981611567,-0.16412134184019228,-0.7072668057535401,-0.5842582291575721,-0.15443677037441736,-0.5842643832521017,-0.5912399156167208,-0.1639919386242414,-0.47355917946740783,-0.5684454170484712,-0.15663097264354123,-0.7831181613852747,-0.4115925313717229,-0.1706875265800963,-0.6529609350698771,-0.3489577626655872,-0.13752703272312564,-0.5326920008168832,-0.4131380118066305,-0.13156058790744563,-0.4857491028838757,-0.2674226993817913,-0.17674671761387706,-0.6910697640903313,-0.20067833337653074,-0.19744278700911944,-0.5718620097896995,-0.15630838209554382,-0.16499607614062411,-0.45906976525149473,-0.19145468352332207,-0.1433003677383155,G
0.0,0.0,0.0,-0.1153411308924732,-0.48732323413222006,-0.03926082318449033,-0.4251007837363682,-0.8931605153807276,-0.09802822011745244,-0.7453241624089121,-0.9659615101410004,-0.1491536281715189,-0.9740742147840937,-0.9666312411425628,-0.2013604110551605,-0.3806775710689781,-1.1717891059570151,-0.13274277184235841,-0.7655025347859217,-1.0913073554616792,-0.19056817481345115,-0.9499896475070333,-0.9885883812247815,-0.22845426837146005,-1.073919835457599,-0.9536559583723935,-0.26295938957634774,-0.4116990696537092,-0.8984847323346947,-0.1524108323175301,-0.779879024080741,-0.7406018888541523,-0.1915681897409264,-0.6779687717044981,-0.5966449310326193,-0.1878709409291426,-0.5590963796660854,-0.5972077257777534,-0.20210195290582636,-0.43337822801774306,-0.5862847258060165,-0.16905561170762767,-0.7558866794720009,-0.4427741677379769,-0.19872286901546451,-0.6273582324950151,-0.35381739049238614,-0.16790218791842731,-0.5080659777102324,-0.40959634026747754,-0.16342252435329793,-0.4482489362274071,-0.2884149658666752,-0.18824648227561996,-0.6638103588048522,-0.22341611394335736,-0.2238430035841229,-0.5555065269103584,-0.15313666034510703,-0.19826832423998272,-0.44821688162474305,-0.18183603943520918,-0.18161497287109898,G
0.0,0.0,0.0,-0.08691042472594945,-0.4387577586031114,-0.03520365129773501,-0.28003454778203934,-0.8363313523096674,-0.10978661341769164,-0.5398370642092619,-0.9781969800965071,-0.1755105750704773,-0.7430664380563781,-1.0292800306217427,-0.23932940234627983,-0.17358951891475166,-1.180648190082279,-0.19585638211274747,-0.5339958536262259,-1.1516172383509105,-0.26182197395128665,-0.7025325181053287,-1.0768617445911663,-0.2933740563473396,-0.7939325875730211,-1.092998996398341,-0.32059209814390144,-0.18455848005783962,-0.9566569005261973,-0.2252681560148913,-0.5633780384058275,-0.844632453951081,-0.255174828390442,-0.4959158696900237,-0.6721306466411929,-0.23351954163183009,-0.39322045688574353,-0.6450512313868176,-0.24100440148932437,-0.2168036665348081,-0.6936372863516775,-0.24963686694719117,-0.5704485073976449,-0.5807033213973416,-0.26223144045404406,-0.4695173907593501,-0.44977436009444355,-0.2117390271789754,-0.34946898110712526,-0.47916799688083456,-0.20189708665405592,-0.2582116036440297,-0.435122204527727,-0.27840877428498195,-0.5270437983846117,-0.38808606416175356,-0.2962907965865661,-0.45412291611254024,-0.32060832071671613,-0.25911686679752954,-0.3573587266646612,-0.33714822508260855,-0.23895937369190365,G
0.0,0.0,0.0,-0.08707253643656693,-0.4925307478616596,-0.049968133461556534,-0.2967023276572075,-0.8911200688203419,-0.15454547818895417,-0.5823123960690927,-1.0068351467803331,-0.24637601920808863,-0.7970052936079104,-0.9903998687037452,-0.34095436322461314,-0.1642871581227689,-1.2362193861368083,-0.2917758361965686,-0.6090301035165179,-1.238744696433831,-0.3731608893691073,-0.837459910891124,-1.148120407030358,-0.3797064213579367,-0.9554500039341522,-1.1308056113166902,-0.38282767091227266,-0.16726660033936666,-0.9328299369272912,-0.319139770607075,-0.6662272057630906,-0.8333256843751977,-0.35768066030145296,-0.6229725922519604,-0.6426831951704958,-0.298227090079492,-0.5146220589698339,-0.5924040551898272,-0.2733583223791152,-0.20581148256180995,-0.6036473045874379,-0.33785790363999185,-0.6642884341345726,-0.4975456534773755,-0.3615471333670352,-0.5644488092249924,-0.338876200116766,-0.2659911825580081,-0.4277260648651734,-0.33759017053121765,-0.21780799277664709,-0.26202221260199127,-0.29417527516611985,-0.3612331028868431,-0.5986718887038589,-0.2291075208658389,-0.3984530102272464,-0.5197536915878959,-0.15021923141465598,-0.3406369572434204,-0.4017424018504117,-0.14873952792223005,-0.2942329468550938,G
0.0,0.0,0.0,-0.14971954092829207,-0.40979828312886746,-0.0112781303343715,-0.31182634130834874,-0.7512967108843822,-0.07090028102374907,-0.535268692738768,-0.871587648016075,-0.13353278980337716,-0.7197349273532183,-0.8688116910662391,-0.1930635283598861,-0.14641777183769425,-1.1838738892045049,-0.12222399450901353,-0.47553031994722356,-1.0873698484551886,-0.19767100500582013,-0.6204434666522087,-0.9964456361378454,-0.2488476166009277,-0.7041497026610104,-0.997277128328142,-0.2829617489415257,-0.13042837019110165,-0.9776146836974543,-0.16509988027984543,-0.4702522444252598,-0.794885942975671,-0.20065648015627455,-0.39436717212829986,-0.6513917673061816,-0.19449409507087204,-0.28917269002627793,-0.6351935904313132,-0.20624791753110105,-0.14000485913183333,-0.7159812188004961,-0.20668164090346802,-0.47016860696726215,-0.5477018041979627,-0.22553571835802316,-0.3638592417956877,-0.43989418222804444,-0.184653612135972,-0.24745160882105102,-0.4626972770898877,-0.17051253993472928,-0.1724317808865237,-0.4457008295023284,-0.2537192066472994,-0.42667012364067897,-0.37293539193311864,-0.26137763288138116,-0.3645943598592559,-0.3144647422358941,-0.21938600360453495,-0.27999125009400727,-0.31335155738883896,-0.19147652616868913,G
0.0,0.0,0.0,-0.12980249838971386,-0.39396038703216707,-0.008721355649827558,-0.33176308432976803,-0.7319404140584714,-0.0632508612969632,-0.5876028965966229,-0.8521236053789307,-0.1205940835088344,-0.789392090309747,-0.8642759022721043,-0.17732263755234973,-0.2251396968435869,-1.1580931395620961,-0.10698904965787193,-0.5715641121789323,-1.0698310427249857,-0.17402803304784986,-0.7394100226880472,-0.9721388889395893,-0.22607233353979914,-0.8430456973899154,-0.9510966275031956,-0.2674265066577729,-0.22742964508522628,-0.9623142160888924,-0.149087578455176,-0.5708698321033883,-0.7968871791052069,-0.18809181877432476,-0.49147276409160306,-0.6308497070362797,-0.19320407650122576,-0.3805909222148355,-0.6109572108630086,-0.216564093860296,-0.24763563441055064,-0.7194577461255864,-0.18885307956371286,-0.5640431076591971,-0.5275341677519303,-0.21005757288962223,-0.44506009748563985,-0.4169648390208358,-0.17901078020937283,-0.3138156830419179,-0.4599130741833374,-0.17774223000625497,-0.2786606763936404,-0.4723963954538092,-0.2328102857393875,-0.5211129481699296,-0.3646081070504118,-0.247955876008761,-0.4393170423187095,-0.284378033615491,-0.2135924695140573,-0.3340347391189778,-0.2971216010246941,-0.19510948112825033,G
0.0,0.0,0.0,-0.14152122624549582,-0.39276602720114917,-0.003857399579785704,-0.39897349177028674,-0.6922561913126056,-0.04703633822118901,-0.6747675218057412,-0.7343889645387415,-0.0923814016801122,-0.8720006898511139,-0.6857970592787677,-0.13811562454288057,-0.38034788009264636,-1.0851882213917052,-0.09122473557113046,-0.7148301414950824,-0.9251467997346472,-0.14810090293591174,-0.8858224268013253,-0.8077550239009801,-0.1950248038436179,-0.9981176035813379,-0.7719614300943343,-0.23546966846198317,-0.37433848713924517,-0.917802836852696,-0.13232025435074077,-0.6955398525186963,-0.6510899187996709,-0.15753400815311303,-0.602412681846419,-0.5151317863263484,-0.15819496814142336,-0.4922706600421764,-0.5266247115121564,-0.17876999011951492,-0.3757053477345623,-0.6790264499197912,-0.17055455374000747,-0.658771324697563,-0.38554013053720554,-0.17986941242190393,-0.5437466433775592,-0.29530092169750866,-0.15075052691322602,-0.430053535944859,-0.3696077380111273,-0.1533625477987853,-0.3772921399502658,-0.4248302154429294,-0.21302798795231181,-0.5859368962098304,-0.19620674650724276,-0.2290425635542471,-0.4963297411086402,-0.126622467949437,-0.20276995884136462,-0.4001295198334475,-0.16936798709271372,-0.18925513580161535,G
0.0,0.0,0.0,-0.11358178547393516,-0.43989715049140543,-0.02477527844048928,-0.4088302615216228,-0.7791093695611564,-0.07035831013805269,-0.7055408576598257,-0.81046569863049,-0.11306823296392457,-0.9156746086473116,-0.7308658518382275,-0.1537050858355409,-0.40414097383867087,-1.0986925368981844,-0.08827380188347018,-0.7624470490096453,-0.9507919880164186,-0.1430905117269979,-0.9120051049687158,-0.8363447468056406,-0.18402824802581244,-1.0126977945786058,-0.8115550676154804,-0.21900184727948788,-0.43183126057492904,-0.8946862029790068,-0.11427318403402945,-0.7492827164983569,-0.6811137842521132,-0.15474150518582477,-0.63052514526074,-0.5612956090043479,-0.15887615700791036,-0.5161742249408229,-0.5840464363262485,-0.1732203010755024,-0.4519471684586081,-0.6400570940402204,-0.1391728952207973,-0.721202610642456,-0.4139587820154397,-0.1648376682047236,-0.5832932952837055,-0.3350620657907874,-0.14303208660174835,-0.4671730306191519,-0.41901759817188017,-0.14176766603490068,-0.4638391580992931,-0.3801915661127741,-0.16768535595530057,-0.642451748356629,-0.21932971053800304,-0.1932689066762395,-0.5267282255027588,-0.15293131620381667,-0.17266809710825598,-0.42341708768505487,-0.2021621528972551,-0.15891464955723208,G
0.0,0.0,0.0,-0.08697807182475666,-0.43282466441245115,-0.004330260404629545,-0.333909622684997,-0.7479242576771806,-0.04851593049300469,-0.6034040882683581,-0.7957745684306813,-0.09056565391734803,-0.7900916278292178,-0.7041554070107993,-0.135589125302459,-0.3755736069130964,-1.1204175636856792,-0.11907186967930462,-0.7399200122297211,-1.0247195146502988,-0.18252185296847512,-0.9411438873353543,-0.9304871897860121,-0.23819383676595365,-1.0842352826199966,-0.8795818351220068,-0.2818624341207122,-0.4041025510464735,-0.902180296725703,-0.15090341426771992,-0.7365138259430062,-0.716682408358837,-0.17499358785240454,-0.6357840224177554,-0.5895447804819122,-0.1713591824072586,-0.5123409315101077,-0.5827094895249535,-0.18990034469422662,-0.4287938352440462,-0.6424200637546468,-0.17728096822890405,-0.7135741610579975,-0.4517187668825006,-0.18162300799813605,-0.5871406888219445,-0.38541401244501466,-0.14616138439411855,-0.4598307053464402,-0.44842927726293785,-0.14433050079974516,-0.4386742310166118,-0.38549492837053495,-0.20704941981023983,-0.6464160476256456,-0.26961162997262605,-0.2131164333479203,-0.5376708902527555,-0.21285776107921403,-0.17307297469394714,-0.42858663434806066,-0.23724151798759827,-0.15059952644122193,G
0.0,0.0,0.0,-0.08508862087363801,-0.42502549430503384,-0.02390707828707474,-0.3133373944305453,-0.7626611765468845,-0.08269274220269957,-0.5868354734426446,-0.8358009009631865,-0.13857796837806993,-0.7819337668604355,-0.7760105500302258,-0.1943903124693307,-0.32049267504817613,-1.1517304444141645,-0.13136877498589228,-0.688642873582412,-1.0311734934497827,-0.20202504595182016,-0.8612666713335669,-0.9379448993779023,-0.2575413119248753,-0.9722838566803618,-0.915796846987411,-0.30184540378356833,-0.3307387265376039,-0.9291482742907352,-0.16521313250112046,-0.6804447088179921,-0.7640949710970543,-0.2069176017166658,-0.5787279049596854,-0.6300567457659954,-0.20819462134148678,-0.45080458632389153,-0.615591691627588,-0.22791612821029206,-0.3423145123647428,-0.6720573644129402,-0.1968624556471611,-0.6582456532312629,-0.4904298480596924,-0.21931162086734338,-0.5360257926875261,-0.41658680440041346,-0.18271759774911764,-0.4050719485660957,-0.47978740931359665,-0.17680714598060618,-0.34767475431746264,-0.41740148632689866,-0.23389214532922462,-0.5949001399081868,-0.31158617059193267,-0.2520462309852334,-0.49947509946588065,-0.2503595148843788,-0.21307883346265255,-0.3921566157057725,-0.276855161874991,-0.19004344526378691,G
0.0,0.0,0.0,-0.1314134128803089,-0.39636971470237364,-0.025226919731589366,-0.3371673360155254,-0.7553709915072331,-0.09320843328926345,-0.5920576229511756,-0.8795164577679998,-0.15785173371980696,-0.7990164621739876,-0.91719161755798,-0.22172634811101638,-0.228814971209237,-1.1568488561221717,-0.15194610139396,-0.5781121034406415,-1.1036994010854266,-0.23150709076452938,-0.7628166874183261,-1.0335299570243397,-0.2869823645211416,-0.8829525778799445,-1.0326935026943842,-0.33048642123514654,-0.2285526317109531,-0.955432982446015,-0.18684622177692028,-0.5901188593558179,-0.8122296721805181,-0.2323382170100348,-0.5108580553617396,-0.6210885424723251,-0.23230462810651706,-0.3968207892333425,-0.5843992430917252,-0.2537923532640079,-0.2490188477290834,-0.7148470093263408,-0.21949418283431785,-0.590820189069823,-0.5675844677117693,-0.24752600412802056,-0.4762347344588311,-0.43455263544757494,-0.20619178234195423,-0.345829592899816,-0.4676801378376553,-0.19994382059019022,-0.2794544041116475,-0.47443241376835965,-0.25670618377808146,-0.5536051121185419,-0.40415992345543406,-0.2798677788478325,-0.47686333856652807,-0.31451385893758244,-0.24053289328730243,-0.37547966879128714,-0.32711274629989046,-0.2190472554206271,G
0.0,0.0,0.0,-0.10416108339118048,-0.47445018045487247,0.0143921149898841,-0.3781552398739833,-0.7256465166526587,-0.023654659439155207,-0.6580785198312605,-0.68418838716488,-0.07120774583592027,-0.8527943250760932,-0.5813252782343227,-0.1360859083873937,-0.4565733288353896,-1.0650725549598097,-0.08803835876588259,-0.8210533563626542,-1.02770906014784,-0.12482062194417504,-1.0103296991225619,-0.9759142368824464,-0.1517565980110359,-1.1568646029078666,-0.9911156007397408,-0.17533790694919152,-0.4573876077195339,-0.8797366160919468,-0.12984630380450765,-0.8339520707746761,-0.7789184010502341,-0.15627109523648203,-1.0258121830708111,-0.7451636083076935,-0.17935820698556565,-1.198501694787765,-0.7607788226967646,-0.20846176404993128,-0.45955180986979166,-0.617678754045767,-0.1579215106510998,-0.705605462882918,-0.3756380841170452,-0.16868856859094478,-0.5959721072349242,-0.2641698668320693,-0.15233493238029192,-0.500586146470676,-0.267398149538805,-0.1506990887298936,-0.47826357076028814,-0.33321654041835586,-0.18405870392636317,-0.648546535420989,-0.1668791993861368,-0.18918431422309417,-0.5549268340434104,-0.1054255024032812,-0.1508144045143297,-0.45555200040591803,-0.13739290825452713,-0.12428377360514084,H
0.0,0.0,0.0,-0.10998069650210329,-0.4789901351859207,0.01783530479582808,-0.393289307762084,-0.7413282468579799,-0.01641901206172622,-0.6825653273171645,-0.6964056671674324,-0.0588563948001945,-0.8772362518479327,-0.5768883601552911,-0.11869658565780622,-0.4629567072044246,-1.044062602190345,-0.08984619024818023,-0.8331146564987747,-1.0179651532357188,-0.1125802341870134,-1.0183216737145593,-0.9570383767451918,-0.12366420010132913,-1.1636498641667998,-0.9563353293538411,-0.13804558226376182,-0.4723958804427402,-0.8717118083804323,-0.13023308055499858,-0.8621099898500878,-0.7764558823488461,-0.15110998414825594,-1.064363532834123,-0.7309968979855089,-0.171732270409349,-1.243975651939777,-0.7308459951339183,-0.2002165109175939,-0.4823779541719602,-0.6105831680735218,-0.15481003962233403,-0.7325149207111119,-0.3892299211186348,-0.1592060689165945,-0.6099111007377956,-0.2640812394792567,-0.14385570119378807,-0.5025524662016574,-0.26295996133697463,-0.14483963025881538,-0.501141624474949,-0.32999830331691893,-0.175988171165719,-0.6711716623437614,-0.16374633319935214,-0.17499165645309422,-0.5664545772279325,-0.10023272206417522,-0.1383687179850796,-0.46227014919751924,-0.12726556882733628,-0.11566437367618487,H
0.0,0.0,0.0,-0.11292336577946079,-0.48568441374308907,0.023415253012241344,-0.39236677372803047,-0.7487417628083096,-0.001505532033398407,-0.6748207987415458,-0.7121010995198807,-0.03576239160127247,-0.8681484202562506,-0.602301492462112,-0.0860878098880757,-0.4626172526125775,-1.0524751609192453,-0.06650636555952737,-0.8183853228718995,-1.0208444501532774,-0.08234275548755353,-0.9933495289989268,-0.9324063875065483,-0.08683417330336443,-1.129111025226258,-0.9061243049507853,-0.09461133535025706,-0.47403082309821604,-0.8740442744486437,-0.10649593915437251,-0.8489148381310361,-0.7690126016674481,-0.11857209390632659,-1.034511612623071,-0.7130983945207375,-0.13365589981335024,-1.2029603079343327,-0.7206126989023498,-0.15676414660067142,-0.4850467743398365,-0.6149823494076421,-0.1319554656311355,-0.7247714665104807,-0.37607337611323083,-0.13592024712331904,-0.6020242579389586,-0.25675438471720596,-0.12512484250108882,-0.4984129750074681,-0.26614614127047886,-0.12746242436991875,-0.506641345606824,-0.3335753218004858,-0.15336736806986057,-0.6695875600355722,-0.15519713486536646,-0.1568600391499806,-0.5668137251726699,-0.08685657706059705,-0.12421721163880141,-0.46692337911139353,-0.1186164141765382,-0.10179659544619665,H
0.0,0.0,0.0,-0.1049317387140734,-0.47971524151281664,0.020312833770873895,-0.3804623932823924,-0.7425323825787069,-0.0036955139920866395,-0.6608504158550783,-0.7135393013771081,-0.03575036149288764,-0.8509138298790091,-0.6072239071813812,-0.0825732888636286,-0.4564466092865624,-1.0471451533579328,-0.07082076714108403,-0.8084790341222367,-1.0113298104940056,-0.08675921257195794,-0.9793537503079289,-0.9244388670841349,-0.08995745389883356,-1.111538284828461,-0.8941338972722094,-0.09672566077817235,-0.46998850353584043,-0.8760819572832103,-0.10766248495627677,-0.8361947629894715,-0.7619194803001352,-0.12591333001335345,-1.018610228923626,-0.702164374740892,-0.14306800040717343,-1.1836808912425703,-0.7030336601550163,-0.16536154925690183,-0.48157138264221466,-0.6221048781731269,-0.1295850290861668,-0.7102451285017749,-0.3768796832929882,-0.1367188826638072,-0.588797211857468,-0.2589583858069121,-0.12438971535484333,-0.48665188928063824,-0.26866185466178577,-0.1237734663349509,-0.5024793011966375,-0.34195885447030705,-0.14767984855609295,-0.6600938019795557,-0.15650199180829089,-0.1528180993580499,-0.5597306492176507,-0.08943891228009548,-0.12022076892046904,-0.4627456831087753,-0.12031556768136059,-0.09629815954838708,H
0.0,0.0,0.0,-0.0986936956277072,-0.4953280616021353,0.015930386870274954,-0.3752976637961094,-0.7648316449087951,-0.013226019177483513,-0.6569582770817779,-0.7348171334252986,-0.04901108993950065,-0.8454279127786469,-0.6287757009339207,-0.10062271980656456,-0.4548028180446803,-1.0580425105080633,-0.08730971419179728,-0.8112908679296775,-1.023617135181796,-0.10054123342943229,-0.9847749714139097,-0.9364964028299413,-0.100434428649408,-1.1201663728846012,-0.9163873269047063,-0.106038335442348,-0.47473341542960174,-0.8717373282572103,-0.12125268985686849,-0.8512579649039388,-0.7721875280958826,-0.13576835046629118,-1.037906280171439,-0.7144844038935296,-0.1487106829369511,-1.2053450711055473,-0.7185741051070499,-0.1697609523610407,-0.49130698699194436,-0.608348671537145,-0.13885319960062037,-0.7203704928495976,-0.38730386336276457,-0.14369222371070106,-0.5948546570846392,-0.26829027483412693,-0.1309404041217659,-0.48892505139652825,-0.27196574784481714,-0.1315171885055041,-0.514385768090032,-0.3287994371661405,-0.15249071586013313,-0.6621585937211224,-0.16478654551622574,-0.155889121302795,-0.5567982432390463,-0.09487529166979491,-0.12199933588389698,-0.4571566117955656,-0.12189516529361762,-0.0982843006982642,H
0.0,0.0,0.0,-0.0929467555192401,-0.49502664397812607,0.021066574993769568,-0.35975597160302897,-0.7666439462294192,-0.0061818082807311835,-0.631398839714837,-0.7502518469204157,-0.040441558419241096,-0.8142166559911805,-0.648259646466614,-0.0916147592968606,-0.4558855550141826,-1.0547842206471139,-0.09101937910234548,-0.8184206573973754,-1.0317022660945154,-0.10390785223218281,-0.9972881829975861,-0.9573470043417189,-0.10260839128264186,-1.13351331416524,-0.9485830273572073,-0.10650021527062072,-0.46859860525289754,-0.8742148609319603,-0.12713663547833956,-0.8487529682498096,-0.7790100312182889,-0.13587459767799986,-1.0366647213626528,-0.7214296262290621,-0.1422367990271026,-1.2016704373916787,-0.7165180591975688,-0.15848477079745338,-0.4815687750030767,-0.6155431365078748,-0.14650235632959674,-0.7119807276671367,-0.3963962324398424,-0.14500059029095744,-0.5961875887386142,-0.2718732043408282,-0.1278576612248436,-0.49610430586992604,-0.2699798697564096,-0.12629659152047415,-0.502507458249175,-0.336288703009813,-0.1618859585301577,-0.6561709411318569,-0.17641831616288234,-0.16129191749976476,-0.5538529585697796,-0.10766465619109579,-0.12472937383536187,-0.45304043996545174,-0.13008177662811352,-0.09872228917773064,H
0.0,0.0,0.0,-0.10239102648413166,-0.48344182574986905,0.02045715654993218,-0.37693043802367954,-0.7586984798442573,-0.008675397101258017,-0.6603134428215603,-0.7303112054176254,-0.04528352315559723,-0.855872069134237,-0.6330711266760036,-0.0990666707988738,-0.4568708545899222,-1.0486243692071773,-0.08619654271450115,-0.8178971646377997,-1.0363507389575106,-0.10659142996783208,-0.9988779786779524,-0.9683828893962793,-0.1131351285944877,-1.1390595750966925,-0.9635445413144745,-0.12230870366727847,-0.469547267021458,-0.8741876802069081,-0.12377909277072727,-0.8493226100525242,-0.7811265131199843,-0.14275331070295322,-1.044464188722625,-0.7303566067969183,-0.15800525902948617,-1.2174243405159995,-0.7334751605549065,-0.18019623756251163,-0.4817217833310837,-0.6138834617879524,-0.1453019282938341,-0.7194235577112363,-0.3957526590226682,-0.1504944474495559,-0.597025160562093,-0.2710993267019772,-0.13278181569265093,-0.4920393087991389,-0.27438211932932,-0.12974763748296275,-0.5028527761098526,-0.3364490300573176,-0.162702472085907,-0.6688923187481691,-0.17147183007546124,-0.16409608354947572,-0.5645309220217192,-0.10121505633195474,-0.12600935024584575,-0.4640864486628997,-0.12992460612307563,-0.099443589080244,H
0.0,0.0,0.0,-0.09474882971924337,-0.48589079567068233,0.012241442918325268,-0.3683744520702266,-0.7627340631708454,-0.017769255860379675,-0.6479410187516068,-0.7376052168695427,-0.053957648731926,-0.8411123233008277,-0.6394282053289931,-0.1063589739202712,-0.4481524635551467,-1.0525756498750618,-0.09024939225758687,-0.8146391685965279,-1.0543820642915893,-0.11111339786329112,-0.9987356586992805,-0.9938732873898929,-0.11863874819293961,-1.1405086601368122,-0.9944052466380267,-0.12887777303937833,-0.4660043613537424,-0.8759375801397377,-0.12479299218398197,-0.8478089526237526,-0.8036529156395478,-0.14520294413219906,-1.0444880619120445,-0.7642498295133238,-0.16027452748925333,-1.2166804373248112,-0.7735261436749943,-0.18178675920527596,-0.4814592673887089,-0.6162567150490603,-0.1443921520205894,-0.7155731158882985,-0.4135819512046682,-0.15382185020789263,-0.5917887878136208,-0.2886394271912163,-0.13618000059726526,-0.4848564304659779,-0.2894112321609604,-0.13151502268312618,-0.5021399769466639,-0.3414777816008836,-0.1606631471672546,-0.6623041626932962,-0.19160962069588444,-0.16710576472798516,-0.5542619693385277,-0.1209135066777247,-0.13007214733610922,-0.4486475422493465,-0.1480556404364958,-0.10305163850013155,H
0.0,0.0,0.0,-0.09869079171991198,-0.4882705698828919,0.02342359818440999,-0.36692948925514984,-0.7425312483537287,-0.0035149911562410824,-0.6433685653151978,-0.7191304816861673,-0.038538832290425415,-0.8332337530896241,-0.6230455979185237,-0.09062518069458422,-0.4445747686206491,-1.0529525555813166,-0.08365450978847067,-0.8095175682331902,-1.0585293518587922,-0.09359170451948029,-0.9932447081644393,-0.997352436811453,-0.09272382556376345,-1.1398459407392876,-1.0034375853659008,-0.09815376606173642,-0.46774416269825375,-0.8756164654652753,-0.12046245750360521,-0.854887607264425,-0.7981056590580414,-0.12834642134301155,-1.048209788276612,-0.7492546490740613,-0.13716228710907363,-1.214670501489407,-0.752954385776926,-0.15573713694741467,-0.4878525666247544,-0.612836776772562,-0.1401272891524452,-0.7179308543581121,-0.39331041398309313,-0.13598271330811268,-0.5997454387767235,-0.2688987026796655,-0.1189422827332142,-0.49673865835954295,-0.26977945111771634,-0.11803676092790938,-0.5148361477355121,-0.33639967825601785,-0.15586691323985832,-0.6616895171071081,-0.17349063317623267,-0.15188838925161915,-0.5547600319569979,-0.10201158164884126,-0.11550216813825058,-0.4505328600049711,-0.13166558806868217,-0.09077650912130868,H
0.0,0.0,0.0,-0.095567558616922,-0.47660657102328013,0.017263868890870657,-0.3598130263812653,-0.7535069280434111,-0.0032662722841076196,-0.635755955532396,-0.7286931429220295,-0.031087944003292307,-0.8160030686982869,-0.6172530657010609,-0.07312977045201956,-0.4299785682653737,-1.0563667467719389,-0.0662816985620165,-0.7816094073167497,-1.042194916004337,-0.0748349378656664,-0.952404414845572,-0.9695912672591092,-0.07684515764193396,-1.0898955835646373,-0.9681677808316099,-0.08628826609762663,-0.4554246354415754,-0.8845594308493427,-0.10071253511055671,-0.8347301047084094,-0.7955402991951016,-0.12029485093975768,-1.0393327323608756,-0.7490931222904404,-0.14256291287164596,-1.2156710379507596,-0.7605484279249008,-0.16920057800523206,-0.4779541251947732,-0.6235410839652592,-0.11912378754679806,-0.6995142265707581,-0.4003413812792962,-0.12674152533301689,-0.5763292303029981,-0.2704758067186908,-0.11427010860766705,-0.4717303573010415,-0.2771218261001488,-0.11259438928048411,-0.5030005745364812,-0.35057484527313715,-0.13417539510829787,-0.6338992658494774,-0.1674573954811692,-0.1357827951791003,-0.5222951554857264,-0.0991706901879812,-0.10123660761625274,-0.4198503735027124,-0.13427451286126788,-0.07699683962448463,H
0.0,0.0,0.0,-0.0937253062530149,-0.4868999924704735,0.02783557994444412,-0.3557130624418584,-0.7511507531333176,0.006253683757007495,-0.6310526184776287,-0.7140867404434879,-0.023556924882678076,-0.8161689796956437,-0.6024304963280498,-0.06779185059697036,-0.43352143870901927,-1.045183783808994,-0.07197678990631921,-0.7861789676838727,-1.0381310837248157,-0.0788171267420244,-0.9664493213768534,-0.9769282342284408,-0.07595290841509975,-1.1081540929286307,-0.9856815541412902,-0.08107689481113575,-0.4632631886265961,-0.8792838635358147,-0.11066664081397651,-0.8295472216591119,-0.7837051607807783,-0.12468687686218762,-1.028659297228719,-0.7430202919656653,-0.13752773024361953,-1.2014140913808409,-0.7526741128473964,-0.1565096351235074,-0.48671171480732234,-0.6231990650304238,-0.13178512379815138,-0.69379829202387,-0.38807698891645626,-0.1303131487063792,-0.5717476029291295,-0.26084462431725325,-0.10773071660851426,-0.4698306269053573,-0.26294138622522045,-0.09974052260595268,-0.5125941398819185,-0.3509828615938988,-0.14918648482650945,-0.6362147072290977,-0.16416808405692448,-0.14608833486959263,-0.5269468228068194,-0.09273372688271281,-0.10753994469478655,-0.42683354189934725,-0.12298791522548522,-0.07893619277721453,H
0.0,0.0,0.0,-0.0968942767496892,-0.453248601021342,0.015254382221981612,-0.3662544103271505,-0.7268672446182194,-0.005555209947429107,-0.6414580774806071,-0.6843076342106498,-0.035443055097318044,-0.8378870297390744,-0.5828553424490999,-0.0795448167416221,-0.4306597482196463,-1.0476015528817124,-0.04777908164623325,-0.7810234824542017,-1.0380384712162405,-0.07186514538333437,-0.9630141862675593,-0.9778807366556289,-0.0904736852895802,-1.1042859363781423,-0.9772699621538514,-0.10797691207006711,-0.4558706177227931,-0.8857052566486056,-0.08779623136596987,-0.8062368028983669,-0.7947377229224852,-0.11048809262315316,-1.0020280203038545,-0.7684608166233988,-0.13722887014672858,-1.1779656350841463,-0.8030533981566583,-0.16467403280060186,-0.4740029244707885,-0.635046415776554,-0.11715907920533115,-0.6891656444031589,-0.3855915996797761,-0.1374078347962136,-0.5730383432941248,-0.24776807848793633,-0.1310163320820365,-0.4729946073358315,-0.25579417504078916,-0.12821965519626385,-0.498369689887209,-0.3620846243725994,-0.14418817930295494,-0.63807872000448,-0.16097658061596398,-0.16213150318005273,-0.5345519517649826,-0.08011807566715735,-0.13539602581642954,-0.4339971946043593,-0.11417586187020871,-0.11215582012072095,H
0.0,0.0,0.0,-0.08158269814040794,-0.4517853827237158,0.009480896869096997,-0.3293211676268644,-0.731395186673151,-0.01141882107570727,-0.5955306097373959,-0.7293914429903818,-0.038319285915191896,-0.7763383149062814,-0.6191228401470107,-0.07922440602533967,-0.3931563223795814,-1.0587837713912194,-0.07156980585309225,-0.7392575250209656,-1.0543376137822154,-0.10119854734981369,-0.9200209575259134,-1.0060021795976333,-0.12344088163604996,-1.0624586342920952,-1.0162565166653663,-0.14321798476905473,-0.4115162656527343,-0.9047152485793273,-0.1102029132612854,-0.7742092865383904,-0.827521454917072,-0.1325468819957725,-0.9686525086119633,-0.7916475007636479,-0.15617595317253177,-1.1331967318112768,-0.8107302937880548,-0.1832251166127299,-0.42963491131772447,-0.6665736323320224,-0.13798111970006516,-0.6469613057957541,-0.4329685733740128,-0.1534580375283316,-0.5426915330189065,-0.2983564955983992,-0.14852477920611593,-0.44691144919169146,-0.29845500807051173,-0.151316434333118,-0.44928965616551414,-0.39899057866916404,-0.16472586511430728,-0.5835939114400326,-0.2049910104111755,-0.17532938543429466,-0.4821881859700615,-0.13120053291784337,-0.14762930083461295,-0.38202441303086454,-0.15018794268984012,-0.12721004125471697,H
0.0,0.0,0.0,-0.0668785855088809,-0.4578239096114233,-0.009600586944502304,-0.2864725114493241,-0.770373564998881,-0.0485692653924093,-0.5461138501481928,-0.7607432032615087,-0.08969565729981045,-0.7213861981343653,-0.6352037681280351,-0.14328882212990324,-0.31199497294239353,-1.1384687528460231,-0.11006844809216519,-0.632860859227749,-1.1786051174409022,-0.15051705719639674,-0.8097249149099319,-1.1308844011640853,-0.179387229890672,-0.9565911124639118,-1.135206753513718,-0.20500864293823337,-0.3237896330051332,-0.9343820185159871,-0.14862878937941507,-0.6949113039977319,-0.9057950189858393,-0.18176789914007513,-0.9070495344223396,-0.886705719248896,-0.21162365523683105,-1.0856843796434597,-0.9342756297632486,-0.24975465664193996,-0.3415762301517888,-0.6611154969954656,-0.17735470988195803,-0.5930153848106234,-0.48826334586284226,-0.19756986888929937,-0.49874646706014975,-0.36357337131324996,-0.19672886167530623,-0.397926217100619,-0.35827160622661236,-0.20998595472869394,-0.3621284636016383,-0.3785189292754793,-0.20665950949633563,-0.5431462755036989,-0.2460353600485298,-0.21726164059271288,-0.4554350520803863,-0.17425959303762273,-0.18811894244585925,-0.35211307590197416,-0.18387652363677556,-0.17411502214439242,H
0.0,0.0,0.0,-0.06979708247780207,-0.43485477050736393,-0.00792910583172295,-0.2872653381081924,-0.7432324448020035,-0.04639260232591916,-0.5369276074642246,-0.7576089481362334,-0.08777659093359351,-0.7075351895819189,-0.6394737048059239,-0.1426454707893015,-0.3201578637266677,-1.1152476178120103,-0.1097068716584467,-0.6551428499125797,-1.1293362868739107,-0.14803358265048214,-0.832599471181612,-1.083930691659251,-0.1741413644900687,-0.9719303008691068,-1.091289101102122,-0.19792370026854292,-0.32790628338363875,-0.9332394066641616,-0.14677083895192683,-0.6990195214894686,-0.9038627784238256,-0.1767934542650297,-0.9040125590657395,-0.9032469361566068,-0.20459486039398017,-1.075958878238681,-0.9605342000909172,-0.24121509527897586,-0.3420560257925523,-0.6772945940884955,-0.17339928268570187,-0.5918806155651706,-0.4953909971719372,-0.18970621466525206,-0.49449115223020546,-0.3706357977961007,-0.18747147877971745,-0.38747207081943863,-0.3646225114048379,-0.20011895908566604,-0.3612244646868094,-0.40803614019106543,-0.2005370096292409,-0.5386142071575918,-0.2612706174314459,-0.20909624763322462,-0.45171449755369925,-0.18554616924068837,-0.1813677869990668,-0.3486654159168281,-0.19629507831497964,-0.16823523221501246,H
0.0,0.0,0.0,-0.11358492140810499,-0.4098216128110588,-0.0029095955221111612,-0.29828842260121874,-0.703576415692553,-0.04899355959733856,-0.516601518740609,-0.7379094362010251,-0.10357549518589336,-0.6698604278902198,-0.6463024355968648,-0.17077081690741158,-0.2736100951899913,-1.1400101148621535,-0.09086231559210685,-0.5766355221301636,-1.1808618761061056,-0.14838105371427562,-0.7482637081858319,-1.149116793032727,-0.19856307003442333,-0.8892629043294489,-1.1564340534260027,-0.23663073201492724,-0.27266769295207566,-0.9519890597081438,-0.13917312749305016,-0.6269669097782583,-0.9450298433767915,-0.1803083546169591,-0.8240346824738354,-0.9538105787782173,-0.22009829394768293,-0.9836198392497459,-1.0186750241981974,-0.2652351478491646,-0.2791361034463822,-0.7006400645833687,-0.1807148372367316,-0.5524916812436517,-0.5454369635662916,-0.20120540769602435,-0.47637745241789653,-0.4160666900256257,-0.20115169535436214,-0.3746413474682562,-0.39813697153564703,-0.21645011100213143,-0.2981524506968188,-0.43954511697188664,-0.22419502080510367,-0.5064721851001807,-0.32149398855888617,-0.22584889660602964,-0.445831925867062,-0.23706300265978847,-0.19339851660231328,-0.3510248849630597,-0.23733815659786603,-0.17967320760989675,H
0.0,0.0,0.0,-0.08182808874629788,-0.4243430349868959,0.0059642171201621744,-0.28285658287941606,-0.7320629529732935,-0.03475563764827296,-0.5233231484553615,-0.7579094135848998,-0.08361005113055137,-0.6905691705382585,-0.648610569915007,-0.1468166020876854,-0.29522635253347096,-1.1206646225755572,-0.09608969685538554,-0.611130340710185,-1.1397603581285007,-0.13565898016616793,-0.7769174409822276,-1.1017120697107428,-0.16512116861706122,-0.9092976609862861,-1.1127916769212733,-0.19288966119607945,-0.29629730298220097,-0.9443865290800726,-0.14262535517069555,-0.6631248098132908,-0.9322107451070799,-0.1774699455401282,-0.8654134517481317,-0.94491207728283,-0.211268169437871,-1.0341258701052112,-1.0165981368123165,-0.25362681443334917,-0.309464504442573,-0.694329059169274,-0.17736934685498376,-0.5754797199818956,-0.5275618698933338,-0.1921458937006883,-0.4789762232218016,-0.3883329392879205,-0.18351878637544747,-0.3701541101660544,-0.3750837523079183,-0.1941761302036235,-0.3330249471606744,-0.43797575536642147,-0.21196291496479383,-0.5221739497186655,-0.3013390620739864,-0.21438618853058558,-0.44126498638474543,-0.20526885060994346,-0.17969400713995257,-0.34230449338251606,-0.20767305845482406,-0.16406255395253486,H
0.0,0.0,0.0,-0.058642487451890456,-0.40245824668963714,-0.021106973385419742,-0.26871876633467695,-0.7044096295798306,-0.06273559884725764,-0.5104330732978203,-0.7543136265425455,-0.10716614868083603,-0.6799075385360912,-0.6882985284399137,-0.1636529292230236,-0.3090472674690361,-1.1005943187143141,-0.09500693508141775,-0.6156515625845916,-1.1224729737738035,-0.1349223027943436,-0.7767673529701993,-1.0917107518510962,-0.16527390168581538,-0.9068113113830849,-1.1062956495360885,-0.1908939484232897,-0.3127382379954544,-0.9418131769895687,-0.12321823787213511,-0.6641098023641057,-0.9257201677268854,-0.15934895412358094,-0.8495756665105346,-0.9282159365019781,-0.19086870228957153,-1.0076313125796772,-0.987918676230987,-0.2261190467445375,-0.32103546873675853,-0.7079975105416353,-0.14422189749488848,-0.5638484874393154,-0.5411112078162786,-0.17276981303131875,-0.46820139770680935,-0.4174009994306002,-0.17503520905833675,-0.36508338674538743,-0.410366103821551,-0.1854843348987317,-0.33658333218921715,-0.4595370952928304,-0.16622972741997116,-0.5159553059135221,-0.3319656934351908,-0.18305934063709328,-0.4360718167355799,-0.24435207990671046,-0.15842386466827862,-0.33540929452069307,-0.24420438646866585,-0.14421068963383504,H
0.0,0.0,0.0,-0.06216346349252527,-0.4091105144689423,0.009385164871367995,-0.25816626280208493,-0.7285867970449663,-0.028589558222678238,-0.49355200109414454,-0.7809481336700158,-0.0751611801096761,-0.6625299297772342,-0.7048754320524874,-0.13721124145947133,-0.27427795868812826,-1.1124298094974618,-0.0874769401600844,-0.5782497056630155,-1.1729805323625937,-0.1336585422819235,-0.7489689460155649,-1.156935028037291,-0.17151711156890864,-0.8907332483823942,-1.1868971636113097,-0.2022408255235053,-0.2763307056939859,-0.9518893987690625,-0.13246853815807194,-0.6307734599746286,-0.9648988706347171,-0.16130570599339944,-0.8162368993614856,-0.9760250597521164,-0.19067133777723835,-0.9746389645735409,-1.0547042995486078,-0.2291839819173772,-0.2910758288687576,-0.7199040353146183,-0.16726189236231617,-0.5574560831507814,-0.5687044898445565,-0.1791057198691648,-0.46966389423790855,-0.4310255814343483,-0.17377462788603573,-0.3698606517132712,-0.41740444409902483,-0.1869028662410205,-0.31912834369129456,-0.477644771285781,-0.20176677034481716,-0.5118497512479903,-0.35179763323730406,-0.20409522888225784,-0.43458929809899144,-0.25097460171054453,-0.17297524638459877,-0.3363970634383772,-0.24536599323398853,-0.15904655799076545,H
0.0,0.0,0.0,-0.10145637062394419,-0.42928994430153283,0.009779583336035002,-0.2646221337343917,-0.7463966363627714,-0.0342919583459549,-0.4796582394215883,-0.7930661455380188,-0.08794192153033606,-0.649488302593597,-0.7102402759243603,-0.1582428121504587,-0.23300505254660642,-1.1698350809441056,-0.0953739912795194,-0.518439514183153,-1.22946182048837,-0.15275682405726898,-0.6873805621885463,-1.2369543058715464,-0.20828680963868276,-0.827213700939405,-1.2924162129153411,-0.25136234304709515,-0.21529054959137972,-0.9654475118199709,-0.14683692034794568,-0.557222445788745,-0.9826960865655378,-0.1782475025555861,-0.7451042980215253,-1.0281765734592376,-0.21420826663928158,-0.8959717813017889,-1.1191235824184078,-0.2615100985029244,-0.21511161043643795,-0.6929811683846203,-0.18864998298735303,-0.5108076172096846,-0.5848354083467024,-0.19363328164402854,-0.45808352657489976,-0.46571779046840717,-0.17944911389309062,-0.3626050492012322,-0.4397931519742057,-0.19021993146266303,-0.2340834213163348,-0.429546281741747,-0.23158640067047837,-0.47493741740397794,-0.38726456893463507,-0.21875121461596772,-0.4353561236692609,-0.3057918675072227,-0.1718584013282992,-0.3418582849841551,-0.28543138464049606,-0.1499661217786398,H
0.0,0.0,0.0,-0.19192499422181852,-0.4693353372397596,0.031503845963495675,-0.5412634250678752,-0.6685261668252778,-0.01592874350434584,-0.8717087035864582,-0.48998081807388255,-0.07803116144249428,-1.0995695831678396,-0.31451960462634976,-0.1594762024809176,-0.6043648890831407,-1.029283046236382,-0.10675529481586103,-1.0611597676633604,-0.9805034562457949,-0.1655951956182763,-1.31183186129766,-0.8950769000359805,-0.2075752682849872,-1.5132168920911333,-0.8659597169495102,-0.24178914973504922,-0.595620884325787,-0.78471207588755,-0.17164708011271082,-1.0783108028281227,-0.6786155935050951,-0.2147640350774901,-1.348919771914199,-0.6528588708781359,-0.2547995429520572,-1.5769285612653452,-0.6622820847246818,-0.3023049583517463,-0.5837314762009442,-0.43636012275281205,-0.21943632445866945,-0.9077816685025186,-0.1180883133813398,-0.2281242248433653,-0.7652412090409321,-0.015301234738707193,-0.20032985560916305,-0.63583965488057,-0.08254633835004195,-0.19569943660606176,-0.5778287005356005,-0.08167558920335098,-0.26485110256477207,-0.7998211516994288,0.14828387627456846,-0.2616257876951037,-0.6794566369239672,0.18817804986599726,-0.21081216761491825,-0.5588281743794482,0.10287031656745843,-0.18193473837465285,H
0.0,0.0,0.0,-0.21988912811272815,-0.4745584557731737,0.09130802123160613,-0.5356619996984949,-0.6422997702573233,0.08612717266492789,-0.8252969989582153,-0.4719235794744658,0.0518292240193389,-1.0205035399687146,-0.3036384184776919,-6.973586051695822e-05,-0.6171470785424868,-0.9839297921633904,0.014764227979566101,-0.9997451951139728,-0.9193966912365282,-0.014367106782518499,-1.2072177514859859,-0.8309050145894206,-0.04551165084369282,-1.3801642944050365,-0.8070774424718565,-0.07440448319459901,-0.6424676448100132,-0.7629529710254138,-0.07168046718436503,-1.0549136333894533,-0.6467276361628802,-0.08811633036163975,-1.2873819006133882,-0.5877743390039593,-0.11887793678624459,-1.4929516925046638,-0.586823794739727,-0.1562198119255746,-0.6407928098384185,-0.4586128871960465,-0.14288366612200745,-0.8644086971557858,-0.16239586470906495,-0.136786560481351,-0.7139844388589252,-0.08370599493124174,-0.12272281571046566,-0.6017528982632129,-0.14831982089259205,-0.126239094513222,-0.6267712344708216,-0.13191560004339037,-0.20851453324559294,-0.7519922431592737,0.06692580212210571,-0.19118473283789383,-0.6307072083842208,0.1026950928363369,-0.14753277518545105,-0.5294774564853397,0.02603368395973462,-0.12310508122034228,H
0.0,0.0,0.0,-0.14800192186122257,-0.45691164092871794,0.01716798710628885,-0.43902399959641253,-0.605821414700512,-0.0029116530065668466,-0.7137659930988051,-0.4797561329299782,-0.0322052441539885,-0.912728824594177,-0.3345802829538935,-0.07384313487307648,-0.5747411123281359,-0.9701871820788569,-0.03406020460579661,-0.9329356668049462,-0.851642822718413,-0.05313288076476565,-1.1171844456365283,-0.7456330745068867,-0.074053576853526,-1.2683171329629377,-0.7193161397847886,-0.09653631822257483,-0.5746424891931967,-0.8151514841872307,-0.0728976504504888,-0.9570757553578282,-0.6393364108330569,-0.10161923780678407,-1.1519880308874229,-0.5653968298272171,-0.1381401308366274,-1.326292483302351,-0.5699809888599281,-0.1746233102499027,-0.5554317406453129,-0.5623750688795947,-0.09997279107470741,-0.7615322917646229,-0.23022195318346667,-0.11976927669539597,-0.6300816677572803,-0.12840239053402597,-0.11632603161319151,-0.5285273494339128,-0.16748621984127973,-0.11802130328542719,-0.5333357463313276,-0.2704230787957547,-0.12460264568429744,-0.6648860316118719,-0.03804309569908011,-0.13383970796779063,-0.5503407106059277,0.005431279854925227,-0.10049079773633805,-0.4461336894872627,-0.05253394863642876,-0.07603556933714069,H
0.0,0.0,0.0,-0.1687509568034876,-0.4216755613277994,0.04522014031149906,-0.45738388669790214,-0.564578562535319,0.045928295866411256,-0.7277996182709103,-0.4502597179427163,0.0341585737796815,-0.9162783235337735,-0.3061123754246011,0.009015318970087326,-0.5884048366611883,-0.9560298820494235,0.002941086011182279,-0.9370065291561896,-0.8276716693331246,0.013089342854310784,-1.1086293223879902,-0.7048663313377913,0.014999399911294946,-1.253643693168834,-0.6549858579169309,0.00852062187150722,-0.5878285484147041,-0.8077315768261706,-0.04502552016989884,-0.9639609841443373,-0.6011426240335909,-0.04251632999399057,-1.1543245673160842,-0.49610539487028665,-0.06478065124436463,-1.3241227073566517,-0.4597436832315349,-0.0934629812877578,-0.5700988587991073,-0.5616762243642305,-0.07935093627216623,-0.7727861844094088,-0.1937777016482155,-0.07852003148299622,-0.6518796123505209,-0.07708270639606628,-0.08473585671589073,-0.5639297190794239,-0.09516647581716058,-0.09653251119251813,-0.5490160541925931,-0.27278240722309666,-0.10853955468480665,-0.6684915104393786,-0.023993319840559618,-0.10284663964853899,-0.5536816526854133,0.028344555690815603,-0.07336909023259018,-0.453158551658252,-0.007860104421304201,-0.05403322427055633,H
0.0,0.0,0.0,-0.21150851380043018,-0.29619473195705587,0.07621036889720405,-0.5083568585818515,-0.4185517572360611,0.10369781809892065,-0.7492551868430579,-0.29962592830121704,0.11602241346134555,-0.9118378541151385,-0.12315764679210144,0.10523085790051419,-0.624778255624993,-0.9210718966537293,0.05722748242570708,-0.9662110161473838,-0.7359763052402495,0.09009924340757776,-1.1289905531196724,-0.5909151767785558,0.08925779649768602,-1.2653085261204446,-0.5458664303682039,0.0746500274819891,-0.6390417567125992,-0.7691619246916147,0.003945476190051368,-1.0315229795399794,-0.5594455619749082,0.039436187752444875,-1.2278542350207302,-0.4060657741092451,0.023854471354483153,-1.378647347424129,-0.3676801118331855,-0.00822692950706605,-0.6320709705210652,-0.5229336168937391,-0.03627024684480297,-0.9446328504793051,-0.2575479768301354,-0.009205149117641026,-1.0651347209508448,-0.22513425461351544,-0.04161074393858077,-1.157030326497949,-0.30515792622949683,-0.09078283002055408,-0.611934709429458,-0.2272113451188065,-0.06881638696843224,-0.722357610004873,-0.0019857689788353576,-0.03954350199924555,-0.6355495890228815,0.04721079032378494,-0.017328260925753174,-0.5421138472870205,0.031090508526165156,-0.017801304358074407,H
0.0,0.0,0.0,-0.15776506600674955,-0.3127236283606701,-0.013030799818088731,-0.4128740128443214,-0.4666664945223447,-0.03539867745603733,-0.6561796373910279,-0.4066666333939818,-0.06116430359542717,-0.8316754037040637,-0.3233184981066673,-0.09838804585746835,-0.5117767686166739,-0.9581674339099241,-0.037702173702786466,-0.8461753921750045,-0.8925820849302363,-0.06694812078930738,-1.0272113413861614,-0.8242806018595473,-0.10200387983811662,-1.1659286187919,-0.8067418166998556,-0.1291461659294486,-0.5038052599540568,-0.8614798139529607,-0.06350425335516928,-0.8580909553844166,-0.726535345581245,-0.08074814322679194,-1.0508042863268703,-0.6627987271057587,-0.12093294572770714,-1.2157010970360602,-0.666037370312222,-0.15913224663724623,-0.4894648602837906,-0.6619381733394699,-0.08450621613379457,-0.7274071955427622,-0.2856760906089706,-0.10793627504663102,-0.6480644026699718,-0.11898198313555565,-0.13154853017213533,-0.5705491899784018,-0.11094882608834049,-0.15003439314667438,-0.48088503949089084,-0.40059192415143197,-0.10655004262074026,-0.628111236038627,-0.10942143628670235,-0.12469418817884968,-0.5380214353011237,-0.0014235609433678508,-0.1114614765885678,-0.44236885927504216,0.003392463737234039,-0.09974854639183466,H
0.0,0.0,0.0,-0.12280263127059947,-0.37958474618857585,0.005363124230139846,-0.38143021652236736,-0.5939699709568587,-0.03280130980263733,-0.6384545939552043,-0.548179149232556,-0.08405851352011268,-0.8360094617964859,-0.4844936781017513,-0.14825364144765205,-0.47486065547653694,-1.0210981419061655,-0.03910901963234442,-0.7926242830935226,-0.9931055396069594,-0.08445794977929594,-0.9617959597084526,-0.9527928196218759,-0.12796780757921483,-1.0949180240630383,-0.9547291383987402,-0.16183448910439943,-0.4471833507150538,-0.8903845707201529,-0.08510209789861876,-0.7918381174815728,-0.8048919105678467,-0.13391383817832617,-0.9609691794984232,-0.7764159708002666,-0.18189170256895373,-1.1182118023791603,-0.8152759469891291,-0.2231198987521972,-0.4146776590274899,-0.6706266996602959,-0.12388661940837373,-0.6687385958741343,-0.35898649461868287,-0.15969616614234988,-0.5651640078908482,-0.2258549297733183,-0.15806429356139723,-0.4710112941252166,-0.24861501801993843,-0.15956174904234602,-0.3968934528262922,-0.41742187578896056,-0.16238066341256538,-0.5973039306834265,-0.1924806557162981,-0.18008709919002813,-0.5146917005791327,-0.10827709340654709,-0.14782083471460808,-0.41611555830686875,-0.15101148849115922,-0.12444924886345898,H
0.0,0.0,0.0,-0.1611990753690751,-0.4281870195720203,0.0005670095616372779,-0.5087317560581235,-0.6966839822825779,-0.056637940255442255,-0.8505937040396181,-0.5638525487279737,-0.1225842430715901,-1.0786181549997986,-0.40953777463467966,-0.20809360080897127,-0.5588222752438614,-1.0853801463544364,-0.1316507935921987,-0.9608791303380662,-1.126989346151179,-0.2146178224711266,-1.1991804738672471,-1.111460116111367,-0.2806120068416311,-1.3828312031247392,-1.0990896589181214,-0.33177585515192165,-0.5175536370976788,-0.8350384235750431,-0.18667903974541764,-0.9482065517551911,-0.7705471025050804,-0.2523509692425202,-1.1993361410396113,-0.7722302140952553,-0.30435361343246975,-1.4121773243083566,-0.8072956742667771,-0.3593372641176874,-0.4972495548116744,-0.49362028587884,-0.23052623312198955,-0.8724973459436915,-0.21501734680077578,-0.2566089826498553,-0.7516408478892854,-0.09512725596745525,-0.22258730660894765,-0.6204960204940316,-0.13938438613492407,-0.21233898611405846,-0.4895526073585308,-0.145492575365632,-0.27542761491467543,-0.7788813323005968,0.043279603862642874,-0.28731196959340327,-0.6776554177456395,0.09573562869210318,-0.23445148809288946,-0.5531045246964914,0.034590516451757515,-0.2017773655792796,H
0.0,0.0,0.0,-0.1901019253227785,-0.5263501262463601,0.055608406005182645,-0.5215022101746764,-0.6861695668026195,0.04751489573040185,-0.8053464717420822,-0.47730222482232165,0.02464449688717348,-0.994793533551006,-0.2518728893017099,-0.01621775463894102,-0.6567860060275976,-0.959650200534168,-0.03446276288720312,-1.038449817095219,-0.8196274490933809,-0.05428718008981163,-1.247504813242092,-0.6891255326552842,-0.07185525241560464,-1.415600297819244,-0.64147430652382,-0.09141841854340581,-0.641959125646262,-0.7611074147010857,-0.0927576643006724,-1.0393988188848347,-0.5281262371631386,-0.11031625245556491,-1.2584176459408294,-0.43984375667709125,-0.13341467983024907,-1.453835246988045,-0.4270337458573336,-0.16328999013727402,-0.608746814537085,-0.45007393543554536,-0.1336716380924344,-0.844779160774669,-0.07490620533372115,-0.13291828709581055,-0.7052838771305455,0.011589158126071229,-0.10671523400382105,-0.5972231427623992,-0.061415466642838826,-0.0970439162496079,-0.5719787046087712,-0.09960446530457528,-0.16987853961972038,-0.7249473923213514,0.1494090367551267,-0.16812629820286926,-0.6051007656202405,0.17118159767437668,-0.12117195656730036,-0.49209223473691077,0.08798971797397108,-0.08727135948525655,H
0.0,0.0,0.0,-0.13686925182900564,-0.412655604925753,0.001095247138638947,-0.42102598036127986,-0.6025998513503534,-0.03437253008445007,-0.6905656067905482,-0.528994392927569,-0.08138528556287455,-0.8976308682800753,-0.4480597224320812,-0.1397656469696749,-0.5284861064550924,-1.019712152628295,-0.029152659339500283,-0.8764775317033221,-0.9581258313359777,-0.0739029616969425,-1.0634443094898989,-0.8960641798013196,-0.1168438996814872,-1.2081817345090569,-0.8901487900014351,-0.14954193835165638,-0.501135984574989,-0.862472021178795,-0.07074417041580724,-0.8694989232173694,-0.749255582472868,-0.10505094844683792,-1.049810063573323,-0.7294580145020025,-0.1422025700561084,-1.2162699539127302,-0.7794548972029287,-0.17866073237482766,-0.46160093037588973,-0.6130373429437725,-0.10891352160695388,-0.7335973170070387,-0.3012440268386774,-0.14047249472871867,-0.6224050246050964,-0.18020922955199556,-0.1411922080929885,-0.5163840717303609,-0.2190554985412599,-0.14396216339154747,-0.43207873942038516,-0.3312762788328967,-0.14661767501209214,-0.6430201605927883,-0.11264921128340005,-0.1664235929508815,-0.5665487776955164,-0.056358956173879864,-0.14063138178439183,-0.46284692938447947,-0.11316130039781534,-0.12144575396751602,H
0.0,0.0,0.0,-0.19363054704037871,-0.13554983915953325,-0.11857851025239782,-0.24335939601801782,-0.5612093193358619,-0.16306251853445616,-0.11164886325768215,-0.9401797587047594,-0.18831035623645703,0.04966912314840246,-1.0934054865941218,-0.18782210867016322,-0.3433974989376106,-0.9444770616855788,-0.015595273241115721,-0.2629400064901365,-1.19674802450158,-0.10377324038907122,-0.21109562133334772,-0.9353126949668163,-0.17638670055782468,-0.19622684657764125,-0.7757959449553341,-0.2129669599716889,-0.19388955608201883,-0.9808959209161036,0.015812411974989074,-0.11773232333958361,-1.2889525822736687,-0.11136321613921962,-0.06857057406727073,-0.9892043159732813,-0.1812355434827643,-0.06014834512763704,-0.8036902725882258,-0.18675035157912423,-0.04900592990593806,-0.9872487385744139,0.02720640631375595,0.002091882385392604,-1.344459166048899,-0.0653106564188811,0.05475054939226921,-1.4965953410633253,-0.11403346150126263,0.08717162180542395,-1.6741433780558368,-0.12437508492712589,0.08655100539172232,-0.9577758158806584,0.03283681539728127,0.07611790831031406,-1.299489460375186,0.014335147087049362,0.07112252274123872,-1.4745840076102437,0.021167650516090913,0.05799230182667833,-1.6606651507006254,0.028615541807841018,I
0.0,0.0,0.0,-0.18140685827599204,-0.14523570978128245,-0.1221939640991307,-0.2461548469037718,-0.5910559213209523,-0.16178632323724373,-0.11262736105445774,-0.9813038087769257,-0.18218911503569626,0.0580567872064434,-1.086567233389387,-0.17450355396719025,-0.35055131336119333,-0.9346602346532268,-0.019690097402193536,-0.274211512143818,-1.2139451369050362,-0.10334273636984369,-0.21225218785714367,-0.931965924768571,-0.17095635868023198,-0.1986054087290295,-0.7572858040079028,-0.2011217158250301,-0.19449945814528388,-0.9806770256019391,0.021036450216815782,-0.12387422845586428,-1.287363319774491,-0.08820180425975228,-0.07602518424733079,-0.9691899832204792,-0.15080543086257608,-0.07891371726636662,-0.788866975811106,-0.15580326847763948,-0.05077924023431327,-0.9993705427675543,0.04351598781397596,-0.0015072205380905978,-1.3423811582537273,-0.03438835886896763,0.05549022345275986,-1.2952247615323123,-0.06952315443087279,0.08222378188304728,-1.2602851225016523,-0.06845243334682506,0.07847656204119277,-0.9858156673307871,0.058416510398134947,0.06299844869017093,-1.3305298709088953,0.04753780344028374,0.057997049807067866,-1.5198658733286676,0.04846916597902541,0.04554011713625933,-1.71638231115338,0.05405472291360218,I
0.0,0.0,0.0,-0.17931993617013342,-0.14528784943200548,-0.11274488357345337,-0.22219524886311576,-0.6087474403614708,-0.1448870196408175,-0.085053046371678,-0.9849147104904646,-0.1550715301464871,0.07833003321954612,-1.0844599990447261,-0.137846594680913,-0.3436964171234971,-0.9339325222069428,-0.009483243893851504,-0.2604344850086331,-1.2008668561403801,-0.0813877624020217,-0.2048586549623227,-0.9495982846218755,-0.14582320845716004,-0.19580111808054082,-0.7952064948025425,-0.17980494204926217,-0.19512765667768897,-0.980334196035166,0.029496808023220494,-0.12265515017460613,-1.291341175219149,-0.068695430535486,-0.07573662677474728,-1.0030609234485393,-0.12697567672859525,-0.07549789295016426,-0.8469576990759936,-0.13101105493587206,-0.05157658055521387,-0.9958482311984136,0.05042718599810455,0.0006401852047961378,-1.3581399373106267,-0.01901598680246525,0.04679671419780179,-1.4766486900357616,-0.060577101941573216,0.06436196747789497,-1.6255776882219892,-0.07080666124518406,0.08001154972313083,-0.9702780679254928,0.06553962667822304,0.070939969675197,-1.2931750295468603,0.05034267895613859,0.07100835378863254,-1.4442898770732597,0.05266824444325009,0.0622866317496145,-1.6262459597590893,0.05820803498533129,I
0.0,0.0,0.0,-0.18678204809335708,-0.1767110938173479,-0.1316400158874031,-0.22888175027823315,-0.601271482482021,-0.176413881348452,-0.08981870726029206,-0.9550404814725891,-0.19039263646033866,0.06546583760019793,-1.067193200767455,-0.17260149359066473,-0.38245621149456,-0.9441908797653311,-0.031945370811538906,-0.2594081817146576,-1.214906390248638,-0.11228081022200474,-0.20612932712399415,-0.9665073115007592,-0.18036695145462944,-0.20464267309988146,-0.8097044680776944,-0.21401216791470917,-0.2236546478795415,-0.9744775798497701,0.019288464221217903,-0.1242508418832642,-1.2850166232413014,-0.09533818648387714,-0.07585963009688089,-0.987168957623882,-0.1664866959619898,-0.0766702417083945,-0.8337680619063927,-0.17461479743986422,-0.07489686898730716,-0.9762451990184099,0.0540150351426575,-0.018455158759448406,-1.3334254153268301,-0.030301832595164377,0.02108964649686763,-1.480428041080728,-0.08015073086729546,0.029616730866090228,-1.6807574676956867,-0.09209668897442432,0.05096017295425983,-0.9410142795306221,0.08404005846759802,0.04834933871023651,-1.2460100947806434,0.06135181339404681,0.044738345265729715,-1.3667065198184694,0.06631239945657175,0.030645657828811956,-1.5331890759511029,0.07693825689637983,I
0.0,0.0,0.0,-0.16647961943966547,-0.10031024384570986,-0.1687524031015575,-0.2110753715203919,-0.5302052951514057,-0.2276989309813,-0.07028210134369371,-0.9104871027973651,-0.2463912991200713,0.09967074967318784,-1.028692694415835,-0.2293324748586358,-0.41513424004840876,-0.903149837648614,-0.08062408972286354,-0.2744140549199988,-1.1709205970218948,-0.16905581390315338,-0.19981012338285345,-0.9111293038235274,-0.23031186948866264,-0.18260231643473088,-0.7527086643844594,-0.2580826652330171,-0.2562869328042877,-0.9665622828099192,-0.008623312765311149,-0.13643557417251254,-1.2628666631190628,-0.1321072194184049,-0.08000444290625844,-0.9629066769686875,-0.19034574646650218,-0.0753885807361287,-0.8220159600609384,-0.18777292437598062,-0.11172166207982477,-0.9954383207312806,0.043967744152730436,-0.04666649511555961,-1.328757232788067,-0.04534704608970896,-0.014858257988338027,-1.4537715763820185,-0.08867772474488608,-0.010910311953953493,-1.6208057624612415,-0.09416209042178994,0.009629970182089328,-0.993070838866129,0.08850125181678867,0.003911065153535383,-1.2950660405973085,0.057140977819743456,0.0009646549660636194,-1.446893122925299,0.04942234765664973,-0.008547228725967412,-1.6447123554557084,0.0530268616354206,I
0.0,0.0,0.0,-0.16220118140535245,-0.14654983331746532,-0.19812749837991406,-0.20765859159485886,-0.5496305335109228,-0.25946272910018453,-0.051002357008891205,-0.9310340657444565,-0.283569274912404,0.11800821129958833,-1.062823095598895,-0.2732038475684943,-0.4116476763502969,-0.9381868331862753,-0.08029355314214454,-0.24410077197231853,-1.2324839473790135,-0.19252833934958796,-0.1680547848887298,-0.951854711461801,-0.25801309501804665,-0.16125662186429335,-0.7547535807603246,-0.2675999753859836,-0.2441435630098266,-0.9696891039550175,0.009846944286530716,-0.09910895331559753,-1.2767558353818211,-0.13124093068276207,-0.05769950512511191,-0.9436795188205068,-0.19425078821747777,-0.07534379317300562,-0.7466632687016282,-0.1812369420137005,-0.09119927555457873,-0.9902989512007034,0.07569739809133642,0.00795562551440861,-1.176517479272978,-0.05451206813213736,0.0247679435543587,-0.8654750395662245,-0.08265005250868415,-0.002541507031011586,-0.680974817172245,-0.042164045101184204,0.028040054938889072,-0.9917250852868328,0.13129250816809626,0.027718420665160445,-1.3179239701804581,0.08921612702185935,0.02244214544193283,-1.4674137582224527,0.0878815870199862,0.008187819504821206,-1.6344510283586342,0.11494142139308962,I
0.0,0.0,0.0,-0.18742132667090505,-0.16652302776767763,-0.15249764841743016,-0.21832949816087857,-0.6216027813321938,-0.19612086668743003,-0.07002748003596283,-0.9804891263918815,-0.20348399964665134,0.10620294538132243,-1.096582767220456,-0.17914582466343162,-0.3971831634880419,-0.9413157684953047,-0.03380602200723885,-0.27332924447201656,-1.2197112163817019,-0.1119778406272594,-0.19816069763545574,-0.9746148684007059,-0.16862575642106264,-0.18903844295525143,-0.8351014089654111,-0.19712701129485247,-0.23513783906282054,-0.9716572610797403,0.02433852156324444,-0.13155444077860312,-1.293398273875763,-0.08960169273957856,-0.06857654032640396,-0.9944660870276459,-0.14363800308192795,-0.060097170778963475,-0.8443230338802358,-0.13842026845250754,-0.0785095352654201,-0.9556281036729131,0.06057490520567772,-0.00851294057265009,-1.2800605055599894,-0.03667867627526982,0.03479838189126184,-1.3936490764874236,-0.07914251918965617,0.04373163169953611,-1.597068339511711,-0.08504366547383561,0.06354122225521623,-0.8785980434884799,0.08901292590620165,0.0931139383623519,-1.0661966251724917,0.03896121562344279,0.075697290483612,-1.0356570635393196,0.03636287597241942,0.04592684103799178,-1.0901989010665987,0.04408663255627314,I
0.0,0.0,0.0,-0.19872020567430712,-0.20267071063367736,-0.15259172854868042,-0.24159439158974189,-0.6671334699060186,-0.18224414478930093,-0.07566407752234947,-1.0458996902139786,-0.18176771143964637,0.10462744278298054,-1.1674144910320543,-0.15224766819737356,-0.38871392800884225,-0.9744922117409364,0.004793254887109279,-0.2768228794760976,-1.27771693225135,-0.08575734590483117,-0.19566731988256683,-1.0368096763646475,-0.16006712015136107,-0.1790685448338654,-0.8482896885043172,-0.1900149596531969,-0.21218029052390608,-0.9744820553008813,0.0732410281861273,-0.1189350650440756,-1.3087697223867687,-0.030432880286721562,-0.07075221297845163,-1.0040957829471109,-0.08907884108048607,-0.07952212385501103,-0.8095313123657015,-0.08998970849239052,-0.0486595043040728,-0.9430895497567225,0.11617694074155223,0.03439110691491475,-1.23506303601849,0.017359576774008963,0.03856155133478893,-1.0368863749981672,-0.011650036952745944,0.007690176232079046,-0.9057961525405399,0.005585153161192703,0.08658925502301919,-0.866046647941373,0.14938773361100977,0.11989747529481579,-1.0991670663044375,0.08363602419370424,0.08247869857726313,-1.0272300520602455,0.07052883185826178,0.03585013206214316,-0.9967453221237719,0.08520377140505715,I
0.0,0.0,0.0,-0.20085022426911567,-0.23590301350102325,-0.14326889680002589,-0.21816921092398017,-0.7160114343629146,-0.17258650361805125,-0.037430977179564555,-1.0782520542096077,-0.1679120403664425,0.1505650163489084,-1.1539843119498088,-0.13642134363795408,-0.36686941200027934,-0.96430795953723,0.007772783947049602,-0.22481166604885802,-1.2407947537402508,-0.06391004799649604,-0.15672076312571342,-0.992581934301249,-0.13246805128359712,-0.15515836857423682,-0.8269465103646477,-0.17061908131505768,-0.20052181426726068,-0.9772948368664945,0.06845293154466053,-0.08559248958931799,-1.301785013894614,-0.03372707143622085,-0.029850882809924966,-1.0121694138877346,-0.1071348627807289,-0.026038896621898004,-0.8645077714709501,-0.12009441128436373,-0.040102810247071324,-0.952487224609208,0.10752297903715098,0.043891844862512325,-1.3155395875745663,0.019640975154004203,0.0803564933315827,-1.4428904383452812,-0.046015399828391555,0.08099069928583298,-1.6258759010643633,-0.07139575191435633,0.10027373301242838,-0.880927596517447,0.14096192253602205,0.1277508156753378,-1.072146598378616,0.10283236741347003,0.09121224964161558,-0.9490650776320161,0.10011713098144524,0.04655490232873623,-0.8899819919026083,0.10477133229788044,I
0.0,0.0,0.0,-0.16732975778908668,-0.16568997048310932,-0.1477932662525691,-0.23861111441518643,-0.6127855527727007,-0.1910177962184845,-0.10333458861412487,-0.9933763998326102,-0.21290910081090186,0.07510752700671355,-1.0843972723848911,-0.20318694016907712,-0.38059167024630797,-0.9291337808262342,-0.017329416125954483,-0.27385666325691643,-1.2140203186377645,-0.11688442799585408,-0.21850462199251677,-0.9424582051482583,-0.1858623650210988,-0.21647069303889788,-0.7657421467679687,-0.20552847330018653,-0.22673747380202514,-0.9730013840067226,0.043109450180652736,-0.13488337197709832,-1.2506506316391908,-0.07537128711784778,-0.10267274674966412,-0.9255659263374958,-0.13059848701998736,-0.11783221819140935,-0.7591780584256678,-0.12251004268445041,-0.0818108984876547,-0.9969304247898524,0.07940922040110057,-0.007951651335752414,-1.2093559798661133,-0.01839521484963112,0.011205871806630756,-0.9134659094647242,-0.03184981066584603,-0.0010961550083531321,-0.7095830535583982,0.0062682818419155855,0.04859796150130583,-0.9994111793206222,0.104482886436715,0.0433812646562056,-1.330155455749855,0.079920203068191,0.04282610774900122,-1.5331028426328313,0.07894424870877596,0.03684450610233766,-1.7456293203615585,0.09922187129388105,I
0.0,0.0,0.0,-0.18616309524913474,-0.14217559912530306,-0.14561854962040235,-0.2866702372142434,-0.5935715109965297,-0.189128718202949,-0.15338680704859772,-0.9915255512500579,-0.21628233215828951,0.045202950704512496,-1.0984949608530816,-0.21059349744142836,-0.3915665207206994,-0.9062216699396509,0.0007561069004374981,-0.3397484467027027,-1.2113587204686356,-0.10089607595598468,-0.2899171605205674,-0.9331304838508344,-0.16422165224697335,-0.2875856915349607,-0.7912406072575571,-0.1810179398980048,-0.24244388310067594,-0.9686195403595521,0.054746228917762464,-0.18365155891824206,-1.2599097143879256,-0.06289203441517759,-0.15978524484396722,-0.9307014223954412,-0.10292282043341311,-0.1769306124447483,-0.8056300374198044,-0.08330676550130252,-0.10420188200886973,-1.0035984620477159,0.08086309610405532,-0.05383677677513077,-1.2141168415596775,-0.016886063872875567,-0.03872153411383396,-0.9134221800985846,-0.014586441569400754,-0.04559399247673816,-0.725637806848796,0.03535522667227134,0.02833305926629587,-1.0172896273271703,0.09394152639006169,0.017797775780903302,-1.343347580643498,0.07214528864767354,0.008882426510005726,-1.5426177981127964,0.08182381397183425,-0.005233039249105869,-1.752035616760659,0.11006822009579872,I
0.0,0.0,0.0,-0.20359460249126676,-0.15014534779109504,-0.12414650987584333,-0.3269280297098952,-0.5859278582603984,-0.16879068907850006,-0.22268316725017775,-1.0157012105326093,-0.20527528720791857,-0.03946323849094011,-1.1566782567331595,-0.21429771612718673,-0.3880912574588369,-0.8949567561973344,-0.0007376526338895872,-0.37240562042843406,-1.2345238727216075,-0.10515916588079176,-0.30005880725248774,-0.9783815986964469,-0.17340731303627288,-0.2724463357845602,-0.8045886677568441,-0.1943149822616723,-0.23411941712891018,-0.9715873041460413,0.03473051893431647,-0.20855909035910022,-1.2955674702195321,-0.08796085124010318,-0.15975128833914193,-0.9698183178852049,-0.13852448689526098,-0.154432266001908,-0.7714427107565822,-0.1292679496171224,-0.09173194032183221,-1.0216522290979049,0.04580324689066042,-0.058170795979805436,-1.280652895395264,-0.05372245663204467,-0.04346599296824493,-0.992236758846793,-0.06148862654585262,-0.053584969690821216,-0.7627720307984188,-0.022619125431250584,0.0433949520348679,-1.0419094507207423,0.04532592491177995,0.03121176705944962,-1.3826177460120697,0.0212100648324762,0.02493771330653391,-1.594598026981136,0.023915542123890705,0.007035398095522372,-1.800372949439467,0.04268716630355802,I
0.0,0.0,0.0,-0.22424535304945378,-0.05565718450837202,-0.10131234446017295,-0.38297067048275013,-0.5389236788173333,-0.13808465712405563,-0.2954060469335534,-1.0115602510463795,-0.16749760930082203,-0.08017882080288881,-1.161658563855496,-0.17283848821761588,-0.3944922657080657,-0.8612379042437741,-0.020326799058804603,-0.44077286890806605,-1.208307439667901,-0.1127043503013065,-0.3484740768271323,-0.964898879314019,-0.16740587585986252,-0.28879392014563715,-0.7972996735808491,-0.18656067073246346,-0.24633207008405758,-0.9691817666222178,0.002685981224792985,-0.2582653166153379,-1.3106991862969446,-0.11399064906173251,-0.19323654916657643,-0.9534194131902678,-0.14605456602878653,-0.17011124267052294,-0.7155402974167234,-0.12740673732302568,-0.10904582400538229,-1.0393909854582721,0.004760121763360543,-0.10910223415832455,-1.3750842353548525,-0.0838927363797232,-0.07782780271982032,-1.1541647606581433,-0.08496389891109278,-0.059623389502268434,-0.955649756389194,-0.051016763128699676,0.035828301696596655,-1.0733709620802985,-0.003090877515116852,0.02330846097997362,-1.4336872437361778,-0.02976500226709112,0.019272635860610492,-1.65304544249101,-0.034304666784037624,0.004235402812367727,-1.867405094750474,-0.027123233692895807,I
0.0,0.0,0.0,-0.23103821980387124,-0.028736666406630227,-0.1071152216117133,-0.41362548776425,-0.5074293831565435,-0.14451792876502387,-0.35946820276089747,-1.0057279088735394,-0.17756807416090883,-0.14795502313358844,-1.1569700044661764,-0.1859082780323788,-0.40989817106808246,-0.8370815876913006,-0.01206150954744135,-0.47639895553751127,-1.1848129623947392,-0.10915837999467137,-0.37895865361237135,-0.9261058178634041,-0.15903799773147187,-0.31415328936009934,-0.7708377783648055,-0.17092255480432772,-0.267393049239249,-0.9634889100624024,0.013786856251529837,-0.3023202993569759,-1.2801505593272058,-0.1041477268993496,-0.224305797031705,-0.9222886775795726,-0.12885787215670036,-0.199061384787396,-0.7123271279907809,-0.10366075990896993,-0.13325184353190517,-1.0448750566520426,0.01636690043855753,-0.1380679090366122,-1.3371258782975715,-0.08624605339167445,-0.10555937633186818,-0.9985003697935644,-0.07634795469391345,-0.09824382462365783,-0.7423361744920216,-0.02617684605931769,0.013315260295521193,-1.0960960520376875,0.008538682386418459,-0.009100071129259582,-1.4489328835625406,-0.024548620925838312,-0.006007676808797161,-1.6596485166574464,-0.02537393738923108,-0.017982102743302676,-1.8758951820395136,-0.010577247907077994,I
0.0,0.0,0.0,-0.2318257937315328,0.03210041035207472,-0.11271890992291209,-0.4376406043877349,-0.46197932853048096,-0.15309256227829174,-0.3938719559159392,-0.9673385092861326,-0.19126337786287229,-0.2066726937273412,-1.1815616814957448,-0.20740539313936524,-0.40943725346393756,-0.8475667206805927,-0.03608767152922559,-0.5408165678556716,-1.163229720931325,-0.16013770204797156,-0.4660432974359463,-0.8898367435384898,-0.21454685441050578,-0.38092084839039075,-0.717829407934702,-0.22413525014683122,-0.2729668044978824,-0.9618791455097688,-0.01666232503619588,-0.3607803722230279,-1.2448528059972108,-0.16799060507762362,-0.29264195128156845,-0.8565260417167583,-0.19618048359841928,-0.24677210234161848,-0.6729097960064678,-0.16888347931655887,-0.13797836930202467,-1.0238077033076507,-0.02432896282434745,-0.18145433290860927,-1.29339815057327,-0.17041478477773866,-0.15654724639923023,-0.91289754227651,-0.17271218792960746,-0.1351604864341913,-0.650678402893242,-0.12205549532313335,0.021136593509301048,-1.07496822670638,-0.04114173536528727,-0.017892933266603107,-1.502851548280161,-0.12187743712346141,-0.021953738011363473,-1.733842794625754,-0.14771062155917802,-0.03486390920779116,-1.978272033725375,-0.14376897960096752,I
0.0,0.0,0.0,-0.2343879489597105,-0.02290473393038517,-0.11543169610926643,-0.4040144993416944,-0.4883659750851453,-0.15568897727587547,-0.3463875595373506,-0.9402907315112615,-0.19258886948365814,-0.1829107403462673,-1.151561848519153,-0.2123114152935553,-0.3797977214935663,-0.8797933367373646,-0.03888503392288069,-0.48135303273277613,-1.1274934466668052,-0.16669911060445622,-0.4057481459640517,-0.8584627591267563,-0.2325258849533827,-0.32542227214356984,-0.6748210678699407,-0.24811001862629048,-0.24672334760016507,-0.9689011800758862,-0.01892334527833634,-0.29775024154976054,-1.2020923034316806,-0.17536543344476124,-0.24368339945191153,-0.8132260485430806,-0.2177335530207534,-0.2189622173135089,-0.5987888360047552,-0.1984485404218839,-0.11549728292760807,-1.0078079224600542,-0.02446452765102534,-0.13641700166350876,-1.2307220167947588,-0.1839932845751741,-0.10057113937206762,-0.8520501745800351,-0.20101640838880638,-0.08107294047589016,-0.5807651351440478,-0.15553410635705886,0.028376307168037556,-1.023744356503717,-0.03655724077154021,-0.011002793255131569,-1.429209087644368,-0.12373856374381398,-0.01805482091974753,-1.6590966685423016,-0.14697590488259282,-0.02911355618577256,-1.9039967141119225,-0.1378295018755413,I
0.0,0.0,0.0,-0.25698445813763365,-0.07785095809948157,-0.10595198508560251,-0.43844582715092184,-0.5465647307235216,-0.15701219668244457,-0.37690614509359177,-0.9931973584220407,-0.20337870571022346,-0.19193593208194862,-1.1518532185247436,-0.23184715649663504,-0.3312923028742472,-0.9019109265013292,-0.024148674509266183,-0.4181736151093394,-1.220629196997463,-0.11113927477225022,-0.37452291791424225,-0.9572333550045041,-0.16290624493887096,-0.3241030797617605,-0.7823089614186851,-0.18231973402057958,-0.20129862373605115,-0.9794850935797439,-0.009370994453733857,-0.2527866492779972,-1.2750579859183362,-0.14241328264332714,-0.20818074062040173,-0.8674250247949323,-0.19661431915643213,-0.18244520104395118,-0.6274799725487465,-0.19275310794920025,-0.08147033021305167,-1.0313342655015583,-0.013221762007404577,-0.11290738823705723,-1.3236899800265796,-0.14229579944760812,-0.1253400124132515,-1.0240333845145866,-0.1777749713819,-0.14669886457903597,-0.8035623693859679,-0.1574645122817093,0.03958224577183695,-1.0461058679523736,-0.022662024580527636,-0.008834717488747717,-1.486456280938732,-0.08541270266000259,-0.02834076445228844,-1.7410143927515573,-0.10887855586370454,-0.05467131057742704,-2.0099682737648243,-0.1110818806476863,I
0.0,0.0,0.0,-0.22426156576593242,-0.07336731252669049,-0.10902762759848955,-0.385607934491554,-0.5318031245031364,-0.15298655113940973,-0.287649502804437,-0.9589869522130272,-0.1933544390197087,-0.08859970023164739,-1.049467245332226,-0.20977502657209934,-0.39535197669116534,-0.8578212837399191,-0.05498345450728801,-0.43358655189595313,-1.219742456216714,-0.1659004761490037,-0.37096889077555806,-0.9428633390290194,-0.21848592194177666,-0.3300744619405823,-0.7867806951955666,-0.23107422265573976,-0.2582808759868262,-0.9654093738990143,-0.03571736114819843,-0.26206556053376895,-1.2436538388446499,-0.16528922730539622,-0.20318731426750705,-0.8815419116317418,-0.19023957746088652,-0.1885890478320571,-0.7113810844748869,-0.16866359046684531,-0.12284743233763332,-1.0350099715278163,-0.038007190114915296,-0.10949183624831245,-1.2842009696546368,-0.15509529593535468,-0.08146540398697678,-0.9311540392491978,-0.14586405827599888,-0.08772575326130241,-0.7050744287972294,-0.096150354625488,0.013852871569876978,-1.0749703241821504,-0.0502118701388694,-0.011809515130315959,-1.4316917022489886,-0.09847583671501273,-0.004342434807969519,-1.6444443989360877,-0.10095523791990328,-0.009951729874256422,-1.878766894751298,-0.08611231860024555,I
0.0,0.0,0.0,-0.23789973339934792,-0.08548175360363044,-0.08923450817793244,-0.41738501700430036,-0.5522000455459557,-0.13270227960581338,-0.3482395425648416,-0.9917793159279332,-0.18048779582763724,-0.14140042565930394,-1.1074177008482533,-0.20995213740040153,-0.3770229497042733,-0.8663166236444747,-0.017615003447271,-0.4621567014584569,-1.1964846589813178,-0.1364547295039508,-0.37630406462764365,-0.9381337550694319,-0.20084110149230272,-0.2992880792732167,-0.7843278660331333,-0.21672201562604632,-0.235493090579866,-0.971805922243046,-0.011672779552705738,-0.2819586800126844,-1.2625404644002212,-0.154898560717525,-0.20831581955225822,-0.9217882550515456,-0.19455422951366072,-0.16951583317408594,-0.7178195557560187,-0.17358834539719198,-0.10145500434193164,-1.0325563216451124,-0.027677262731279448,-0.1095065172001842,-1.2687198024413318,-0.15764197814327366,-0.07542316825352385,-0.8918450694226914,-0.1562009209264216,-0.06356993156009708,-0.6047756458604757,-0.10096778305865352,0.046525012712311804,-1.0732704889517926,-0.05154077878295793,0.00027799166383685045,-1.4551548776422054,-0.09686507945906257,-0.0028847611602332624,-1.6775451350937811,-0.09331952246614401,-0.013213824885964887,-1.8939356903951283,-0.07025030185260749,I
0.0,0.0,0.0,-0.22509270605556175,-0.13296027878675504,-0.05559755567289317,-0.4028941063835755,-0.53598729537597,-0.08699995342276318,-0.36815972415394665,-0.9050319542246746,-0.13081809138416214,-0.18366799498624156,-1.000879685381358,-0.15608969197582212,-0.3193625148871528,-0.9150796566775204,0.02740715938752176,-0.4039759336387808,-1.1567781020069827,-0.07421540187934246,-0.34831283042345085,-0.8886651442274237,-0.12231415642449439,-0.27771031100073795,-0.7633230929718248,-0.13180108599226695,-0.1818193067538464,-0.9831992280027863,0.016156043645512562,-0.25377318296506146,-1.2099999847475666,-0.10732810573507463,-0.21382408427184138,-0.8756047074155817,-0.1339151116773451,-0.178339532114103,-0.7169028127314677,-0.11081932649354495,-0.05717642499861153,-1.001899075749263,-0.01592034335091879,-0.10991334003536181,-1.1958818299736353,-0.13685670623513957,-0.11083505685679676,-0.8142425382198301,-0.1239223216168729,-0.09379225937179321,-0.5413525403747856,-0.06454493355630397,0.08260863830098182,-0.998309882009993,-0.05423636584737488,0.05923467862501508,-1.3695373591662006,-0.10386069483539075,0.059319061150921094,-1.5915249119058215,-0.10215454700304077,0.061705572075904096,-1.79561780547034,-0.07958002386156907,I
0.0,0.0,0.0,-0.21347071008921317,-0.11131081120693688,-0.09845947187492878,-0.3613532586094517,-0.5549680905745478,-0.1407773986806872,-0.2705784120821461,-0.9570852977790782,-0.1832651589650332,-0.06722560768470792,-1.0428767566333312,-0.20353975018454254,-0.35477427166936726,-0.9018850895514122,-0.021162464666351268,-0.3820590191356124,-1.1924876703218774,-0.13748953279716145,-0.3074204981014467,-0.9187008994871353,-0.19857440708338953,-0.2543048048407483,-0.7891307125925097,-0.21378566132223284,-0.20923514667640722,-0.97781694916127,-0.009729713677631457,-0.2139108546417416,-1.2543207545969486,-0.1421029785222292,-0.167868483037442,-0.9098739239193288,-0.17379890880881382,-0.16408119270173238,-0.748756331063759,-0.1515022247988507,-0.07286740584776026,-1.016654437433757,-0.021008551900379424,-0.047093660781747745,-1.226183114164005,-0.1484839267561166,-0.03739753519810703,-0.8608706619770559,-0.1388052624474736,-0.056458022140432024,-0.6213998123597909,-0.07967843118866894,0.07426340467818042,-1.0235338787263883,-0.04097777778374889,0.04335664687577289,-1.3898491499998435,-0.08522581992575037,0.050893294432541966,-1.5872271877834112,-0.07282803714094903,0.04925735359913607,-1.7880724928798855,-0.0423777185722639,I
0.0,0.0,0.0,-0.22157739681403904,-0.10810494593512507,-0.08442653261903442,-0.3677421049040046,-0.5742954668430817,-0.13003518213360826,-0.2610312699100525,-0.9403879923468804,-0.17851235049760364,-0.05426867278295064,-1.0071100115898834,-0.2089525695185677,-0.28904181569727133,-0.936659101219789,-0.03275113929792972,-0.34060021115092215,-1.191969003842566,-0.15729307583047653,-0.2821726185470787,-0.9024568535229219,-0.22789357750532377,-0.22284406989281735,-0.7484070017890688,-0.25247365533420707,-0.14028330255689223,-0.9896124967159783,-0.031427716546053815,-0.17061914478213044,-1.2212720066481642,-0.16655338144268386,-0.12621356981428083,-0.8631514603549544,-0.19793917828884905,-0.09767726875290361,-0.6966959772676663,-0.17970385746510326,-0.0037111090997805065,-0.9909668944628236,-0.05188823812778289,-0.008254417077710165,-1.1538665648221795,-0.17715697103466724,-0.013503967907003577,-0.7792911231897258,-0.16544372736964966,-0.026352075373357556,-0.5296104176793295,-0.1102836841603784,0.14111164866245735,-0.9691444941797908,-0.0804088687775924,0.1356172985905175,-1.3356350407282311,-0.13708286638293388,0.1478474806078184,-1.5406055058695183,-0.13419451872076618,0.15108084590717996,-1.7555816214115152,-0.11187898206992333,I
0.0,0.0,0.0,-0.2201003747655142,-0.14302724402691294,-0.0646525184992633,-0.3668650670019103,-0.5773675700994776,-0.10005573198036734,-0.30745664869518574,-0.9295227038334922,-0.1460634777624166,-0.12460980865342967,-1.0028240791756233,-0.17309171724519626,-0.24627123439807924,-0.949089429971043,0.012803182575053114,-0.33363419532182453,-1.2135312624396222,-0.09448769188642465,-0.29854811889458116,-0.9388839140590027,-0.15059396167533404,-0.239794444529339,-0.7675224224472289,-0.1646906539758355,-0.10954720913286167,-0.993976313799428,0.003239842110666209,-0.19843683987753238,-1.256326570817286,-0.12304797985927599,-0.17574292642444683,-0.9408876863701469,-0.15818262784945183,-0.13973142816517037,-0.7686496170569657,-0.1428630696788921,0.01510272148501053,-0.9866002685972042,-0.027265139409747695,-0.043029643909117996,-1.1703280474234592,-0.1454806826063555,-0.06859082412548029,-0.79753277963362,-0.13568334590050754,-0.06873212321764745,-0.5281416993338444,-0.0817027497807417,0.15427651249220434,-0.952235515313308,-0.0658059977202166,0.1557787602478169,-1.330458877857799,-0.1192628413890685,0.17248868622151065,-1.549993474776899,-0.11772587759492902,0.1884008247283182,-1.7501100584918714,-0.09569818318321056,I
0.0,0.0,0.0,-0.2113840475784969,-0.15037719796495352,-0.055429345273920634,-0.3880671708711779,-0.5583609709026499,-0.08992833074058897,-0.39006352362555563,-0.9366406059707258,-0.1342683909499553,-0.21544481056751527,-1.02566289780207,-0.1585191512943564,-0.24638050914161874,-0.9395658345630293,0.0014492861287853454,-0.34970139788791854,-1.195601182959475,-0.10032022629136776,-0.31502968548860816,-0.9008830815347101,-0.1450395068983918,-0.24730316968454333,-0.7322158242050458,-0.1522328368363935,-0.1213147893042045,-0.9925791932755603,-0.008322678205622122,-0.23623497234644905,-1.233801007566203,-0.13952900692755224,-0.20711911214868992,-0.854443640344923,-0.16489174181605437,-0.16704786221710785,-0.6492674294136007,-0.13905357570555604,-0.0011464111629669175,-1.0097048171218006,-0.03578668233457896,-0.11644168725853245,-1.224229764029142,-0.15086842420126034,-0.12296526089176679,-0.8434736446678474,-0.1406515766073506,-0.09429192969809139,-0.5627032867552215,-0.08576344213750403,0.13663083001085252,-1.0011684202024356,-0.06970037638440607,0.1400094643734918,-1.4079078910808964,-0.12589946709667646,0.15172374162695831,-1.6529252306463822,-0.13534757981292514,0.15960100651144882,-1.8608008995790903,-0.12053781372971666,I
0.0,0.0,0.0,-0.22844504266945953,-0.13971024257570536,-0.06700101533644452,-0.40468820702902547,-0.5654950040814434,-0.10160978686642924,-0.3988731668508823,-0.957886023993226,-0.14357594905746943,-0.22213973786615657,-1.0729176522977788,-0.1619525685083773,-0.2513893032445318,-0.9348497807310581,0.003458050831701597,-0.3646568460753574,-1.1885727188148691,-0.0987451513824209,-0.3225962912972756,-0.8871705393897107,-0.14237708674336702,-0.24963915454157662,-0.7218891098014059,-0.14911568962129895,-0.12201518928543006,-0.9925254031881876,-0.0023701497350397563,-0.24577835933169526,-1.2385605088081062,-0.14326932074385773,-0.2096096518240115,-0.8443109430873633,-0.17212817262496313,-0.16118742574750408,-0.6320254312751138,-0.14496664521426159,-0.005978874661219297,-1.014208540861396,-0.027613888870450336,-0.12222238261090822,-1.2374613621532153,-0.15017928783240794,-0.13890345840101093,-0.8626232404698329,-0.1376603899201327,-0.11445495570060622,-0.5872410120761345,-0.07830908853970468,0.12676143399836381,-1.0054249685088013,-0.06081937517796112,0.12201364075534428,-1.4123000097249734,-0.12004135977875645,0.1256461826305808,-1.660875324097615,-0.12809561317419813,0.1304295920655734,-1.8729483775820948,-0.11070593969515286,I
0.0,0.0,0.0,-0.2335420560676515,-0.0491981209886077,-0.09595095630766345,-0.40515271301279066,-0.5345745405420482,-0.13759392569125092,-0.3175740164409752,-0.9877468430038431,-0.17971504486464326,-0.10858088375906247,-1.128242162782842,-0.20295307242300428,-0.38120295902323686,-0.875431982609981,-0.03028796215972345,-0.4489973049646173,-1.2064721455372194,-0.1528012051334638,-0.3647923406179117,-0.9291743206668658,-0.2174000647816121,-0.2958739330820354,-0.76351202931815,-0.23546391178722578,-0.22987647635256103,-0.973017984153719,-0.019819387810006486,-0.2574661225262738,-1.2810124084871972,-0.16304679677221232,-0.18647971400625077,-0.9093980167328671,-0.19769097784308554,-0.1570721334145676,-0.7161990017139239,-0.17662991050210702,-0.08518016205712862,-1.0176236078954315,-0.03297065289595218,-0.06764393461568523,-1.2658771914670364,-0.17147159122598904,-0.03890020648000251,-0.8669990447446665,-0.16850112228767106,-0.045463525377159156,-0.5794766540986085,-0.11377567522506891,0.07453221625354138,-1.046776479596071,-0.053476991429838375,0.030000560221378633,-1.4551317777905366,-0.12266168465439557,0.03020853637542632,-1.6884216008737403,-0.1332265908719219,0.019318570702099074,-1.933396774624174,-0.11878914429382212,I
0.0,0.0,0.0,-0.23432673354426714,-0.09962182415029913,-0.09140693406887371,-0.38701951989766054,-0.5751479353059686,-0.13309188470172878,-0.283820386347021,-0.9990952885169222,-0.1757814645657324,-0.07111764672726979,-1.106649800786135,-0.20114546881973086,-0.359347092544277,-0.8884137216892766,-0.021776435468814276,-0.41606171114384005,-1.2277544807055498,-0.12835784746647336,-0.33624205271982244,-0.9745640898529625,-0.1898911711156693,-0.2794230883899848,-0.8153442669668118,-0.208730193331961,-0.20820923851832884,-0.9779809601535743,-0.014218107212661006,-0.2372197641527198,-1.2969604292125567,-0.13677489692999192,-0.17276516530027053,-0.9602138377449033,-0.17552648099652082,-0.14982267561633053,-0.7584125127435559,-0.16250126510460633,-0.06452124742583279,-1.0198736598180564,-0.02765624951490784,-0.05184836801080121,-1.2795129786943225,-0.14160656037730612,-0.030935493253879492,-0.927245110636944,-0.14315331242170598,-0.039552460164680905,-0.6531988431286545,-0.09832408905400808,0.08999095450775396,-1.0452284659657733,-0.04906944565023321,0.04616303359710897,-1.443063752541381,-0.09306724879840807,0.042936458544483615,-1.6722136109241035,-0.09362894586037508,0.030003619535530827,-1.8950573381134506,-0.07714642475493848,I
0.0,0.0,0.0,-0.22935251858254554,-0.0988487995327842,-0.08983819251646434,-0.3945808444949775,-0.5611380356258594,-0.1322145476957327,-0.32362633674847513,-0.9555789538290315,-0.1793978453863069,-0.1347626350245669,-1.0352155548242208,-0.20776639821830029,-0.32601058805604943,-0.9122255589716949,-0.026700624602152417,-0.3943852953294109,-1.2376796285876654,-0.13743419853160715,-0.3443791730082668,-0.9698047934959132,-0.18919141836438913,-0.2825317520302828,-0.8246383634582711,-0.20167248870790755,-0.18470589191026224,-0.9825267876539713,-0.022909496633550033,-0.24324693862660038,-1.2447953005945476,-0.14538834190506852,-0.1973777675414418,-0.9240932205530779,-0.1685678437243178,-0.15746632770054392,-0.7869950042354776,-0.14929612943605472,-0.05248076079858031,-1.0050589764691846,-0.04243680771367185,-0.07583947075358836,-1.206192446799374,-0.17006207473250104,-0.0684474225927055,-0.8176304607693012,-0.16383178778552984,-0.06637141471055757,-0.5635396690814841,-0.11258988527002625,0.08705588118801783,-1.0106962967843838,-0.07003584741955456,0.04451307383476304,-1.3958841181754145,-0.12969712378512677,0.050092453656460915,-1.612884013245972,-0.13458126295082082,0.05773799147641153,-1.842544195849009,-0.11963963185914657,I
0.0,0.0,0.0,-0.23379396500685176,-0.12215060320669492,-0.0648547598570112,-0.4026642120713946,-0.5472608795379883,-0.10081467549494931,-0.35709821850670964,-0.9204380122389378,-0.14629950747086884,-0.17977286705530807,-1.007263593580833,-0.17266645563327082,-0.30759731953776354,-0.9240325144520035,0.01363681306911812,-0.39852189950251415,-1.2124553609222481,-0.08948521530772,-0.36323436086023586,-0.9599306131411326,-0.14003967915969343,-0.30605273311637593,-0.8047570132394607,-0.1508415196065727,-0.17699244490471028,-0.984196140787577,0.00562413597746376,-0.2647737095941546,-1.2644970670711544,-0.11107274891510983,-0.23658660391145658,-0.9736930641835413,-0.14114904371958095,-0.2042771767118897,-0.8344259556525103,-0.1255027397086053,-0.05811843065339827,-0.9943957421159383,-0.02375610915899896,-0.11513790875316501,-1.188633801222559,-0.134535215872374,-0.12043859172471111,-0.825891720018106,-0.126886313129916,-0.10864442634493349,-0.5722896766563713,-0.0783125078746745,0.08200357300462408,-0.9831288407329637,-0.06090894353786088,0.055751712218038214,-1.3675501072298748,-0.11250202236721243,0.06203556623364929,-1.5988765655808086,-0.11684998941299228,0.06863344635794082,-1.8200985189271857,-0.10170022530369258,I
0.0,0.0,0.0,-0.23661515223578447,-0.1023493510943512,-0.11071171827656572,-0.3766583749185344,-0.5786286709566262,-0.15831690714088376,-0.273272192599982,-0.9839943296071936,-0.20251377848073113,-0.0837331125529722,-1.1057951017025012,-0.22779891207486658,-0.371902722422354,-0.8927531818774904,-0.06042477471101755,-0.4005961735409601,-1.2458266435116905,-0.1678647148631211,-0.33118780806151266,-0.9783469346320901,-0.22251592961571048,-0.2835934739563421,-0.8120580186244827,-0.23735108091272603,-0.22759259958450878,-0.9727474927168667,-0.04431618245533866,-0.23498198167717763,-1.2775666508897268,-0.1724066726938184,-0.17174665048305715,-0.9290176834117724,-0.20966447114393294,-0.15218948683723704,-0.7245685830475738,-0.1986969954089409,-0.08504874778557849,-1.0220192617436101,-0.04941102215992532,-0.06697536247335431,-1.2649436226591246,-0.17761586200273438,-0.03211502489761094,-0.8990922075239406,-0.1901642133327942,-0.036444325508832205,-0.6318743961252234,-0.15301821890189918,0.06517620055362426,-1.0538803813369846,-0.062430388386144606,0.018686323782742154,-1.4492014108997304,-0.11899577267252932,0.01983350852294932,-1.6681464753525383,-0.13083072617705804,0.011645216157022598,-1.8961220846332685,-0.12445526504260203,I
0.0,0.0,0.0,-0.2299380725213972,-0.3550622297400616,-0.20487037261328192,-0.34509909676322353,-0.8417662427442426,-0.1767387030610796,-0.3635068981654333,-1.2870656263586047,-0.10699917596567783,-0.3995772824153698,-1.6781646074176024,-0.013100273222765317,-0.49452491512590485,-0.907237102761075,0.02174486169642589,-0.5382240578084235,-1.4396890644945544,0.018572113845438974,-0.5555898611816739,-1.7949213273857851,0.015597025153398269,-0.5584741964309932,-2.11152180919857,0.012603763633080065,-0.31970654527388537,-0.9399183463806572,0.11975486230666306,-0.29282916216408134,-1.426606788583449,0.0829240487756366,-0.2250563148698824,-1.749962818286915,0.02647525412787449,-0.1732659609535249,-1.9997692333808206,-0.0005640154031384604,-0.1617494848301089,-0.923111534777276,0.18401181291544938,-0.10064436610675603,-1.1813529643996923,0.022058761753617262,-0.031249664139867035,-0.8373933388821241,-0.08325838481944765,-0.002820494963623982,-0.5992762358070535,-0.09622091153611971,-0.029779157656679177,-0.9080617324026425,0.24101468723182992,-0.010774060313183053,-1.0449135058115593,0.06551499750152806,0.025201964880335433,-0.7614548519234463,-0.024552612242084448,0.03434918786438393,-0.5461396304025932,-0.04839681054010235,K
0.0,0.0,0.0,-0.23181679213896353,-0.3525011767056545,-0.20073396673534993,-0.3445007585046993,-0.8266615619689528,-0.17975662913358892,-0.3595026630300215,-1.2725634872865244,-0.12470890908495201,-0.4035514789915336,-1.6586988733591619,-0.046831542904345,-0.48808887072692775,-0.9091794546691899,0.038706222254885465,-0.5371295643922694,-1.4265581701414036,0.025702968659293977,-0.5545895460260405,-1.7779231854676216,0.011174050998359756,-0.5594259587750668,-2.0911368536247723,-0.0003738264862380089,-0.31031979465452186,-0.9422551646856174,0.12592390427895445,-0.29211957730155874,-1.425039373346368,0.06941477888417871,-0.23026739687369838,-1.7756456084259822,-0.00224955110428265,-0.18274766353159028,-2.043417457537529,-0.03764260159518676,-0.14937555015202902,-0.9125054156605161,0.1788394769470149,-0.09962954629412103,-1.1496543775813177,0.003636908836915833,-0.03655342705707455,-0.8093956797220931,-0.09700750935718458,-0.009734640589425792,-0.5773291546139826,-0.1033349021101286,-0.017561049308165946,-0.8868700791172042,0.22365099454999002,-0.0017082600500938645,-1.0253164120390235,0.0442665597487983,0.025439382703659454,-0.74166952023651,-0.03762660452564198,0.030768461730928932,-0.5290398233842801,-0.05400734778638394,K
0.0,0.0,0.0,-0.23008566343484538,-0.37491851633961787,-0.17328189454296117,-0.34369597604503627,-0.8396688399680013,-0.14741591325648404,-0.3554471784670049,-1.2857511103173915,-0.0947136805973962,-0.3922338298206204,-1.6489770002479445,-0.022676272600898544,-0.4529832568695868,-0.9222988485036387,0.061505776231059996,-0.5201794012553469,-1.4563824257385594,0.054524915063059766,-0.5423037443790487,-1.7989172543611436,0.04671707766861671,-0.5500943540952176,-2.096034317145458,0.0415121451105802,-0.284049425489019,-0.9488365280995406,0.1379317469742482,-0.2576520842573653,-1.4656493340299375,0.08832213521256992,-0.18684863374362976,-1.8141659328868935,0.022672763667543512,-0.13602082396359846,-2.084845993597484,-0.004396174278379021,-0.1285438399831839,-0.9014103982355213,0.18380369619121445,-0.07813979104650154,-1.1488833748338965,0.023529669052272037,-0.026167613431047728,-0.8135170908737817,-0.06883147745448101,-0.010350564530093226,-0.5822507546788497,-0.06919433125706918,-0.004506386909364431,-0.855607617145771,0.2233901169792906,0.015194068597053466,-1.0052421776916298,0.05702877266671,0.03773393531228964,-0.7415030694267066,-0.016319647822362504,0.0402462971157299,-0.5409104284887862,-0.02570632279962875,K
0.0,0.0,0.0,-0.22613374476614134,-0.3682551158422525,-0.17596645488639506,-0.3400530245121017,-0.8437776464448473,-0.14919219696995886,-0.3541949348767474,-1.2884418802452184,-0.09415580877703549,-0.3841439164381612,-1.6610126110635783,-0.02026384516425132,-0.4613930309985593,-0.9074163944364925,0.06372308504761462,-0.525179194610136,-1.4492481054722852,0.07280444155748077,-0.5448217962384292,-1.78548012922382,0.08211937009553931,-0.5525537000986176,-2.0749633907190916,0.08936718807597951,-0.28963688249550856,-0.9458361741666222,0.1466438131532658,-0.2580315184448433,-1.450856358426487,0.11895536839410338,-0.19141751762299838,-1.7815065669181904,0.0725899917492378,-0.14428508124299164,-2.0403712711820514,0.05783252846905004,-0.13314173172237465,-0.9100032812700347,0.19826063950237383,-0.08377626653695701,-1.1404444680723693,0.0556520089107028,-0.033165790171296027,-0.7976259628545289,-0.03171652012286028,-0.017376881063225998,-0.570149737032132,-0.03187591846459294,-0.008124204976063872,-0.8716870254454832,0.24352926720512474,0.005705620164455751,-1.0067354737796625,0.09054754411234245,0.028658262457947278,-0.7334226766058564,0.020604472634706432,0.032967218001531955,-0.5280040048056212,0.011812123908529093,K
0.0,0.0,0.0,-0.24026510605936383,-0.366088593044158,-0.17596982556855445,-0.3568343141321029,-0.8417388541192669,-0.1525071821850535,-0.36841262657504187,-1.2936342968480707,-0.103162303307855,-0.40337822583573935,-1.6706794844128132,-0.034259120908486616,-0.46615676588138144,-0.9125508451567048,0.07039475625296127,-0.5338021199334623,-1.447279889992586,0.07355014655968604,-0.5592769736128653,-1.7898699896716945,0.07212378511005886,-0.5728227865078737,-2.0872158277905055,0.07025631135750582,-0.294338678654569,-0.9436456011367005,0.15131993161258497,-0.2707411992419309,-1.4531527566370164,0.11454720686387988,-0.20652644496877667,-1.8000395840114516,0.055617694597517905,-0.16279019307174242,-2.0735036633433,0.030118693497121065,-0.13709750898514594,-0.9040905932128064,0.20070509994973948,-0.09383205183914257,-1.1592219371600114,0.05405446832485772,-0.0355668478460504,-0.8238523197300036,-0.032946519899642784,-0.014163864667451858,-0.5955547490290968,-0.034346597727644645,-0.010310130086333294,-0.8665757977142102,0.24285421444793823,0.005829178357994466,-1.0178069256300448,0.09026912199594714,0.028313370247753517,-0.7493726512194145,0.021734254000887437,0.032424651860097936,-0.5476238106092499,0.012044391845976901,K
0.0,0.0,0.0,-0.22529242346873635,-0.37710400898855434,-0.17963260838692335,-0.3348891444411054,-0.8635587510475489,-0.1535299609060928,-0.35370813000497137,-1.3145101503277723,-0.09892442380692183,-0.3817747422375257,-1.683897427726186,-0.025305955531971527,-0.4471598450140722,-0.9226438303358045,0.06464668833777283,-0.5202328289478171,-1.4497840603075394,0.06464730046044545,-0.5436776018230179,-1.7913510170640954,0.06538840544692429,-0.5502211837030951,-2.0912500527440345,0.06624088354386172,-0.27775040646576626,-0.9493183332567019,0.14713739786614058,-0.2533641984103435,-1.4662272886408003,0.10852270671947653,-0.1835774306331084,-1.8039534935508195,0.0560893225126395,-0.13304240491387345,-2.07060240526478,0.03789013725305888,-0.12260037032137464,-0.9032718275257503,0.19701389347291998,-0.07200308840473792,-1.1646115003564115,0.040792343707805434,-0.02134355029069945,-0.8170646080728401,-0.050787979427247755,-0.008701290575391936,-0.5746854397718459,-0.05039471670834028,0.0007224755786282778,-0.8575985552904414,0.24024400855171738,0.01824288797132378,-0.997557471891267,0.07289073751212559,0.03741597463846026,-0.7231479455602168,-0.005692746138654982,0.035172929399389874,-0.5160722928287723,-0.018866841401737982,K
0.0,0.0,0.0,-0.2051227793168893,-0.3240999014282102,-0.1442154714523161,-0.3019270701628378,-0.8166402033327226,-0.12871612139230118,-0.3073807795623606,-1.2771832882168195,-0.09619069216184652,-0.35094300244439736,-1.6112404360188437,-0.04761905363699322,-0.4087578117049052,-0.9490225238759807,0.05160270734282209,-0.46984303619669515,-1.4634565037457667,0.043375564464106946,-0.4830996059364249,-1.7686043489086976,0.03976538283793324,-0.48324677462183263,-2.044345759117244,0.036378110031161225,-0.2402709830123732,-0.9652186713061851,0.10306682921381789,-0.21307134833570435,-1.4543597853796837,0.06308218874363074,-0.14938001170648654,-1.7501046027499587,0.020380398056378837,-0.10390021589375074,-2.027755555851806,0.004223897510040288,-0.08818236669112128,-0.8937630185162718,0.12874692531355034,-0.028018990492648978,-1.1391472373424825,-0.005764109096876963,-0.005988947892285244,-0.7833397842429131,-0.04948100487114571,-0.012746443363921767,-0.5485887949387681,-0.027612270209540313,0.03166141545648936,-0.7898639706279609,0.1472597932834012,0.049116088748017525,-0.9359829111466833,0.01098744773253181,0.05185739751509572,-0.6762894576781739,-0.022126071096203452,0.042781703246928114,-0.48902080951320503,-0.009198604568891268,K
0.0,0.0,0.0,-0.19653523962712358,-0.30683053364962953,-0.1407851219875669,-0.28670128004797574,-0.8130237981129496,-0.13147970249046684,-0.28467980250812863,-1.2823211435553707,-0.10764628606414892,-0.33139491248830233,-1.6116649973343786,-0.0695562286837897,-0.3823064481698568,-0.9697632854647514,0.03628792993441521,-0.44292412202448206,-1.4673103548463808,0.012875700806537806,-0.4567112900498029,-1.7699336261285945,-0.0007569878101163729,-0.4594145989012646,-2.04319333993291,-0.011303229307765951,-0.2135596419682848,-0.9737611365831104,0.07862269521421406,-0.18974855786048522,-1.4629197478049656,0.02277471493155761,-0.1291879961646937,-1.751547318461399,-0.025277020922294932,-0.0845831072327087,-2.0254986751533335,-0.043987266191670205,-0.06396386059654836,-0.8894594897844488,0.09658505493314412,-0.006043930818934459,-1.1291284677085744,-0.04670069323088688,0.00928175090050649,-0.7706210954490188,-0.07992449264315954,-0.0005658496967523442,-0.534172950400248,-0.05024943593228898,0.056609571835962776,-0.7687164781726313,0.1067834742881106,0.07826328075417761,-0.9094613393394735,-0.03386473553301296,0.0780409826590249,-0.6469375398644305,-0.05839489283933333,0.06601726236876922,-0.45871870921209096,-0.03863382961036577,K
0.0,0.0,0.0,-0.20109540156411457,-0.31608208006715466,-0.14058495754441577,-0.2878303572443542,-0.8109642901154535,-0.12403721497817546,-0.27514697429893104,-1.2765169736518152,-0.09229616245299631,-0.3111426051112695,-1.612719021430557,-0.046934984942440215,-0.371096992211419,-0.9729427460179586,0.06236691543471686,-0.4252449690045449,-1.4681189551913512,0.05511958807948327,-0.43703447874795887,-1.7643526184629534,0.05041180036515903,-0.4375546978895041,-2.0302383306671214,0.04537620996254331,-0.19854962982968222,-0.9737587022104601,0.11122964696472179,-0.17381344137265772,-1.4502090498683997,0.06582293489139524,-0.11801211777555644,-1.7336554891242872,0.014628653618769265,-0.0803506850238938,-1.9990192442610473,-0.0061460448491588125,-0.05152979148108424,-0.8898852414630294,0.13514911888667985,-0.0032675902760417944,-1.1190475663998856,-0.004316557109228473,0.010587444355099696,-0.7652855157052002,-0.05792531581411502,0.002869025944880239,-0.5321111889144787,-0.04194267070414325,0.06563769432523739,-0.7780809948687626,0.15280422798511586,0.08495184374518835,-0.9098615406366397,0.010652458016107421,0.08342391725763225,-0.644814812142653,-0.030016075269541975,0.07017165324651052,-0.4543219169577809,-0.02175268585178077,K
0.0,0.0,0.0,-0.20056612501064097,-0.32787719120719805,-0.13118713779654573,-0.2831410171081873,-0.8166577706438548,-0.11196900258633216,-0.2641376930651936,-1.262174859803028,-0.07996144911122856,-0.3041936040443007,-1.5910541867027501,-0.0365938376123138,-0.35825620253942125,-0.9841055605919787,0.06711239670993235,-0.41747964223747747,-1.4608977658333102,0.06131007278199098,-0.43422106836194313,-1.7468471700695318,0.05712625656524326,-0.44079040168062256,-2.0089526511634546,0.05377711163000481,-0.1871807215041763,-0.9762237361461159,0.10931877460937191,-0.16570487050805202,-1.451727808720048,0.07001121909757269,-0.11600644829587371,-1.731958563024281,0.02374907480742809,-0.0857457904211891,-1.9929021455865084,0.0069626101594813545,-0.04259377591848175,-0.887603074330188,0.1268509999217874,-0.0014182354996573182,-1.0984871563352039,-0.013195463834133274,0.013816404959583408,-0.7569990309409532,-0.0728442429867059,0.007964929779243384,-0.5389552811801405,-0.059667762527127306,0.06964083652237284,-0.7717553858780828,0.13973231764046531,0.08357100981765316,-0.904893855365311,0.0016743097615849775,0.08375326841086027,-0.6529007172081751,-0.036543544557112784,0.07087366115755687,-0.4726102875515964,-0.027187489258866868,K
0.0,0.0,0.0,-0.21364758383055485,-0.31633101869944175,-0.13283206384810795,-0.30121973433368965,-0.8111692881854243,-0.11627852444785754,-0.2793957441946761,-1.2749496756073837,-0.08533733410245233,-0.31769818825701845,-1.6143557486753435,-0.04158126555459675,-0.3755837309875275,-0.977990068589068,0.05279391777173629,-0.4385084208735309,-1.4911360373060614,0.043011585764045006,-0.4558010780697292,-1.7877430770087033,0.03967715838641655,-0.46377305754013665,-2.056503602471499,0.03896913303292552,-0.20257037322476362,-0.9743433057846206,0.09808346631455028,-0.1782779720831256,-1.4687681699358008,0.06034590417605325,-0.1266081691382965,-1.7497791268889349,0.020461053157585767,-0.09611410158407817,-2.0094422428262604,0.007575678671411203,-0.054789107453312544,-0.8938702924244418,0.11910961714186358,-0.012368149392411456,-1.1122538594983027,-0.01616257309678169,0.0002415929048773715,-0.7695261771835519,-0.0686444902981608,-0.007815119999400894,-0.5415096794182517,-0.051930880022430244,0.06092920285858185,-0.7852701769482425,0.1348127803024493,0.07445254162625647,-0.915647078124517,0.0025269099007304294,0.06906449209599985,-0.6607821028283541,-0.030753676364866853,0.05275052072077326,-0.4696360834125065,-0.01864119210513839,K
0.0,0.0,0.0,-0.19368567997281175,-0.3250730206859777,-0.13631794619681278,-0.2786482982696897,-0.8125470707288761,-0.11116978045801583,-0.2701791612801301,-1.2595440995726201,-0.07133225708190809,-0.30434357053011984,-1.6002303730082221,-0.01932346643799915,-0.37642317869724906,-0.9629037544955987,0.08030352079092692,-0.4363733718178117,-1.429593359986603,0.07811479037342632,-0.45078534072902243,-1.7309000654960316,0.07469924364441759,-0.45747689843837347,-2.0063995049489356,0.0708981677603195,-0.20899703640252956,-0.9695738300189981,0.1274630413776895,-0.18475224133755155,-1.441794382319675,0.09081544359717839,-0.12738563911410153,-1.723934251879365,0.04592248159743689,-0.09297977009401578,-1.9806989337493037,0.03016365123434721,-0.06297774919400845,-0.8915453749181513,0.1475703137229241,-0.021114410928110568,-1.1123613371729602,0.004438226991694992,0.0007991373173995941,-0.7652203829317669,-0.05886008033211753,-0.0015710638659271591,-0.5367977218460687,-0.04685592880692588,0.05276712299663901,-0.7881089359903337,0.16277083997495326,0.06206060306844805,-0.9202175052931815,0.01830539396109093,0.06163525578660633,-0.655974301635198,-0.02602070797571652,0.04973670263173302,-0.4661385158140594,-0.020085271744124725,K
0.0,0.0,0.0,-0.1824921361859972,-0.35755489898990495,-0.13774759597816252,-0.25883018658040374,-0.8346507681711449,-0.11511270137063342,-0.25596791553501547,-1.273633718363733,-0.07664436592698608,-0.2986151845051228,-1.5860604286744384,-0.024109209858721822,-0.37177027557582193,-0.9690271312733532,0.07164169994567317,-0.42153591295472875,-1.445496718461677,0.06504012454222664,-0.4301005114499443,-1.7469018340275582,0.05546603259762311,-0.43103950723468515,-2.01953870476103,0.046913048728384615,-0.20834997825096171,-0.9706356991205525,0.12023571081662907,-0.17761203525438243,-1.4319107567026563,0.07958048815308875,-0.1127674983234276,-1.7172323298197127,0.028075878712564024,-0.0693256287347498,-1.9700553072434148,0.007464585703863805,-0.06159322486586503,-0.8879690392834023,0.1431458943100565,-0.013125435163956681,-1.1081918887124882,0.009597987793634707,0.012132041989199035,-0.7684266450766218,-0.04181343318612902,0.006854355945209944,-0.5431451231790597,-0.023677076796625986,0.05459760658846478,-0.7772390222593487,0.15945739493141103,0.07232745329379384,-0.9260366745808883,0.027477324970399918,0.07397589357346622,-0.6740793561464856,-0.004711450018759653,0.059479416338614095,-0.485381075846055,0.009305202430462265,K
0.0,0.0,0.0,-0.17460939276321513,-0.4091807300172913,-0.14071391087820997,-0.252585906864567,-0.8746698902888005,-0.10400643799137277,-0.25001300951481825,-1.2959117913267473,-0.04779797998643396,-0.28384889668388064,-1.618211781270173,0.02396132421001982,-0.38190287231525516,-0.9687161494817164,0.09899382285310004,-0.41790714019518915,-1.4675669261774842,0.11774365148330966,-0.4176509939701475,-1.776547312418744,0.12489565395760237,-0.4123488242872819,-2.0470724601769508,0.12898075385732322,-0.21767226158344313,-0.962599800726397,0.16130843182750845,-0.16865199188861357,-1.427885702107276,0.15045278828660918,-0.09409657362997763,-1.7200413408235622,0.1097576371861588,-0.04780100222853198,-1.9604537268165345,0.09555881728408706,-0.06683615445442309,-0.8785623981014871,0.19565168006006714,-0.01583503967777029,-1.098874166488289,0.07404713968817087,0.015174948568818085,-0.7793334660137272,0.0007356384305710307,0.013713256996677494,-0.5639848166145905,0.004032389153904123,0.05013033196250451,-0.7816439278338017,0.2252684622591093,0.0630411308635437,-0.9493796823884213,0.09717641035501398,0.0650362698195322,-0.7044935996592024,0.05054549573197972,0.053204944295454255,-0.5101046297035688,0.0542730611704704,K
0.0,0.0,0.0,-0.16445154800091388,-0.36172958201494687,-0.16637470032886761,-0.24269522414182917,-0.8231729938190582,-0.15062979468684384,-0.24388328590102284,-1.2352218889681978,-0.1094124909369461,-0.27663455326272124,-1.5785363733823379,-0.051605203153812174,-0.39438430006288133,-0.9703374433238662,0.04724565574776642,-0.4088425597990266,-1.4508903219213771,0.0475755793475614,-0.4039494181241429,-1.7569308772238432,0.04403420261744068,-0.39768606206031915,-2.032059934791711,0.04098454940223665,-0.23025804466270106,-0.9660954481836693,0.11679391194280904,-0.17338572752339276,-1.4010565620221016,0.08510871284419769,-0.09260678989634555,-1.67923001030624,0.03862794536947626,-0.03852486019145813,-1.9195698802588055,0.020019479438071253,-0.08180084475325183,-0.8878253893814348,0.15812159660783384,-0.013622995905443564,-1.1017618286856692,0.018363529995067147,0.013477610601578144,-0.7688642854934694,-0.05136687334795219,0.0117753676132697,-0.5560608972929122,-0.044922364529179304,0.036082780019772755,-0.7930212605971311,0.19353172401394547,0.05918641333693452,-0.9571368506661397,0.05225914638784008,0.055907666001498546,-0.6814607738758132,0.005399621515930046,0.04451737297684536,-0.478088625763653,0.00952450193507301,K
0.0,0.0,0.0,-0.166484652888014,-0.371416072488306,-0.17905820603280242,-0.24645505130436568,-0.8408627146998473,-0.15882899754603652,-0.2518227962117969,-1.2590001823444565,-0.10498793594646845,-0.289500489999444,-1.60462723027697,-0.03083450922311925,-0.4209603637168287,-0.9538347403293013,0.033599101815256376,-0.42744603050501295,-1.4537774315078777,0.029207343915176525,-0.418029115216167,-1.7782038075884996,0.02157958735173383,-0.40499271285340593,-2.068448432255235,0.016715903835587284,-0.2571134331741197,-0.9594707864881132,0.11536243910952479,-0.19031702750585258,-1.4141663061598,0.08433299449896954,-0.09898252320169196,-1.7039631887809616,0.03533207779998592,-0.03510733340182335,-1.9429691539532428,0.014994242554989358,-0.10417226054811095,-0.9009759540476638,0.1680667497274316,-0.02431594749292329,-1.12055587669209,0.028341856946611222,0.013467518903441215,-0.7693615777934263,-0.04630601730857938,0.013664445142435408,-0.5418808139184369,-0.04159292405058836,0.020009081785663126,-0.8266149436529676,0.21400110279810403,0.05218631327336911,-0.9807371004196694,0.07106852442751527,0.06405233742097255,-0.6917201832953102,0.019604256115043434,0.054484359354906864,-0.4746707771542912,0.022145801795659555,K
0.0,0.0,0.0,-0.17494174100574075,-0.3525873737863512,-0.16466617722939184,-0.2575252333587955,-0.8406605814894981,-0.14787113361558393,-0.2557547468466882,-1.2722421705271645,-0.1020223061781701,-0.27646980842246566,-1.638852502160654,-0.04069511637396213,-0.4021896944302375,-0.9440014725215727,0.026925595264039173,-0.41900064997546543,-1.4211673353779435,0.03396963060309459,-0.41097393299897395,-1.735667654389918,0.04194567047545842,-0.3959564794380858,-2.023090412391176,0.047916946839862244,-0.24044775296228263,-0.9654030202814701,0.10090533448140758,-0.18777187227964418,-1.4182742052758288,0.07870201894942948,-0.11002475465337133,-1.6961233792532655,0.044025556147367105,-0.05519195483842564,-1.9327546838786247,0.033832239244354835,-0.09433956825610827,-0.9224982020572403,0.14847400018493556,-0.017449137651822832,-1.1350094338537589,0.010854919685590329,0.022712008968987177,-0.7985479501366782,-0.06922149780994405,0.02955044563836383,-0.5695704265951542,-0.06959583221219771,0.03168861142292606,-0.8578238726590259,0.19215654069559568,0.0571133205573904,-1.00617791282848,0.04972843410159667,0.0676589531059941,-0.7106561238052592,-0.006852628132067441,0.06299903033299467,-0.47934466089438044,-0.009783319316156423,K
0.0,0.0,0.0,-0.15971472602736192,-0.41114062651819155,-0.15678395867862632,-0.22820859144397307,-0.8554857947473103,-0.11778233605712317,-0.21474717360802684,-1.259157126314693,-0.051914938546259295,-0.2272832256313316,-1.6053195190077432,0.030849354097917538,-0.3577776840614462,-0.9816576354162072,0.0861799729437296,-0.3760506790531704,-1.4623663481150702,0.10739612085627734,-0.3721834301242274,-1.7608229637343662,0.12093083180922672,-0.36031079170606284,-2.0241193355103095,0.13101901393278723,-0.19479356693549826,-0.9675317204085954,0.16105227810785272,-0.1289945314674109,-1.4205169772191544,0.1532697985697663,-0.041055252078656256,-1.697582499724241,0.11341518052800559,0.019899970129524183,-1.9119903815640202,0.10060296295191795,-0.05426121910625326,-0.8895791319006487,0.20496188144443536,0.01642605584928,-1.0894462281994264,0.07047906859544383,0.05336185889021999,-0.7776085141128749,-0.03618148910807763,0.06050743834158315,-0.5742956762635121,-0.05243143153553575,0.05653833415925799,-0.8155422819236542,0.24570345794473225,0.08387102886936078,-0.9549452825418623,0.09723303719665262,0.09318645028771988,-0.6999455087588258,0.017107627971935786,0.08344491633327031,-0.4955951559614486,-0.0015192997664445686,K
0.0,0.0,0.0,-0.16099140786493124,-0.36540742994448383,-0.17008442888762632,-0.23068659878115472,-0.8380294556775331,-0.14551791842997147,-0.21898387145933107,-1.2404577193705848,-0.08452271883793647,-0.21322065517310249,-1.5877659539036735,-0.013384152054109043,-0.3588595291855847,-0.9600514808898878,0.03443300879064095,-0.3731997642283229,-1.4012949025678951,0.05940997415808182,-0.3601169920358927,-1.7046384706450906,0.06139967595359863,-0.34616923218178947,-1.9773768181944424,0.05300918927353036,-0.19918727403800976,-0.9731914225711774,0.11499080352443358,-0.13336711084805783,-1.3991195370406442,0.13761867002440545,-0.05026873269719203,-1.6026362697652081,0.11308434233279022,0.0026303282967321717,-1.7677827028995223,0.09532172397753623,-0.055041188446256835,-0.9206470783127809,0.1676100414751396,0.012486082271497431,-1.2879091928377042,0.09143338440225994,0.06225996650930627,-1.3740936597685816,-0.007839396650695237,0.07860033594832623,-1.492681394128081,-0.060520582582875106,0.05792545563536458,-0.8481524437746412,0.2132342683926647,0.0849586467278915,-0.992159461260936,0.09139007519064143,0.08026383512183577,-0.7821099843396359,0.021385313154147934,0.07087474371892302,-0.601185835898518,-0.011081749565830678,K
0.0,0.0,0.0,-0.22763324110089467,-0.301306230014103,-0.11677768675812064,-0.3277615196218013,-0.7991090166256734,-0.10533188225619772,-0.3208022496271656,-1.2597303131472732,-0.08589632162135145,-0.37409398122352994,-1.5983953519677099,-0.059568696404892124,-0.3551767708783245,-0.9835153594375947,0.05001447274775034,-0.43281434716605843,-1.4412070554847676,0.03291289137342129,-0.457437694895271,-1.7128808723487885,0.02172447771848791,-0.4688520788068952,-1.9647513372451326,0.013689311441164547,-0.18613343012236222,-0.9794965369416666,0.07707710626487001,-0.19098204997574916,-1.4810996990324048,0.0284599878201045,-0.1632817630256326,-1.7839394271041646,-0.015250082079178006,-0.14203786597225826,-2.070788682895961,-0.0330574038556449,-0.039707340216178555,-0.8987503842788772,0.08094438585083055,-0.017489621427398624,-1.1441028421544412,-0.06964815718816844,-0.006876410781381859,-0.7958202591250694,-0.12642348784193932,-0.0063849803202288575,-0.5641233008999745,-0.11257148945040252,0.08838215645003684,-0.7847409277412208,0.08174134082921786,0.09019601995472173,-0.9349116514740198,-0.0644761321759598,0.08203001850887952,-0.6794618192182231,-0.10290795837811145,0.07375705335138229,-0.48970879735470146,-0.096025681541064,K
0.0,0.0,0.0,-0.21757670369409704,-0.31049183322062585,-0.1348702406321973,-0.31684785724555936,-0.8004260140645246,-0.1298232020267367,-0.3138081233251579,-1.2444339875549704,-0.11170459978236755,-0.3600341318868388,-1.5929254749119084,-0.0849919321625282,-0.35157502920736877,-0.9851530285123543,0.03537302374181304,-0.4345490367616672,-1.4348499236374572,0.021692479585781438,-0.4618592579576972,-1.6988549868081324,0.01261666085307428,-0.4772432917262229,-1.9468789469054266,0.007588608361421417,-0.1878236688759562,-0.9794568055560255,0.07339370177311699,-0.1872127419605814,-1.4722036343156841,0.03185897864361443,-0.16095629519029056,-1.772100802771193,-0.010104647077199,-0.14913530639748246,-2.0521872504333096,-0.025695628845966524,-0.045356406249942534,-0.8981451152378055,0.08717026203429362,-0.025251844510911132,-1.1073494380731028,-0.053579918786649916,-0.009995062348661085,-0.7770781754376768,-0.11538793030745984,-0.008919234951342545,-0.5589108097210076,-0.10598309227458699,0.07799957239750031,-0.7944785660400687,0.09642573961184968,0.07972536643015175,-0.9385965233901121,-0.036286344937118034,0.06962421140740606,-0.6929741020964997,-0.07187153162203087,0.05795759341565365,-0.5043490759154494,-0.06426534717550511,K
0.0,0.0,0.0,-0.17888759736097978,-0.35808719328731575,-0.1117845176264304,-0.2751935602171392,-0.8284186462494616,-0.09330653097340381,-0.2753528904453549,-1.2434806914318206,-0.06525489505938217,-0.2778594269624067,-1.5739415775877859,-0.027062822176978422,-0.3408395572935693,-0.9906759428563321,0.0819664526703538,-0.3984701890913297,-1.4307550544989138,0.08851621058681229,-0.41182394975160963,-1.7128626861263503,0.09285235568376995,-0.41600817250443783,-1.9668397887416804,0.09699311133219982,-0.17994128646604385,-0.9764167201674118,0.11929594294216085,-0.1501048969704887,-1.439718212572431,0.10614593379160212,-0.09702572467107806,-1.7100617772974123,0.0804973842475449,-0.05850833594692071,-1.95404770877268,0.07519155232829978,-0.04101837366531313,-0.8747346112135492,0.1320920131063365,0.0042774892278812995,-1.117194136896207,0.014632765678612776,0.011153393553893477,-0.8134779676193052,-0.04710289867783719,0.004831258923509021,-0.5975474800921502,-0.040607060442268764,0.07447883190578836,-0.7447891517942681,0.14310614017427598,0.09046626017113887,-0.9090691650788524,0.02643686464788084,0.07283278965261925,-0.6657685756479479,-0.010492175925031457,0.04921749610614102,-0.47298316318887856,-0.004879819489436228,K
0.0,0.0,0.0,-0.17564516492706345,-0.3637261405072816,-0.1298893467299283,-0.2559883905525147,-0.8750604832799765,-0.11313790748468418,-0.24460881584749955,-1.3259814963081704,-0.07975921211343064,-0.2328564024771252,-1.6835297085466727,-0.035402551472132726,-0.3543125954236639,-0.9614269189470094,0.03781580905346859,-0.39597850857576933,-1.4304976564859226,0.03423310195457642,-0.3832700123073181,-1.7375166911825333,0.036893715421418755,-0.36463368985448774,-2.0235344448492047,0.04037311777018724,-0.1906159418557529,-0.9776663011764921,0.08851082563348257,-0.12542247816162397,-1.4395873172661866,0.06264445063919563,-0.03823153321130236,-1.7175486417587023,0.03500067023119874,0.026633417256990866,-1.9677779513918592,0.029089251297624248,-0.04733227535144713,-0.913640728651581,0.11577514398419779,0.028292815831557953,-1.1343572909736357,-0.01714597161734051,0.05029198033228952,-0.8175532752318305,-0.07969931666192259,0.04761197448565565,-0.5895252597144474,-0.06933834599263498,0.07743457906228787,-0.8136986452378234,0.1411209580710426,0.10424754240342463,-0.9579167930019573,0.007760443317946061,0.10291581543242379,-0.6865124073402226,-0.033138129496901716,0.08939262880716059,-0.46458418949093955,-0.026095311609698243,K
0.0,0.0,0.0,-0.13132023696448922,-0.4132025118841242,-0.15873384407076394,-0.1717054948204763,-0.8870791208099201,-0.12367502347435125,-0.14896905665723054,-1.284099518335999,-0.06064589694378053,-0.15139861621147468,-1.6104375718188528,0.019115053090524838,-0.33959940982258446,-0.9973678956621723,0.07714498094552147,-0.3259478256798495,-1.4475603703317113,0.08676706371208279,-0.2968319458985605,-1.7553095497289681,0.08481092940536017,-0.2706422109078271,-2.0293223767740796,0.0828758489221183,-0.17958371185911232,-0.9727047468696456,0.14695293754179312,-0.08907341084119944,-1.3833955196044145,0.12993373600271577,0.01968702398002359,-1.618476515108293,0.08255514023353744,0.09411517911077304,-1.8176685790179627,0.06305902173920323,-0.033833439526247525,-0.8927795785781126,0.18713913537242732,0.06334017347940624,-1.0978399671118422,0.04848205980908443,0.09008236580922473,-0.8232558916616903,-0.046230526436460896,0.07480472809249317,-0.6499804659175372,-0.057513547608003646,0.08184486358952385,-0.7978390958505839,0.22370564148653999,0.12917905763577203,-0.9352636732275311,0.07864183028185387,0.11955878350930892,-0.6523529006312773,0.019987964655839335,0.09005230010369629,-0.42498175421507556,0.015703620213362086,K
0.0,0.0,0.0,-0.1070181543880401,-0.3681925717736403,-0.11786706403579024,-0.163591680424434,-0.8054044650333899,-0.11000388195109508,-0.15349172668365949,-1.1999885878913776,-0.09001435303592696,-0.152272221738515,-1.51546626991481,-0.05592869516026816,-0.3188716657725384,-1.0227679711836812,0.05316445663656646,-0.31149497994473707,-1.4263673039567488,0.033827780876078566,-0.2811433058052353,-1.689658920728696,0.015449824195664505,-0.25481996713937477,-1.9240609145539023,0.005764015424590212,-0.16713325968531836,-0.9818488386791409,0.08966231923936965,-0.07343411477319926,-1.3680480628897398,0.04688046928387174,0.025147328050273882,-1.600334639883089,0.00227493703550759,0.09471282423214271,-1.8107701885892145,-0.014072068971878984,-0.027389068576994323,-0.8728121195865378,0.10372578288882969,0.06380879587464916,-1.0084711711514702,-0.022716537262264382,0.06399299317195709,-0.7333286567816291,-0.0674197321431674,0.04230215711490791,-0.5410345216319122,-0.048299985836811464,0.08254748402219933,-0.7380196271777149,0.1136895346119416,0.12964233597609343,-0.8663452495704717,0.005127339416114344,0.1066692490558491,-0.6266739058356325,-0.008082127908529364,0.07793351998008484,-0.4263684954596471,0.01619491711789581,K
0.0,0.0,0.0,-0.20567743918980638,-0.30537746706120633,-0.11281917821889703,-0.29793897997581187,-0.7896540868479541,-0.10125980634043184,-0.29588995784670646,-1.236295513656569,-0.08314341510607426,-0.34564757485074077,-1.5501021979086018,-0.056195347610854034,-0.35084022900171885,-0.9819222210474178,0.05533060293329688,-0.4191236978478696,-1.4503618465207813,0.036584932849037646,-0.44217299369427604,-1.731885950795566,0.024911861088463397,-0.4537049853042446,-1.9850252369849861,0.018064968473981344,-0.18761303791970793,-0.9789121106030966,0.08082343544498043,-0.18064828539146624,-1.439918856897323,0.03348476627320728,-0.1461321564649364,-1.7225624060782994,-0.011621682906235824,-0.12789150671246996,-1.9820506432802938,-0.027384894030374942,-0.04121597464490932,-0.8934874086740384,0.08423321769640625,-0.010617101760585616,-1.106239622171989,-0.05782432337463031,-0.0007493230932190562,-0.7568230002301243,-0.10646073882921814,-0.01191039176074951,-0.5141915951508527,-0.0859641752632302,0.08270433330802372,-0.770372235833741,0.08371415256367476,0.09383041932223568,-0.9203645011056915,-0.05171246495829465,0.08908559654236534,-0.6720488154268971,-0.07813205822211532,0.07310893865886224,-0.4693005726054157,-0.06001619272896935,K
0.0,0.0,0.0,-0.19788724945421127,-0.3359380871588833,-0.13564581811916832,-0.27918219150884416,-0.8319315906198281,-0.12667560538510664,-0.26621442704168485,-1.288288667715994,-0.10386180582346809,-0.3231229229603815,-1.6106880970538882,-0.07138548351222655,-0.3390207755042005,-0.9927388755053638,0.05894441614998568,-0.40330676127952264,-1.4602754156996887,0.04979473009061404,-0.42043736332459597,-1.7433540731431143,0.04129510132003881,-0.42763319912475906,-2.0016226965162516,0.035875640750219435,-0.1762117660981259,-0.9789825858065652,0.10267672655509848,-0.1629569936523706,-1.4581565256703852,0.06882471078542939,-0.11530063573053283,-1.7482021185109875,0.028059760291945086,-0.08588191062835294,-2.020794938098755,0.01305885541124915,-0.038040097219872726,-0.8850408286042626,0.1204727570737254,0.003970593823092893,-1.114663503324685,-0.012907783943999105,0.011708676485371583,-0.790993174418372,-0.07520133876218568,0.0004863115323230098,-0.5643060183891523,-0.06612929352010807,0.07552572869490816,-0.7662914811082163,0.13336254979551695,0.09562171781117056,-0.9011719260427021,0.0030327957098371444,0.09342829259726478,-0.673390501183074,-0.038290775425909925,0.08080998817594563,-0.4912710410543776,-0.03374532559743793,K
0.0,0.0,0.0,-0.16891381215766982,-0.37401109579666847,-0.15487375760113614,-0.23989263578636008,-0.8619162833168065,-0.14157235958532194,-0.22930877567913407,-1.2972385272689706,-0.10669890146891269,-0.2505947383046994,-1.6335855340841,-0.05398842524568091,-0.3692666513927619,-0.9728330983998358,0.04186738400434733,-0.3803956685245301,-1.4584753797326713,0.030257449177652215,-0.37111920207891397,-1.7660753795282094,0.019938694555586313,-0.3562418746412399,-2.0513095814623363,0.009783135725732452,-0.1994405356430009,-0.9747888848015989,0.1000505012965356,-0.13861348278552074,-1.4380494560010681,0.05091382594546652,-0.05571779051118887,-1.7414267527975356,-0.002329852379237088,0.006879793679439192,-2.0147380057869815,-0.025669709396581766,-0.04593989344689078,-0.894778100369529,0.13258456435740293,0.031849123842443296,-1.1423145776253014,-0.01390006059785279,0.042383565348963294,-0.7670894919097186,-0.06104257069153439,0.02876990516703879,-0.523824748149529,-0.03799752984929694,0.08247653974478349,-0.7849924796440216,0.15814891484837762,0.10768028484097947,-0.9462872890006969,0.011942421125294015,0.09206659437917286,-0.6532282596746767,-0.02320914093471121,0.07006238025852954,-0.44749707251876847,-0.009567435171328286,K
0.0,0.0,0.0,-0.1481940369886325,-0.37469714107536795,-0.14159446202916437,-0.20759001568155902,-0.8363884462131745,-0.12376312304144103,-0.19675344795962896,-1.2367638503228024,-0.08865742597323224,-0.2235445144315259,-1.568898735343994,-0.03807067701745383,-0.346829069770604,-1.0088983681282964,0.06806950837084821,-0.3534873563670057,-1.4641634428736712,0.0654051980042515,-0.3350543754910494,-1.7652504010905132,0.060476935315383284,-0.312350951124093,-2.0297890149637206,0.059009728070749966,-0.19101450000061795,-0.9741668664494417,0.12046732794243255,-0.11551346530503948,-1.411456725456451,0.08684226656268978,-0.025445952939476137,-1.693260549406753,0.04316164924227681,0.04081320223672702,-1.9210534188284636,0.029366337150422483,-0.046412510248053714,-0.8630330176854101,0.14639983882462118,0.041204447981057046,-1.0624000176840613,0.00981904040131631,0.04786019566931901,-0.7397433845300525,-0.04963097240574148,0.03223905555809666,-0.5136234016816,-0.03450300726657077,0.06417826606489303,-0.7370909871964926,0.16751535070012066,0.09984941764625596,-0.8989192147862067,0.035787953870719105,0.08344680160962945,-0.6326844833302628,0.00259486440456547,0.0616568763913424,-0.4260490971092365,0.01697249838464667,K
0.0,0.0,0.0,-0.14254465830174842,-0.4256524701282807,-0.1533210494451074,-0.1909954662032698,-0.9039423042985152,-0.1143199479754232,-0.16780339494318247,-1.3119234421091288,-0.048420186077378455,-0.17554743395000957,-1.6611021964105483,0.033534436783473086,-0.3244616492420235,-0.9946583708457611,0.09248903140824709,-0.33551402565659144,-1.4889554839167836,0.11756844921753706,-0.31481518316230106,-1.791415029272453,0.13665535481065105,-0.2825456504559379,-2.060897651306192,0.15054901594330122,-0.15935069804988916,-0.9732379443018393,0.16557553805481923,-0.08536438154269156,-1.4024340840437206,0.15750466988325743,0.016800970664546555,-1.6523639833838129,0.1212598350952493,0.09235743581504106,-1.8528755134913448,0.11311940959224363,-0.016987512940812338,-0.8861531157872834,0.20860822427493,0.053508992965972786,-1.0892771248521653,0.07325954199816058,0.06760940934572053,-0.7441787293898802,-0.02509293067429966,0.057660318975425603,-0.5229705111485853,-0.033827027050725614,0.09864081838420552,-0.7995196891667892,0.24919232134664515,0.12696153497070334,-0.9274415620244097,0.0975148456216838,0.11684922010867585,-0.6467947902828513,0.022603803519928904,0.09239874884633362,-0.43808034237612914,0.009952316371755322,K
0.0,0.0,0.0,-0.16040158427468046,-0.1496777401738549,-0.08859436607285975,-0.3374574353320439,-0.43695627635263445,-0.1507972338605428,-0.49008490055389364,-0.5685777082613914,-0.2118682132263243,-0.6468730952879758,-0.5458102568970353,-0.2729145002299945,-0.2314233786933367,-0.9558255850476091,-0.13139086958873747,-0.28998024410787837,-1.3616589048101633,-0.21278033814773603,-0.31492948953626904,-1.6393362940178384,-0.26185338594794383,-0.3302450785999919,-1.8559083177875404,-0.29743586293110014,-0.08145435435315207,-0.9873578053486608,-0.13597702884674068,-0.058293953082594704,-0.8543549015374163,-0.2641691778214487,-0.046570238251729866,-0.5362915064616177,-0.2900629984568265,-0.0550229170102151,-0.31465380987884983,-0.28042316530738154,0.05995819760109705,-0.9038628068075283,-0.14779515391191358,0.06230573046431766,-0.696828566245476,-0.2508897702925898,0.04168602696273689,-0.43980338993294493,-0.2275328201839464,0.013889904385988933,-0.2834568500874211,-0.18754141924569673,0.18906801287111974,-0.7804271219821054,-0.17117648606572966,0.20476827672268227,-0.6733485089742061,-0.22823862867220598,0.14760234048875565,-0.47643095525718804,-0.20134218878533314,0.09905718613203217,-0.3634034778750824,-0.1662335362133661,L
0.0,0.0,0.0,-0.16300724079170983,-0.10450915638395938,-0.09516902263906231,-0.36011879263512897,-0.34068346948401573,-0.1618492206212155,-0.522556352838341,-0.44301984250200244,-0.22454960421678408,-0.6717894569644731,-0.4058150350807845,-0.2852574271174285,-0.25720170850494634,-0.9064498306869484,-0.14452528046002042,-0.3154617174428768,-1.3022941915548483,-0.22936382457929327,-0.3429215167818696,-1.5845989590698892,-0.2793635367973115,-0.3569233878013003,-1.8049342444483183,-0.3175367897288468,-0.11370539591219797,-0.9829858087747937,-0.14425665561011436,-0.08633613878856143,-0.8155948540233487,-0.2782177124228366,-0.07482555750688961,-0.5218892359571756,-0.30274727037658994,-0.0757036331537835,-0.31313864319151585,-0.2913027860611411,0.025669407461225105,-0.9290493055214121,-0.15195797192402255,0.030185947310492962,-0.6634722122934366,-0.25392525327795074,0.01778051479380289,-0.43443280960551356,-0.23145535837161907,0.00829748164941053,-0.31118853852270095,-0.19360809475828503,0.15727481550729003,-0.8220506978203103,-0.17274301178609508,0.16130118645971814,-0.6301722102613893,-0.22964593596793975,0.11456049130138724,-0.459463595705127,-0.21310354000861803,0.08661971516863655,-0.39211742267336314,-0.18594942118508,L
0.0,0.0,0.0,-0.17999801357671427,-0.08714296671274428,-0.0925489656022292,-0.3857624138088879,-0.30408706523970186,-0.16260497832693666,-0.5566893846206431,-0.38227666782618736,-0.23017175068359033,-0.7096033294540142,-0.34611745918926495,-0.297321569072441,-0.2784297077291892,-0.9031755853857194,-0.147715130900654,-0.3243063949800239,-1.2982630639340142,-0.223419810752892,-0.3503199750622309,-1.5684900925474545,-0.26889284547779807,-0.3675365647605139,-1.7864119252959538,-0.3054679126696633,-0.13456245050731314,-0.9794875649729038,-0.14999018960224836,-0.10882656469824804,-0.780131984375634,-0.27039910929133604,-0.09682106736825202,-0.49666645033579654,-0.2930028825317252,-0.0945815313408398,-0.31345992981301024,-0.28670092966832966,0.005445994409174212,-0.9265100985868773,-0.1587329783888019,0.003956915774015067,-0.667480294873985,-0.24908391145425862,-0.0033159427632220148,-0.44751570208096775,-0.22344456423830525,-0.005640608018630199,-0.3326734144770913,-0.18896317244974756,0.13860722692840424,-0.8264468367705655,-0.18030145844099296,0.13929941404694887,-0.6825493063205519,-0.22977277855806452,0.09992532515276753,-0.5041707966400708,-0.20445461492841874,0.07796949573228205,-0.4120714423882573,-0.17269471237349768,L
0.0,0.0,0.0,-0.19904985201557515,-0.08366316612220617,-0.10326251403050403,-0.41329155261272127,-0.25656932918730796,-0.18868734161616466,-0.5871019085584013,-0.2973970105824589,-0.2721522683893179,-0.736082278548148,-0.2545472168497577,-0.35638364966826525,-0.28142861453575424,-0.9059288128028331,-0.16057333949639693,-0.3247006374985471,-1.302857449641755,-0.23799410253747363,-0.3438672098706528,-1.5773090611626785,-0.2884650174707039,-0.35309311160616813,-1.7928920606938248,-0.3292752384720607,-0.1290068151246257,-0.9782962681664872,-0.16215317863959758,-0.12553154376925593,-0.7927161872593498,-0.2833842416128003,-0.11650028993593992,-0.49698469950866175,-0.311418706670431,-0.11055614728896375,-0.2975219304730185,-0.3086069018883541,0.012697539057705185,-0.9167516449938484,-0.1701223294943143,-0.009984506161823092,-0.6772697669455858,-0.25451562398595745,-0.018140185125852745,-0.44720571301015305,-0.23066916923654995,-0.019332829390086893,-0.32142251244318787,-0.19882251820053323,0.14325472358771316,-0.8084583647406045,-0.19245478356102294,0.1312133546460568,-0.7047121685037322,-0.2414950818385029,0.09706934164999526,-0.5281451712640112,-0.21515714245820927,0.08213301102638719,-0.4310778737576796,-0.18177516918544587,L
0.0,0.0,0.0,-0.1976626536532619,-0.08521720149998879,-0.09782319801157975,-0.4077055335763012,-0.2538863992939374,-0.18281157110758617,-0.5807484345273777,-0.2873716011691055,-0.2672842501287742,-0.7288172276303017,-0.2374016347733038,-0.35280205309290097,-0.28012431341076266,-0.8998447903311372,-0.16002883207311447,-0.31138845166961676,-1.2967211943955195,-0.2392604563129088,-0.3247920936646711,-1.575362948408817,-0.29147442651589983,-0.33088727405904816,-1.798616206299091,-0.33382173565970086,-0.1280293752030851,-0.9781393785767286,-0.16386529578479622,-0.12329157439917393,-0.7749101318408168,-0.28535140635901596,-0.11734457064511815,-0.48676932624680197,-0.3121182193210246,-0.11457883326224103,-0.2914568809881157,-0.3098281368835213,0.013323662860446669,-0.9177392720629005,-0.17377795051063036,-0.005877446829623627,-0.6621434037303945,-0.2593398354588282,-0.014786850541172524,-0.4374765769426215,-0.2330276347732792,-0.01754941594703972,-0.3119972446857379,-0.19980681151764457,0.144806641317992,-0.8072758524012641,-0.19780046525580225,0.13614238611535381,-0.6968998886771873,-0.24836250098536466,0.09946821449626868,-0.5283131622854971,-0.2218863204168913,0.08158030328831158,-0.4325183237365198,-0.18822137789803078,L
0.0,0.0,0.0,-0.20515243496409563,-0.0734279031049511,-0.10369333802247015,-0.4278363540720985,-0.24905428575729044,-0.18728870890110888,-0.6023343835188829,-0.2828264179779501,-0.26950497900639164,-0.7551671055907427,-0.24764147181540186,-0.35378567256370425,-0.29344798281957324,-0.9131988163196638,-0.1651927611854642,-0.32576633319734266,-1.3322337839313665,-0.24009534959974183,-0.33572014439834513,-1.6165195387218343,-0.28794253077435944,-0.3377023427270368,-1.8379761567277952,-0.32702637124410194,-0.13603241080515213,-0.9764421455270098,-0.16749901387515118,-0.1323992292117994,-0.7962706404341615,-0.2863744670042399,-0.12596263961317883,-0.496648308873792,-0.3137021400859736,-0.12533701115889886,-0.2914468050113215,-0.3119638685746161,0.010268824270286598,-0.906677744891294,-0.17596173524714637,-0.006690960916139499,-0.6842204222526733,-0.2636202698538213,-0.01361893386971247,-0.4369113227866411,-0.24138968645504716,-0.017962457204162237,-0.29786811844346683,-0.21076104500259618,0.14491503869634786,-0.7944196782629159,-0.19853361655846738,0.14152257245351346,-0.7146257799650251,-0.255531742230135,0.10156590738107407,-0.5174306075350363,-0.23129692868302734,0.07785035329952276,-0.3972099548599919,-0.19895560619127817,L
0.0,0.0,0.0,-0.2057651347667318,-0.094000801498173,-0.09876865767669549,-0.41196750852542896,-0.2623603730762057,-0.19093770688725217,-0.5939035833779159,-0.2906541547610663,-0.2845396004846106,-0.7495304299064146,-0.24583808838035115,-0.3804207912939077,-0.2901938909498433,-0.92967824379655,-0.1607931309241012,-0.3165275395366808,-1.3702783942256127,-0.24836510926092223,-0.32894070800378916,-1.6556463760886049,-0.3027151660470924,-0.332861904495563,-1.8804772240704106,-0.3451464484018831,-0.14004160220425482,-0.9755134491468352,-0.16959321975158623,-0.11153408507598135,-0.8997243493858125,-0.313029209420128,-0.10441778790781427,-0.568080667145523,-0.34228826013758334,-0.10421754175245145,-0.3270280199878729,-0.3334453340990171,0.00419656402713925,-0.9083800534092021,-0.18572791998993537,0.005948078308251292,-0.7584473144553239,-0.2866329112303859,-0.005796207530722922,-0.4795527954127369,-0.2561515682138489,-0.015157075715622482,-0.31599052632793195,-0.21479107077738016,0.13764655585358535,-0.7938355313587533,-0.2152945061247115,0.14534893933013143,-0.7417666469118478,-0.27060821846182376,0.10159061919168122,-0.5422996142208715,-0.23987084061801028,0.07475693665126638,-0.42793998844628034,-0.20223382275946197,L
0.0,0.0,0.0,-0.20213722357461794,-0.07886719113111063,-0.10277052979983553,-0.4188627183430661,-0.2535656048268367,-0.18597205475824444,-0.5950191904500657,-0.2876103304539979,-0.2670219106085028,-0.7456199614558904,-0.24794860945240987,-0.34911258876066037,-0.28391759235020975,-0.9040077456112083,-0.16558739941332518,-0.3107929844029435,-1.310283094751415,-0.24080158786719147,-0.32052618561325885,-1.5898227813725667,-0.28833473860368275,-0.32406427773266017,-1.813924595678463,-0.3279186279091813,-0.13044320955848238,-0.9774356485955648,-0.1661448823606965,-0.12867902444712137,-0.7636522710710152,-0.2781773913894056,-0.12552392983876015,-0.47545455718509166,-0.2998242117536434,-0.12182712210380389,-0.3032067397244087,-0.29769130110165815,0.013021463194120876,-0.9124768741625952,-0.17324942684170158,-0.007631914983865408,-0.6494034804740304,-0.2532920489778611,-0.015508007837815382,-0.4187763517260547,-0.22681525468897834,-0.014077758572857077,-0.3144904704097611,-0.19710679172472115,0.14567154329880275,-0.8026250939520961,-0.19503550489747196,0.13416669598665157,-0.6762053930751183,-0.24364699484819313,0.09499988735322569,-0.487218504348277,-0.2169487447965809,0.07790472335986062,-0.39237642824812446,-0.1854405722322247,L
0.0,0.0,0.0,-0.19467218204797387,-0.0873063144623813,-0.10144818137626559,-0.40681312546715165,-0.25861153055433866,-0.1843118436346983,-0.5773895971893502,-0.29195955541076624,-0.2657170349427023,-0.726286485174604,-0.24655581770416157,-0.34757724247110333,-0.27600957273993754,-0.9042094455017365,-0.1627568743992135,-0.3021327908917421,-1.3023526233190599,-0.23838721278126485,-0.3118965286122621,-1.5778799585647763,-0.2847166702400734,-0.3139718560780815,-1.7969476778349556,-0.3223059940636574,-0.1255110635797426,-0.9784497730338686,-0.16396040549185284,-0.11273109646682931,-0.7688751502834253,-0.2797843438021476,-0.10723340942842756,-0.48860828257006356,-0.3042720685341598,-0.10396528503206956,-0.3026603784668909,-0.30221147423200806,0.01701952616359847,-0.9162029703696515,-0.1714420182549964,0.004131796482144155,-0.6440084170614176,-0.25289354185483925,-0.005015674049531764,-0.4263248855336127,-0.22977452802755827,-0.007465700946382403,-0.30593883010940076,-0.2006714082554896,0.15011168644020284,-0.8066627684583924,-0.19371499769813916,0.14318277778836547,-0.6620375437890349,-0.2398743362271311,0.0987123088263964,-0.48103167598022434,-0.21585608024749472,0.07347588681154406,-0.3791352077587915,-0.18603009533954998,L
0.0,0.0,0.0,-0.19274536517212282,-0.09200494491172702,-0.09839086049762602,-0.39970898662082466,-0.274946568687546,-0.17754074658293809,-0.5690697774814023,-0.3245548027525494,-0.2556524696550603,-0.7147286252360608,-0.2904730200297917,-0.3336492640417728,-0.27528475221949167,-0.9084652643082414,-0.1528997902352732,-0.3059936521980926,-1.3030361441501936,-0.22721918842204944,-0.3175426981490702,-1.5732431075668947,-0.2724722044297391,-0.3221456647394038,-1.7912422328659459,-0.30876779116332226,-0.1262803270753404,-0.979845490058934,-0.15477756492758454,-0.11574986037908458,-0.759291635490926,-0.2678508291064455,-0.11228924239699091,-0.47364808220655,-0.2901781882054912,-0.11181229394790013,-0.3042595383625434,-0.2868443610710793,0.015741089335055653,-0.9157804135856149,-0.163200483491103,0.0040120966205543455,-0.6534303421591098,-0.24764444700308666,-0.006464654623903365,-0.42718444021556146,-0.22165579235124527,-0.009369765308651518,-0.31741333343598976,-0.1887454401180526,0.14823718944096817,-0.8081167430315893,-0.18545981700626998,0.14396748246616534,-0.6894566242369593,-0.23236777251170224,0.1027594498048575,-0.5057605221777592,-0.20321531971414847,0.08196933181516135,-0.40871102489904154,-0.16863886524088642,L
0.0,0.0,0.0,-0.18634158376991278,-0.08586293181135292,-0.09683561290049288,-0.3940660551598328,-0.28172147181562424,-0.17272221251587352,-0.5681345819084702,-0.35930167377969285,-0.24617126432948067,-0.7185388747289376,-0.34522856238384436,-0.3186522797004313,-0.28131389532104334,-0.8948012811486264,-0.16200704225340606,-0.31460667307473206,-1.289927531139219,-0.24232929793010025,-0.3293959739192992,-1.5625373689202946,-0.28965342626900625,-0.3371239218234621,-1.7900704411769555,-0.3270018775663578,-0.13273513040606036,-0.9777101850921764,-0.16267814580670653,-0.1207896224149985,-0.7442975739287618,-0.27862257020255726,-0.11654478536137149,-0.4634717334256208,-0.29798560970782745,-0.11842080946972433,-0.2972607765304738,-0.29313214124473885,0.01123405256136209,-0.9198818884813603,-0.1695418675424134,0.000588821794162174,-0.634572931967307,-0.2606637027314034,-0.007973666034192289,-0.41182471307664503,-0.23150428715492014,-0.011586849693009793,-0.3000119178688946,-0.1954926890140886,0.146499628847771,-0.8129257459280623,-0.18966876074146477,0.14119617496972378,-0.671036149886806,-0.2431740385381302,0.09991575455426317,-0.49115019005235355,-0.21600471438540791,0.07727790103528934,-0.3958778318672146,-0.1819539159256578,L
0.0,0.0,0.0,-0.1821886584058234,-0.09697566290295524,-0.0961358396247741,-0.38129301757855694,-0.30600058870793,-0.16768558670353317,-0.5409748040583424,-0.4082074770662652,-0.23723358628335833,-0.6866929687347232,-0.4213778204740314,-0.30557000436530174,-0.2731596931003822,-0.9078398524025674,-0.14952954209052394,-0.30411414996808134,-1.2868615863808364,-0.22591526781389543,-0.31740746026371774,-1.555332484338495,-0.27096962295498256,-0.3245391029328783,-1.7785429402205446,-0.3069166610580631,-0.12676925119333637,-0.9802931221694205,-0.15150891584065462,-0.11120662302030873,-0.7594236238436637,-0.2702106082015014,-0.10937194831673931,-0.4810134848862451,-0.2948180461545918,-0.11721627474277453,-0.3029866986800069,-0.29155147882932436,0.015351858995772337,-0.9175854696970039,-0.16031584584851205,0.0069848686928750195,-0.6356160618146608,-0.25441261201330306,-0.006997318271220669,-0.4169462074102905,-0.23355175999616692,-0.017338986430662173,-0.2949855512495475,-0.2016305087346367,0.14968084362243547,-0.8058247312334862,-0.18233412642789698,0.14928988317965103,-0.6641072494791628,-0.2383111300512226,0.10477019101560786,-0.4840511820025836,-0.21866710145969268,0.07571418563879267,-0.37911259405882675,-0.19013227201671365,L
0.0,0.0,0.0,-0.17753760945347916,-0.09939607454529815,-0.09403757601067257,-0.3724577343615567,-0.31074437211869965,-0.16395630671529432,-0.5344047452260394,-0.40614221569586895,-0.23184783406698897,-0.6806336337755439,-0.4068619236089395,-0.2988169132790334,-0.27190889801099877,-0.899373698164584,-0.1491744878501257,-0.30173079323545526,-1.282241187693326,-0.22714985506329632,-0.3148839546867118,-1.5588762554628468,-0.27444468192973775,-0.32052397131808197,-1.790318429225876,-0.3120611356697335,-0.1256732052695745,-0.9804333534461331,-0.15151463601791487,-0.10492766308607457,-0.7489130412210565,-0.27247108216537275,-0.10146015908769405,-0.4688233096217783,-0.2968326682466648,-0.10768094642293274,-0.2840243104494472,-0.2925083299190225,0.016712631785586036,-0.9195406645448347,-0.16040468315067888,0.01209148802169798,-0.6287068944140508,-0.25559550644506096,-0.003536643367888681,-0.4113105481841501,-0.2333785028863779,-0.013606847409267236,-0.28582259252684505,-0.19966626977736035,0.1530532735550524,-0.807871803186684,-0.1824007973982865,0.15294967424582115,-0.6570972754545956,-0.23743939826718796,0.1041897374978637,-0.4763943998180144,-0.21621841317328847,0.07273703111326245,-0.3711372821489819,-0.18623821074166452,L
0.0,0.0,0.0,-0.18118181063729139,-0.0993677129568884,-0.08966752496899334,-0.37308843598021596,-0.3035405372383813,-0.1615995153502905,-0.5402495658112892,-0.389387436183382,-0.2327999378680364,-0.6914063815388016,-0.39316865468831674,-0.30404338125759967,-0.26759631019653174,-0.901381443172522,-0.14843735521354734,-0.29854912649006776,-1.2965306523481857,-0.23043446340776766,-0.3117367692774018,-1.5761349812736316,-0.280641896266448,-0.3186957595280796,-1.8027528802125574,-0.3196680121141692,-0.12303298599018674,-0.9805701955864419,-0.15279062761146578,-0.0962103933061179,-0.7570237394909016,-0.2869848221348261,-0.09260576654594661,-0.4669200087345205,-0.3173691306647487,-0.09866926291782403,-0.26851137651030593,-0.3126181145004881,0.019169550694320737,-0.922281944829524,-0.16303327868024486,0.019073008009450065,-0.6193721238102977,-0.2678726142766785,0.004612057373821752,-0.3899963808175663,-0.24972017045599532,-0.006763485815939729,-0.25636371175657874,-0.21516914617134186,0.15421737277841258,-0.8114318099930173,-0.18504918921575264,0.15771951914872115,-0.6305068600753818,-0.24638449974046372,0.1201142741140966,-0.45511936985032847,-0.229121502136089,0.09480469662800095,-0.36050731876206943,-0.1992218862655171,L
0.0,0.0,0.0,-0.17754137376478185,-0.098519899009676,-0.09105808066626585,-0.37239417644451817,-0.3098041957381265,-0.1598237791226382,-0.5340928376948276,-0.39023524974548046,-0.22641226199132683,-0.6826134113653232,-0.3820005097684059,-0.2925548691077971,-0.26114748831107654,-0.9001172526217225,-0.15311786392481636,-0.28757445538537846,-1.2818583359223283,-0.2283375376799308,-0.29698934837903435,-1.551369522042851,-0.27390157729190256,-0.2992803733005798,-1.7786482590785053,-0.3110488251584226,-0.11454390789099707,-0.9812223406215387,-0.15518508765422004,-0.08856802344373514,-0.7278302360604286,-0.2677628067702551,-0.08895565234237816,-0.4477493638381268,-0.2876138416668954,-0.09590944715606389,-0.28057425733493985,-0.28397380450851484,0.028520076795371035,-0.9097194851944552,-0.16291646042702945,0.02527854092191916,-0.6056261250120606,-0.2545299795582484,0.005677382059468111,-0.38419721741338847,-0.22924234683936076,-0.006425445401726863,-0.2709234632353726,-0.19620078721631173,0.1628127705903959,-0.7890669688857002,-0.18312492165048438,0.1654901294365355,-0.6323373388901002,-0.23725537646781003,0.1179652293282405,-0.4529106987391008,-0.21299553497506063,0.08844413759305524,-0.35796320147237537,-0.18173932639676732,L
0.0,0.0,0.0,-0.18391477501548956,-0.09423859928662245,-0.09381407751815858,-0.3804020312216249,-0.30365802349907806,-0.16598327089697706,-0.5458385768942563,-0.3798965960839116,-0.23608888099384867,-0.6955103391896412,-0.35917941979696727,-0.3057771122309055,-0.27183739582045385,-0.9046848887922737,-0.15577979905438932,-0.2947521256565854,-1.3066151889808888,-0.23308851344359527,-0.303188753116908,-1.5846694369952166,-0.2800131552008949,-0.30834027004206715,-1.8132972482505503,-0.31839556187588636,-0.12531654231677047,-0.9793197941147331,-0.15883483584165564,-0.09364645587959453,-0.753123844809712,-0.27806352630115505,-0.08928555279700504,-0.46642883454021794,-0.29807543539001213,-0.09707056107762914,-0.29351250240934884,-0.2928366383131088,0.01986512593194571,-0.9100858553866922,-0.16814667489537263,0.026142543198355937,-0.630354303439065,-0.2629511246135132,0.009035088806571976,-0.3947446246941331,-0.23300338465908602,-0.005908362471890239,-0.2741342935173985,-0.19641792789139964,0.15575463060577022,-0.7921345051822813,-0.1905081220971873,0.16538077351950436,-0.6491253365858398,-0.2463898179419254,0.11978420615854111,-0.45711597426787676,-0.21892176020191764,0.08934154281010517,-0.3542830169003694,-0.1850151096641119,L
0.0,0.0,0.0,-0.1879838892220973,-0.10465319612428606,-0.09323125985908455,-0.38820646449449203,-0.3002292550133764,-0.16598594839801661,-0.5533407504959407,-0.37600760822856544,-0.23734630041104257,-0.7023234024001118,-0.3575292144201305,-0.3090285596957606,-0.28144601016302634,-0.9022873029190652,-0.1528419964553486,-0.3125567921211164,-1.291266290154376,-0.22870594540906536,-0.32431773960393295,-1.559934927375738,-0.2748712369232404,-0.3283357332360669,-1.7798914100441248,-0.3123819758680698,-0.1319309084491067,-0.9790034068267213,-0.15539164976750422,-0.11220094026255777,-0.7766930505493942,-0.2658823165967762,-0.10952052708138256,-0.5077168267240038,-0.2877582785500302,-0.11339845993331142,-0.33886086317854247,-0.28630328777316516,0.01250020578833663,-0.9139589616545011,-0.16420548044090147,0.006697750278401978,-0.6405268354138666,-0.24945359741303427,-0.00928121513827897,-0.4194128817040659,-0.2275855822677196,-0.021306746188701733,-0.29993797235954356,-0.19923009950365855,0.14633659738313998,-0.7973242223185754,-0.1863764590902731,0.14625978279899626,-0.6380630787520711,-0.2355957595034478,0.10085929974048025,-0.4614917358220302,-0.2148195755866363,0.07068998883933136,-0.36677213168882217,-0.18792355624349572,L
0.0,0.0,0.0,-0.21001076401804117,-0.08560448944403459,-0.09042783095043339,-0.41843208274394333,-0.2799566733779616,-0.16798466187051084,-0.5990506527906084,-0.3410711848364649,-0.2456570186052418,-0.7530130130986706,-0.30978520865169357,-0.3238543154975827,-0.31558683637092755,-0.8958787990829298,-0.1521924801053926,-0.3610837993024969,-1.3148705522668105,-0.23279894487756672,-0.38399183490920213,-1.5997938025588796,-0.28132739252424427,-0.39558102238520826,-1.8321362846547755,-0.32084456285365237,-0.16656256535298758,-0.9728024178238881,-0.16097318937956467,-0.17052996523324776,-0.7872262978056953,-0.2850858245454369,-0.1576179203537532,-0.4856338015596545,-0.3040579373378902,-0.14083132414624613,-0.30587056363066506,-0.29564174948688116,-0.02127451069885272,-0.9174731214617468,-0.17688031812129765,-0.04664678439677801,-0.6823158745432917,-0.2723905435208741,-0.05197010139231178,-0.43182384514338423,-0.2391562131516579,-0.03806837535363169,-0.3200679513470833,-0.19937775972777755,0.12066513442333986,-0.8149317430779052,-0.20531281327848486,0.09900117563033714,-0.7231221098580248,-0.2559924282350978,0.06401790444457162,-0.5344547895548991,-0.22311722657010097,0.061978987751779076,-0.44574643865971597,-0.1862900118587865,L
0.0,0.0,0.0,-0.2148320091880088,-0.08313656574592351,-0.08355221954637093,-0.4327849810168577,-0.2823387902234232,-0.15751428360248584,-0.6227256305402892,-0.34465673007177294,-0.23274369619573948,-0.77461683916545,-0.29782968579408237,-0.30966414054983504,-0.3181132079850425,-0.8894127562571995,-0.1508221577356414,-0.3655027057143514,-1.3350002718226897,-0.23275129169557504,-0.38663835083011,-1.6186130845155924,-0.28252629661295914,-0.3945930836206929,-1.8549807585680371,-0.32359663575893327,-0.16688766837090904,-0.9728121173790377,-0.16057736585906057,-0.2193225994939101,-0.7781528044587527,-0.27700352098498393,-0.19768300559845628,-0.4777170447015273,-0.2899558548434845,-0.16440050634256903,-0.31788180535991584,-0.2815362952997566,-0.02224009916620907,-0.9220074688821861,-0.1772012989364985,-0.08663994916909012,-0.6692116353889648,-0.26178416081744743,-0.07750275609882597,-0.42315763295133546,-0.22202946331813397,-0.04777405892646183,-0.3293308842666203,-0.1833873504728131,0.11561307990771587,-0.8234337557601343,-0.20684689153042715,0.06108292049348558,-0.7051113863298665,-0.25162676280254076,0.02950252667236879,-0.5104870335184135,-0.21514679593975955,0.03674450132574239,-0.4303180340174342,-0.17810910237476846,L
0.0,0.0,0.0,-0.21740845442186357,-0.07919275125987,-0.08973434213065275,-0.43848449113788873,-0.2564695381367841,-0.17190426063346462,-0.628338021034948,-0.3002980506005826,-0.25583372083397876,-0.7790198402213171,-0.2520432687684086,-0.34172871346954675,-0.32786653585390063,-0.893660097908483,-0.15459522483097413,-0.3735638118698943,-1.3329332524678263,-0.23309300362373683,-0.3945729489503835,-1.6126523027800737,-0.2809291277014901,-0.40152175172982507,-1.8451878688127294,-0.3208960145519343,-0.17911105383903042,-0.9696732151931668,-0.16629217098113339,-0.21558584492811864,-0.8034448534421521,-0.285932144369854,-0.1926905770466361,-0.5050307924749028,-0.30672648070022374,-0.15894862961433529,-0.32527738833785497,-0.30235213464760463,-0.03456796233404766,-0.9158894626476874,-0.1841340898850208,-0.081702199757458,-0.6923132558272679,-0.2754888072769991,-0.07648274672478993,-0.42040685049153675,-0.23971724107204131,-0.050788734804093794,-0.29246851419030384,-0.20030615079080064,0.10741500637205909,-0.8157111271515889,-0.21488357708175224,0.06708801675500872,-0.7618752728597148,-0.2654183307413915,0.03119776443711635,-0.5542084175685618,-0.22655308952126701,0.03257239407487359,-0.4439830096889177,-0.18532624445663756,L
0.0,0.0,0.0,-0.2360751430801582,-0.08037612102481301,-0.09384163344499723,-0.4565147655173162,-0.2238503035006468,-0.1835034372762557,-0.6441961955223912,-0.2582351035750449,-0.2746857772498751,-0.8003654214760436,-0.23963105284584946,-0.3681824110545474,-0.3267156316488691,-0.8738233227577042,-0.16783386061803313,-0.37495003183918335,-1.2910005045902175,-0.24324263764288234,-0.39346034194342777,-1.5709356392884684,-0.2933508401961723,-0.3998764952113191,-1.8028973929503633,-0.33710000545964297,-0.17705202815564125,-0.9682388340307233,-0.1765393429261576,-0.21654476873691475,-0.7396416992286775,-0.28092258807828197,-0.18508070488328116,-0.44652769474821186,-0.2981194904361375,-0.14686777780965174,-0.297171403500821,-0.2995262924751192,-0.033437003854142125,-0.9200863991651815,-0.19055757803948412,-0.0927648912538693,-0.6468500249391079,-0.2605798911888958,-0.07845743976042145,-0.3995236979824394,-0.22627714302235968,-0.049850156085405994,-0.31004665524901964,-0.20040139708693067,0.09983492001402983,-0.8250340981295641,-0.21929198012047146,0.048332989468280005,-0.707668065032022,-0.2651992721824797,0.022627509178447833,-0.511014779843827,-0.23351048191992332,0.0346020659071048,-0.426744728671726,-0.2024448878749062,L
0.0,0.0,0.0,-0.23341000395577635,-0.07128029205672193,-0.09069837024758226,-0.45421678731427384,-0.2044570122439931,-0.18489641680226376,-0.6421920551059016,-0.2216907249200361,-0.2830242478365819,-0.7983973066603627,-0.18524836286886492,-0.38500483761320625,-0.3254390229434066,-0.8696753836168908,-0.1660788783416135,-0.36455209632295105,-1.287022411126815,-0.24400375690132087,-0.37827895563957953,-1.5681051019477812,-0.2984338837951582,-0.3818317431819598,-1.7999766605268674,-0.3468889382195798,-0.17663628648389315,-0.9675081982806638,-0.1809074585440953,-0.22487580583024902,-0.7401160386302817,-0.2942800171567739,-0.19728848168004096,-0.4458583981936002,-0.31873233331957046,-0.15766570208748587,-0.29760757143499994,-0.3232649529450358,-0.034170368757678156,-0.9222609295434413,-0.20034623059790746,-0.10091506829130625,-0.6469605829020044,-0.27155349721337263,-0.0838928393916588,-0.40018279902943327,-0.23387097051423694,-0.04858997151385588,-0.31525422542085163,-0.20546181504608166,0.10078216227967951,-0.8245841045669987,-0.23503555944111632,0.04164947968564227,-0.6966189322145862,-0.27800882380703823,0.018050501726443874,-0.509149173604023,-0.24232565820122967,0.0337364422881389,-0.441594913241679,-0.20822811086242202,L
0.0,0.0,0.0,-0.20473808514855457,-0.07491398021437362,-0.10035252605721794,-0.43650930890210454,-0.23786731920278428,-0.18860962911520127,-0.6195360695829546,-0.26719066280830683,-0.27678785226453034,-0.7737552771322382,-0.2253365886906935,-0.36730163543123623,-0.3431498036736024,-0.9033370915758818,-0.16687625252013155,-0.40248714981490114,-1.3304928439893045,-0.24576242987500266,-0.43833423039425456,-1.5935819600079437,-0.2941898843105626,-0.4623586309412391,-1.8124387670792843,-0.3337307632286941,-0.19015133995274908,-0.9658444645284793,-0.17603107184207276,-0.18894608175055755,-0.9027736530211906,-0.2811575684085847,-0.19803423842954546,-0.6612231371775917,-0.30838397954106134,-0.2112708752577251,-0.5251192534429431,-0.3171347282483446,-0.037144299577363454,-0.9133343736352932,-0.1917498163159397,-0.03918506687524298,-0.7630232616678932,-0.2824449897699936,-0.050222744777502916,-0.4925670376464141,-0.26424086184488876,-0.05455943484559783,-0.381604425471178,-0.24170631255231068,0.10997057913433357,-0.8178893119130207,-0.21932374574725197,0.10936830739384333,-0.8036299090318646,-0.2693524288259364,0.07212466156814742,-0.5927261622362026,-0.23830566903025457,0.056930165102567154,-0.4928893769125862,-0.20876783461129844,L
0.0,0.0,0.0,-0.17558944195558202,-0.09594568678568169,-0.10391568519038127,-0.3771349139864697,-0.28394728127532637,-0.18617766252522872,-0.5525025114738839,-0.3079169396218212,-0.2670218582307756,-0.7002129682304916,-0.23151743249921655,-0.3493194505811006,-0.27989180074146175,-0.9113641238933218,-0.16533289149206784,-0.30765213551791176,-1.3198809381391508,-0.2368829035434845,-0.3234824203391763,-1.5834535324906704,-0.2794496376164638,-0.33431847703074274,-1.8043777779850392,-0.3156146898587461,-0.13151035538851003,-0.9772796614977125,-0.16622120697583703,-0.0976142935898012,-0.8097309450149173,-0.2694126244671984,-0.09464803302669542,-0.5560208829111493,-0.29228127167307144,-0.10865196507979484,-0.4158735950416512,-0.297681741120119,0.011974827988207057,-0.9138337346993098,-0.17322166714213919,0.03593607624728158,-0.7038379432083008,-0.26313915385097464,0.021845315724059067,-0.46853983546416944,-0.24178301540771052,-6.205280718221298e-05,-0.3532123066695965,-0.2164002918998603,0.14762453748512472,-0.8080218788713164,-0.19359980617953218,0.18488258855501344,-0.6991078372835322,-0.24940207159872474,0.13833911907413357,-0.4857305087505825,-0.22400079475612636,0.09553791119562716,-0.35954464789776236,-0.19580824967617091,L
0.0,0.0,0.0,-0.15967888121422194,-0.11814390287252224,-0.10419598484820879,-0.3519326086006797,-0.3086470728092856,-0.18832181214506832,-0.527676382476453,-0.3296128869403571,-0.2710895573264028,-0.6833129511450853,-0.25558869496537745,-0.35698513089772776,-0.2596956315336992,-0.9252737413308757,-0.16906151274820044,-0.287296711489943,-1.3437241077183855,-0.2500500992118292,-0.296839601631181,-1.6107196277562728,-0.2982767752218731,-0.3032704911300454,-1.8387352160614652,-0.3357470052927767,-0.11360880360942135,-0.9788717183469242,-0.1700094078660822,-0.061411774930690284,-0.8690681964152628,-0.29426052351230564,-0.05893391178346432,-0.584948794650737,-0.3224798703998106,-0.08472072368103063,-0.3951893718589847,-0.3215850960002611,0.028590535399698868,-0.9137736338792632,-0.1768870137764995,0.0630125325255713,-0.723967626986319,-0.2794067318492066,0.04204215132575544,-0.4638465729990872,-0.25901522661273213,0.0062068747769559425,-0.3112208444001421,-0.22601044800657874,0.16241706727987362,-0.8056496514783222,-0.1963705286582456,0.2053568759673234,-0.7056418069428965,-0.25534918344331436,0.15589095439769035,-0.482628186503192,-0.2291838899956531,0.1041889959708426,-0.3425290140561432,-0.19679951913423469,L
0.0,0.0,0.0,-0.17006132020781925,-0.12576810150548287,-0.1086400622586688,-0.3559614092166072,-0.3355868578733429,-0.1942286776916316,-0.52411370848146,-0.4002189581061393,-0.2781834127689358,-0.6764505615152545,-0.3542499441599412,-0.3644191008998009,-0.22233085781953907,-0.9453108609167817,-0.16309942055365595,-0.22883236716105407,-1.3665402533752151,-0.24643845121795582,-0.22689933769023857,-1.6385143445124373,-0.29563978471531305,-0.22077190407787595,-1.8690435429608017,-0.33375969636814673,-0.07010673054031177,-0.9840738867185806,-0.1633512528618437,-0.0265522885377867,-0.8786142559416157,-0.29470288049758575,-0.035643060444657086,-0.5764875116998384,-0.3228227544144289,-0.06043289438567944,-0.37066514628193253,-0.3179178693380354,0.07356510181380176,-0.9032047047751681,-0.1711770611668784,0.09768749868062132,-0.7213979554383152,-0.28411260453705933,0.06122288927823533,-0.447830841315149,-0.2619196072802972,0.021271555674232914,-0.2862335561110176,-0.2229481503007137,0.20577366240426923,-0.7800889739653867,-0.19153957966463736,0.24458287604059678,-0.6923997695443287,-0.2586577343746191,0.1827236464480393,-0.46793901232561214,-0.23216673903679935,0.12802284524947524,-0.3326804540877343,-0.19609542647663533,L
0.0,0.0,0.0,-0.18281709276746078,-0.12490322218983645,-0.10176392824438064,-0.38138717460247656,-0.37084296578470577,-0.18370630286046427,-0.5618828724211833,-0.4691478321697703,-0.26512414389267563,-0.7221219571593629,-0.4401107599121732,-0.3498368660985825,-0.24445481660819537,-0.9649674074449763,-0.14655663574623945,-0.26260455146498535,-1.4203170771563427,-0.22822195949617818,-0.2571380566142081,-1.7020472427672115,-0.2785075085647193,-0.25127026331331315,-1.9275665404280655,-0.3176687455207783,-0.09034467596658356,-0.9842828713469246,-0.15174013542087866,-0.06901179762381435,-0.9521252434350179,-0.2849961179312206,-0.07072400434431642,-0.6303519967280494,-0.3119499971641243,-0.08732622438276268,-0.40782991987674416,-0.3042273643832015,0.05724700336724529,-0.9086633940748883,-0.16549691014157542,0.06503342051191383,-0.8140831172803654,-0.2756106123677001,0.041661896954051404,-0.523784309350195,-0.2465098171069765,0.016726904816831444,-0.3567452407829572,-0.20412518409868796,0.19590531286074817,-0.7898689896984945,-0.19072893369659463,0.21373351807248972,-0.7659047225583482,-0.2505180615003135,0.16011219097750023,-0.5387408375794431,-0.21389371798793427,0.12312769131023324,-0.4103579773912469,-0.17255393360481447,L
0.0,0.0,0.0,-0.20633295681751324,-0.1117145871083508,-0.10657982623578804,-0.42452902542686854,-0.2956348683009805,-0.2030141853007399,-0.6176148696853728,-0.3522211251558048,-0.29957355778863565,-0.7767615619530425,-0.3182522043727027,-0.399249521267401,-0.3010872706780303,-0.9342389691943157,-0.16726093551279114,-0.3322864534139164,-1.3993618360867697,-0.2511298098387618,-0.34253485629851893,-1.6913441976131702,-0.3050563801502837,-0.33979215823761255,-1.9249818349181824,-0.34804477985303967,-0.14070219665203532,-0.9746594074449434,-0.17390207398522856,-0.13289731546605144,-0.938938965346806,-0.290241723614284,-0.13526095757208584,-0.6382982265527872,-0.31236396745960837,-0.14027947980183772,-0.4401737661297505,-0.3098188287482184,0.007499006845435974,-0.9123149979091559,-0.18960478631013553,0.013343116914071413,-0.8457981200271839,-0.2781030644390165,0.0002699037165580846,-0.5787879300774941,-0.25156246512429453,-0.01028139662936564,-0.4364606054409257,-0.22139139104218636,0.1432610724206903,-0.8128338959831078,-0.21870623047508436,0.15243879107674077,-0.8359548207906874,-0.2711328877845481,0.11282570727973285,-0.6410379477344669,-0.23971493543465494,0.09016346994634065,-0.5214284288435233,-0.20667267684293192,L
0.0,0.0,0.0,-0.20929803089481475,-0.07243194746861141,-0.08851632940348879,-0.42783501775716476,-0.22235808559010967,-0.16592984537464062,-0.610100772853589,-0.24634053861159874,-0.24333754202084515,-0.7554897943280895,-0.17734323412317973,-0.32116459514010315,-0.32938857032837493,-0.859494638979824,-0.15143397264473069,-0.3773002043577828,-1.2664853458833205,-0.22194846349550976,-0.3980139053185309,-1.5412613404577686,-0.26899596062715875,-0.40925944046388196,-1.768332947827532,-0.31026769378093033,-0.19309726389069357,-0.9685898815423043,-0.15667510348422445,-0.24726205098669254,-0.7284293638032286,-0.26018472869401904,-0.21507313773436684,-0.46790071224406504,-0.2793428226049884,-0.1722601961616773,-0.3162373924519729,-0.2782901162140185,-0.058473511667272986,-0.9383841825495619,-0.16721474064054695,-0.11638977003469843,-0.6170401535686716,-0.23461124156548094,-0.09721534988711407,-0.39403532704188354,-0.20230144406744935,-0.06500073522473253,-0.3009289316751548,-0.17244940231830508,0.07474857911137384,-0.8567700558647204,-0.1924244651983512,0.01973424358843749,-0.6767851840861627,-0.23172954397833695,0.006761573687332528,-0.5199119548265652,-0.20378902999902349,0.022531257950062212,-0.4675967346578589,-0.17230233476110474,L
0.0,0.0,0.0,-0.20009394854845142,-0.11680562443627308,-0.09611085278734685,-0.3975169047736311,-0.31553182826666953,-0.17870633329654634,-0.5645459348453774,-0.37255764967714844,-0.26119708351795207,-0.711145842697193,-0.3540677256155944,-0.3461088292771375,-0.239012543801175,-0.9397335332285369,-0.16130522085360055,-0.2408144037017948,-1.3529602207802627,-0.24074777776096185,-0.23986566470280765,-1.6231199087659187,-0.2896845956660817,-0.2361967712455882,-1.8446245308756584,-0.3298980099240489,-0.08491270419530278,-0.9825794614185939,-0.16531011664319545,-0.08813079440579645,-0.8212563962036038,-0.2787870642546111,-0.09763351937354572,-0.5496274820286439,-0.3015855815031212,-0.10079117173005116,-0.4047446406703601,-0.3015048191655856,0.055091810082854964,-0.897019305436723,-0.1759081085786963,0.019466852358110336,-0.6364378897363016,-0.2596180318253188,-0.004631388833420356,-0.4009192402330367,-0.23564960234909402,-0.011811315681472033,-0.3085066042836773,-0.20799897406719714,0.18164912736300803,-0.7654364001859426,-0.20030405694185474,0.16055992455119822,-0.6109962593798157,-0.24978912849539692,0.11183686608954518,-0.4245337530782809,-0.22670711148123393,0.0894349440685354,-0.3440104607860649,-0.1988181849723363,L
0.0,0.0,0.0,-0.2912966219012072,-0.18005308917439544,-0.0593529571860311,-0.44988295056144445,-0.6980719759391661,-0.06592277850260578,-0.35034155418335183,-1.0485375964879917,-0.07303036448970858,-0.20341910352124704,-1.175456668545877,-0.06418480325919891,-0.4424772269836039,-0.8883143569705122,-0.01687335056488962,-0.453880128375949,-1.302644778790566,-0.107083285445449,-0.3824698239102728,-1.0390758964770188,-0.14875749187311652,-0.3611380607188988,-0.7828226939804676,-0.16470861088575928,-0.26089872271653297,-0.9649943393185976,-0.026791445797958145,-0.2886439518358899,-1.408929892644384,-0.12395459464799378,-0.2277536006858059,-1.0212164885122808,-0.14466629074612114,-0.22389770549453913,-0.7785541551507307,-0.13377268656633975,-0.08715388900600732,-0.9634866870315516,-0.05139615537325069,-0.11206690708622259,-1.3576870677795507,-0.15089099270504908,-0.08959176576017394,-0.9693951427317912,-0.11831808920990411,-0.09890084227969935,-0.7550624347948087,-0.0748754332254216,0.08964669382065903,-0.8891442899043093,-0.0816901677644235,0.05460532397049894,-1.080812750953772,-0.15553868203687193,0.04810167764470458,-0.8234383055110996,-0.13104832479272452,0.03674031389013923,-0.6837726441334804,-0.10033032789487202,M
0.0,0.0,0.0,-0.2975604195975654,-0.16703244806343734,-0.06785508832031312,-0.4535464278644315,-0.6962093049902607,-0.07356607122924928,-0.33845233733526464,-1.0433886572065108,-0.07845900055295349,-0.18891609796388953,-1.2038922508805356,-0.06767968241808779,-0.44067741429917356,-0.8886320815039209,-0.018080979686643482,-0.45706503861153064,-1.3048716619419425,-0.12009540589039322,-0.3858273231237902,-1.0442966141753205,-0.1694044135581184,-0.35848621915683965,-0.7808840621346875,-0.18681758248156316,-0.25831819751377033,-0.9657364144293425,-0.024997733465135362,-0.2868247719174572,-1.3925556915033184,-0.13711270508982423,-0.2300719115076212,-1.005102537120281,-0.16549214435903944,-0.22397511365868464,-0.7650938801676384,-0.154594527506183,-0.08430180660467117,-0.9640617444089369,-0.04895200332281603,-0.10554555773676291,-1.3678065105397812,-0.165176079876315,-0.08730816534552861,-0.9673863875762078,-0.13623758767863287,-0.09342189026509395,-0.7545422103207577,-0.08934305493733481,0.09291158070958012,-0.8897001519113014,-0.07882034841827196,0.062101259742611145,-1.0784458691970584,-0.16747108541132158,0.05192781280174762,-0.8089327731525137,-0.14656389855445762,0.04279302201438507,-0.6737032383779991,-0.11339456656666691,M
0.0,0.0,0.0,-0.2946416787652248,-0.1723788286757838,-0.057843427428517516,-0.45125207958078717,-0.6901076153460991,-0.06314474856500882,-0.34109509218310274,-1.0405032011557513,-0.0703824388726841,-0.18430501095479077,-1.20092305097173,-0.06193952239940968,-0.4272452627490993,-0.8976606367717149,-0.006815782843414138,-0.4463838896771649,-1.3224355040799998,-0.11094037781964351,-0.37896925643933715,-1.0576960377794469,-0.1625202804942418,-0.35557688495046835,-0.7919502490424338,-0.18060340763419083,-0.24186721494562616,-0.9701158521968483,-0.01937740051784485,-0.2762699872650575,-1.402132316670457,-0.13156258576099436,-0.22057802931769352,-1.0082299640869572,-0.15871449307789984,-0.21477079201514598,-0.7640426012843448,-0.14627503204572098,-0.06651763273736185,-0.9620302336231173,-0.04883266321166446,-0.09711712293481777,-1.3705707934362514,-0.16211018307793504,-0.07903583534667633,-0.9698644117440613,-0.12738480593007442,-0.08277997149815228,-0.7523745869618781,-0.07620949953590112,0.11357119555258278,-0.8818487604497522,-0.08371015815435752,0.07230833159318205,-1.0881450000804185,-0.1654227253362669,0.0624166585742943,-0.818139019591505,-0.13676765015921058,0.057850085088953666,-0.6777746994026621,-0.09833011002224411,M
0.0,0.0,0.0,-0.2880837691790991,-0.18098555959813128,-0.05540995675629008,-0.43693137094832946,-0.6958713779885308,-0.06174836853679793,-0.32610779279837926,-1.0281282216169374,-0.07045838185266654,-0.17488629251184443,-1.178376663466264,-0.06350908492303417,-0.42683037345800284,-0.8965034507950542,-0.012416589392733634,-0.440185655670727,-1.316946335492484,-0.11493309355748124,-0.3736480962529744,-1.0510332946060537,-0.1625293002949538,-0.34919062547082347,-0.7837723692007358,-0.1779457984322861,-0.24461359706177155,-0.9692555659688082,-0.026605186918843355,-0.27248918383380905,-1.4076596255581446,-0.1362896387156371,-0.21745235874562094,-1.0165629476971498,-0.15828097832089805,-0.21096695735885468,-0.7698558132012434,-0.14325888879048396,-0.07040772834941475,-0.9591901479961686,-0.057326626580760126,-0.09477114784837745,-1.3576611635656763,-0.16734110253749485,-0.07639805040092346,-0.9650547005898069,-0.13309659247995625,-0.08091030551223993,-0.7527870222587659,-0.08384403335574198,0.10891221336257714,-0.877136609144295,-0.09325117853675624,0.07168610869421621,-1.070111776677419,-0.1714171465562385,0.062221405369036725,-0.8108638275325855,-0.1447810681268783,0.054518853505116475,-0.6783028189371472,-0.10976615118732962,M
0.0,0.0,0.0,-0.2948043436365655,-0.16674599467667317,-0.05907029701162215,-0.4539391001706421,-0.686600678340597,-0.06339954637618929,-0.3503902500716958,-1.0527283113086732,-0.06835212463469542,-0.19610976898458823,-1.1967331323770787,-0.056268237241473576,-0.43352010094305266,-0.8954436732704726,-0.0029053997967328476,-0.44383051611116786,-1.3103700484352432,-0.10108071472016412,-0.36556108215896554,-1.036555442202777,-0.14786346632988226,-0.3429649310416233,-0.7792573483607672,-0.1639024967052818,-0.24959780435272375,-0.9682497093980368,-0.013908138369910544,-0.2774250939829623,-1.3982455823590167,-0.12267468051628452,-0.2115605963719506,-0.996710128979033,-0.14706270210424358,-0.21218060590485752,-0.7574824795693196,-0.13240931521964677,-0.07457059274958343,-0.9623123015838103,-0.041425773271439134,-0.09935813280583573,-1.3669663666237983,-0.1534039815041221,-0.07286382179767309,-0.9652289425562602,-0.11752492523352794,-0.08575002623194412,-0.7497640448213038,-0.06484102579415567,0.10315495840559571,-0.886089373658506,-0.07427843156347305,0.06668996730430556,-1.0877599665492201,-0.15606637948598454,0.06011942953932132,-0.8171393445899436,-0.1269069836018783,0.047487817042921106,-0.677253915989949,-0.08742124310617577,M
0.0,0.0,0.0,-0.2909698907651911,-0.20190538071895275,-0.056920873619617895,-0.4385334527655235,-0.7176474896439534,-0.06424140092817858,-0.3196973997451907,-1.0553104378800264,-0.07193396465501353,-0.15085866587883523,-1.1665500546310705,-0.06287895248938924,-0.4257012312180553,-0.899975657745217,-0.014420510215584378,-0.42672855409337834,-1.3055290327324371,-0.10882280050934601,-0.35075761653409043,-1.0260733767538666,-0.1538445235164128,-0.32922438116178626,-0.7734955006741806,-0.17173646432327824,-0.2418413931978767,-0.9699012796005707,-0.028359273003470985,-0.2662136010920402,-1.4186748128345474,-0.13040872898413025,-0.2029359910274768,-1.023925724038908,-0.15163487186592844,-0.19933077261700988,-0.7880402009666206,-0.1389869606033171,-0.06721403737003444,-0.9613805266962582,-0.057262244450063775,-0.08871878165459628,-1.3526178149748935,-0.1581281174655514,-0.06594371839060167,-0.9593897119402656,-0.1197780946025751,-0.07530386257224482,-0.7501317129144343,-0.07062807890153469,0.1111396239911795,-0.8810841489027103,-0.0922982949377272,0.07529509608370874,-1.0730302507391314,-0.16226925597597852,0.06750059196405787,-0.8089710142048353,-0.12973328987667723,0.05740954180071823,-0.6781467881113996,-0.09272069585996419,M
0.0,0.0,0.0,-0.289974552336091,-0.1896636567946356,-0.06200700092374603,-0.4435950598413238,-0.7209312196261464,-0.06960934329465748,-0.3311608271716102,-1.0807216446058503,-0.07712536160629038,-0.1736680493547076,-1.1879875767448291,-0.0669168838485399,-0.4267988053496011,-0.9037051847286884,-0.023583194862300105,-0.4184209006323675,-1.316730384559425,-0.11866561667293495,-0.35011910383962264,-1.0185350304155762,-0.1579649799820386,-0.33519322689363895,-0.768377398833636,-0.1716036310751626,-0.2447528512776599,-0.9689411361268805,-0.03534284245226763,-0.25803726419924244,-1.41889625000576,-0.1422397800783965,-0.20368598565880008,-1.0111181772969402,-0.15904722918418107,-0.20749112267815442,-0.7820329708180608,-0.1416892234561073,-0.06715227673006498,-0.9594214151673967,-0.06230579050382462,-0.08392817112493796,-1.3618330891058623,-0.1678660916408728,-0.06563930142497246,-0.9560215541299302,-0.12489815356674959,-0.08081775362647078,-0.7532977206155034,-0.07124255752474812,0.11040179975850818,-0.8832914362723618,-0.09587152527207154,0.07840205564889079,-1.072035724639653,-0.16934825166424677,0.06562939651299149,-0.8029705790636029,-0.13704618419084924,0.05191384478379303,-0.6735972960877743,-0.09930845234734183,M
0.0,0.0,0.0,-0.2862565858881727,-0.16871303167821441,-0.05896140996254124,-0.4363548536818772,-0.6750833847586405,-0.0626280235953492,-0.3444167499290085,-1.0376795408987811,-0.06485654840597657,-0.19708233125898414,-1.1833803395656775,-0.048864980814587754,-0.41471343497041313,-0.9187424032100839,-0.022636860610950063,-0.41931692401701126,-1.32159926834923,-0.12225442931358318,-0.3538859850705658,-1.0357297585021006,-0.1627962553735802,-0.33952274810603544,-0.776287447007841,-0.17410381023717136,-0.2323800450797206,-0.9720807135489916,-0.03253614904733274,-0.2543100562753644,-1.4055038297038445,-0.1411653725509902,-0.20263609061470658,-0.9954660319010744,-0.1582398649221604,-0.20560239340124287,-0.7626657171580806,-0.14058153514181185,-0.056229996057291017,-0.9519944571881124,-0.05801095533965708,-0.0739713013204811,-1.3609272639963235,-0.171611871059226,-0.0623444807339864,-0.9568143905978453,-0.13079975530003388,-0.0757157496160128,-0.7549647968007657,-0.07703866348707988,0.12129635381412149,-0.8613879389088261,-0.08839683176638512,0.09570681434950568,-1.065015586114852,-0.17443173442041893,0.0755972401548287,-0.7928291183039985,-0.14717642720387294,0.05662585057694068,-0.6610531813262339,-0.11022915666933561,M
0.0,0.0,0.0,-0.2882942937472733,-0.16342768078350736,-0.0537208940520227,-0.4367775911749395,-0.6863560547136297,-0.058289472936690005,-0.3309826389694374,-1.0526940492672743,-0.06147102983334096,-0.16589602873887244,-1.1762596208081788,-0.04836743750207018,-0.42984692767464133,-0.9093694981343283,-0.04628662634376364,-0.429784125545836,-1.3414721156630007,-0.1415593964042707,-0.3663581809521891,-1.054260177354356,-0.17450493933201733,-0.35471062899197925,-0.7803910279336945,-0.1829098232281073,-0.23981217177617456,-0.9690273149996578,-0.058959181240487275,-0.2592110204108481,-1.4248303064361965,-0.1686887157284512,-0.21153579364823882,-1.0000046052161906,-0.18293526650127284,-0.21789030369007775,-0.7532969559538477,-0.16567482684783635,-0.05301340771105901,-0.9533834168609184,-0.083788079088341,-0.06971933470655926,-1.3725893088361132,-0.1976680606536196,-0.06704547799934472,-0.9481817744692909,-0.15391586419149259,-0.08542126874111423,-0.7392578764994007,-0.10087088894833461,0.13185082649353644,-0.8667846082047049,-0.11260340076387716,0.09791384577373095,-1.0670469991824245,-0.19628126208277463,0.07127340702784377,-0.7767863539602587,-0.16637201108298594,0.053182468798869675,-0.6404345213245788,-0.13118042466613772,M
0.0,0.0,0.0,-0.2996795676057374,-0.16274623805956837,-0.06483874579020624,-0.48517173631904237,-0.6467121118796615,-0.07967938332674555,-0.44345607095614314,-1.0185066124913333,-0.09324195505300426,-0.30807650154037847,-1.1309887651193498,-0.08707356911040831,-0.42009625164721676,-0.9381396572413403,-0.029528398867309433,-0.41292545141209785,-1.3041022156287096,-0.13713845233024857,-0.34895776045807114,-1.0076771344879352,-0.17983601253137455,-0.34185023924095703,-0.7598177408928685,-0.1912603920603718,-0.23633206581518656,-0.9707034234158265,-0.04338223641446984,-0.24926098275360226,-1.3723204212272038,-0.1640728085162246,-0.2031735864455121,-0.9558881890835526,-0.18510909282231286,-0.21475830363782514,-0.7378158180871887,-0.16573735829097672,-0.0609730319720838,-0.9430143331088553,-0.07299297746849398,-0.07205699572321576,-1.328924574665462,-0.19781230432394345,-0.06161157479013255,-0.9179700866063718,-0.15425865399895747,-0.08531079974108483,-0.7277492494567057,-0.09272206039371456,0.10878704148573436,-0.8442308551707419,-0.1077682562933276,0.09597865601018502,-1.0302613064398023,-0.1971264392099625,0.07412547998708797,-0.7529778543103463,-0.16337403420863555,0.0444076260119619,-0.6235722624904663,-0.11748029292561375,M
0.0,0.0,0.0,-0.3095669692200031,-0.19589887685413213,-0.05267694745860232,-0.49737112955755264,-0.663799618519936,-0.05581041247549934,-0.46995968130012633,-1.0617636472131147,-0.059618555592966326,-0.3386490122858049,-1.1804830979303105,-0.04212185644712224,-0.4218605180869828,-0.9402244515537822,0.01687014335060082,-0.4062333360606365,-1.300806182729546,-0.08255869792597592,-0.3337388328891879,-1.0184525182679758,-0.12890924818385277,-0.32842031630252366,-0.7728464622306385,-0.14380723953979332,-0.23598384074309667,-0.9717532313438506,0.0026989407036203997,-0.24550814822684644,-1.3717215630050776,-0.10996535349337823,-0.1904557503268432,-0.949263464939099,-0.13450646825378923,-0.20557052532262057,-0.727471737895154,-0.1181930329246274,-0.06697250265976429,-0.9506985332662936,-0.028287711761296498,-0.07569711557950483,-1.3371724299618668,-0.1485002929615718,-0.061013408817888574,-0.9332720384709264,-0.10525984763591234,-0.08582502813828076,-0.7264176199578691,-0.04245647607373735,0.10013380960601732,-0.856749210867282,-0.06379622794884844,0.0844061180231671,-1.0589675918530967,-0.14803427232373542,0.06790584480844356,-0.7867526577363567,-0.11203359608137228,0.04137269123142053,-0.6457410363773999,-0.06401056389342301,M
0.0,0.0,0.0,-0.2956814019210564,-0.2124718465368408,-0.058494270385792003,-0.4753142086775542,-0.6635248076709626,-0.0721802403362211,-0.44299776266074414,-1.0333771766959003,-0.08619728149642054,-0.3236099411243664,-1.1767877871818104,-0.08016314555278606,-0.3942149110922014,-0.9601372056797526,-0.009177860366522288,-0.3782133318699865,-1.3046776315765298,-0.10911831617427059,-0.31536558789030644,-1.020957044039759,-0.15591987070253183,-0.31127081721871624,-0.7818671729945347,-0.17324615458529627,-0.21255003408706608,-0.9768722969710909,-0.023302326493541487,-0.21847724150276687,-1.3699318593829881,-0.13352510742427565,-0.1718054537903058,-0.9721101109223202,-0.16305357784621438,-0.1848813139939547,-0.7531986732643506,-0.15613582686573987,-0.04462198420500952,-0.9430267604101851,-0.052713933312503146,-0.05059325608200565,-1.3115160866781033,-0.16731785563377832,-0.03830491378114091,-0.9291367824155311,-0.13327301302909064,-0.06170099324304312,-0.7318067207341671,-0.08266736381734568,0.11759353816729115,-0.8320356369222238,-0.0873665262673201,0.11208601787685438,-1.024277865438415,-0.1711525720951477,0.0876321226581247,-0.7711896017026059,-0.14304139376034072,0.04937825916750886,-0.6359694729599648,-0.1038309754510113,M
0.0,0.0,0.0,-0.2759277046439913,-0.2543952291572689,-0.05235780674878211,-0.45214015824019166,-0.6746428576092771,-0.05949308399549444,-0.44880187627135626,-1.0345987942078994,-0.0657481867790574,-0.34704497966504805,-1.172375375728698,-0.0483678115276303,-0.3813477213311459,-0.9704082301990639,0.01071812508402954,-0.3630304913042782,-1.3247869191295507,-0.07131207493662872,-0.29913516059624196,-1.0512361549013323,-0.11120353953025364,-0.2965790974924497,-0.8073115227809664,-0.12891027217729462,-0.19056725618483358,-0.9816732682707764,-0.0013096689491827551,-0.19368146504128683,-1.389606517475692,-0.09538384199418623,-0.14677250587445442,-0.9818261811947414,-0.12697472184244313,-0.16382867958521252,-0.7669865106653535,-0.12897527035512124,-0.024052415288760863,-0.9427149663388085,-0.02745793252004147,-0.02437888302340737,-1.3175477279769712,-0.12438222988265302,-0.021877412277904615,-0.9414780827584589,-0.09129720675570172,-0.045609878322561,-0.7456952193286862,-0.04974375199573416,0.14085534608492967,-0.8137498902100807,-0.05904537912686055,0.13234980234267513,-1.017310670875354,-0.12551834846337376,0.10339901301535377,-0.7722273770611431,-0.09497124191315888,0.07331346312617458,-0.6462254980913116,-0.061264831792623826,M
0.0,0.0,0.0,-0.27513639441199556,-0.23207353004986364,-0.0567877947664109,-0.4526337708242262,-0.6693368772410021,-0.06471170816051743,-0.444644610333183,-1.035876814355274,-0.06902064350469868,-0.3347387157706743,-1.1911824236715411,-0.049923182709573515,-0.36770518632349075,-0.9685791450526224,-0.01336749042896713,-0.34905281977731156,-1.3247184693863479,-0.10236490864372001,-0.2868134835067467,-1.0502201104089062,-0.1375866253155883,-0.2881738869560622,-0.7931025070046046,-0.14877725631471098,-0.18072634116596076,-0.9832513922284118,-0.02355184259573955,-0.18033765446615632,-1.39357426419736,-0.12494579322490341,-0.13682934109061845,-0.9785444449471916,-0.1475623231875449,-0.15322391903911578,-0.7544316942315704,-0.13978027756696423,-0.015498814580519622,-0.9419322120807713,-0.0475882624055446,-0.008058356454290748,-1.3128989339141302,-0.153028702922825,-0.009392000527194197,-0.9274575518156613,-0.11297328669623888,-0.03504397123063078,-0.7342070115986301,-0.06414774670053625,0.14671814701019137,-0.8094687037963012,-0.07666483356886074,0.14489040051222357,-1.01115358322105,-0.1579291150895703,0.1130659336497227,-0.7540911203499615,-0.12979183351476586,0.0792042403223914,-0.625139036903572,-0.09444678551240722,M
0.0,0.0,0.0,-0.28187169009174456,-0.22714830142775622,-0.05393194781306438,-0.4569146466960525,-0.6882231834141669,-0.06499024711453143,-0.42583982987334235,-1.0729649065361315,-0.07601807927169531,-0.30814894157666506,-1.1845438896731981,-0.06616154902027305,-0.3695611595403332,-0.9765745320112481,-0.008272036558638023,-0.35166055749354064,-1.326976383114579,-0.10236001484759788,-0.2918955254462123,-1.0359722197822006,-0.1415457479541655,-0.2881825393119464,-0.7957124275455398,-0.15522051021358008,-0.18386767333722828,-0.9826718470307059,-0.023424767977834632,-0.18315452910358118,-1.392003546924943,-0.12699003780478796,-0.1429081047390791,-0.9802946086809154,-0.14731374510224907,-0.15715189950901734,-0.7621384697067142,-0.13585942831964878,-0.015081841511811087,-0.9332229985667055,-0.0532794694162626,-0.00894089242834433,-1.3147851619869142,-0.16209531266654198,-0.011087142951787058,-0.9220158619388937,-0.11873274287182525,-0.03773664754528433,-0.7266647938060966,-0.06381966108015245,0.1471866974280617,-0.8010731450219456,-0.08834556310432885,0.14462974127713427,-1.017969077684987,-0.1662286857362446,0.11210600081642526,-0.7585618400224764,-0.13223303705342884,0.0781998786653311,-0.6221966631815469,-0.0909471078144155,M
0.0,0.0,0.0,-0.2861055770072109,-0.21606285677027978,-0.06507707488546416,-0.45932263267373413,-0.7038080289053776,-0.07807817080788976,-0.41522589073390936,-1.0864765951146917,-0.08978098462552644,-0.2876692530522962,-1.1760099109750914,-0.08118178492192366,-0.37487173535229557,-0.9638361764681951,-0.01379935315480027,-0.35251588183191557,-1.312398287931504,-0.1068759049757648,-0.29367344582489746,-1.0172418415094977,-0.14659124784992017,-0.29157292113935485,-0.7801267333239524,-0.16180601105975095,-0.1921015753035245,-0.9810993754996205,-0.023259410142111855,-0.1920635945417059,-1.3859551714215241,-0.12985319682532454,-0.15154108471940678,-0.9826902576223204,-0.1528652622846078,-0.1665744628548432,-0.7675149654633336,-0.14161260298819758,-0.024301222753387065,-0.9421844485605373,-0.04830975544135538,-0.020467051379443293,-1.3216098348244893,-0.1604528622427427,-0.01709565269205533,-0.9358465099447214,-0.12379193189733091,-0.04414549738584722,-0.741624207422772,-0.07179078061288967,0.1361489095999818,-0.8241049537375347,-0.0795209010227867,0.13462940976013238,-1.0239100241961618,-0.16326732760489954,0.10369313647400799,-0.7681442070208391,-0.1368647804823766,0.0666915240824254,-0.6326420478401941,-0.09958212560523598,M
0.0,0.0,0.0,-0.2873470631358518,-0.21282132301041626,-0.06130129735895902,-0.4647294714750357,-0.6848198207613762,-0.07254953305833507,-0.4398323598024546,-1.0714114130401788,-0.08216673108082295,-0.3258642207242848,-1.1991054394297693,-0.06886211596964481,-0.38092318265206854,-0.9651403549959614,-0.018440003617621478,-0.35726052999058977,-1.321218944743883,-0.1093454114572181,-0.2981260044511572,-1.0183413315139376,-0.14036583304574754,-0.30237922083562147,-0.778374504045579,-0.14822753764274452,-0.19927416028341172,-0.9795192435251064,-0.028841993817078786,-0.2003274831339963,-1.385333374933052,-0.13445253121531064,-0.1594547516001324,-0.9767244947762901,-0.153707442404206,-0.18042635328516218,-0.7673359163700049,-0.1404545338292333,-0.030968656437627064,-0.9435540693579321,-0.05381631779255065,-0.029281357025230458,-1.3254755105395994,-0.1656295712739919,-0.024490895075917056,-0.9357335960134494,-0.12578245458612894,-0.05552037682188365,-0.7443018812123346,-0.07263124194583193,0.1310796112832909,-0.8315261772299232,-0.08409038169822941,0.13196224813646454,-1.0320727118598119,-0.16831740681563875,0.09818624916371294,-0.7762745571669142,-0.1409002148639761,0.051708210911106056,-0.6420464993065771,-0.10306114558354634,M
0.0,0.0,0.0,-0.28591102797210743,-0.22538703234742372,-0.059350308745803354,-0.4520802144417174,-0.7049843982764049,-0.07309016543573064,-0.40338025477534667,-1.069709006403885,-0.0875035349356685,-0.27617769021174254,-1.1740454985244155,-0.08234191413962196,-0.3746591809556659,-0.9670471925177606,-0.020686463865121702,-0.35427272701828244,-1.3247187798315394,-0.11627793604832178,-0.29924379031223014,-1.0223323685435048,-0.15408795940202663,-0.3004729341064806,-0.7815615860447271,-0.16673828331840146,-0.19249556298222115,-0.9806671843780198,-0.03517572623621017,-0.19402924251244072,-1.3945281639556184,-0.1440674759694702,-0.15516162825980273,-0.984705703875763,-0.1660490867502926,-0.17168195407420966,-0.7694024266201364,-0.153799790784907,-0.02184098100759349,-0.9370674604272157,-0.06423560863934821,-0.022331726259652906,-1.3250504152233082,-0.1761589353225505,-0.01967837481207742,-0.932961996730244,-0.13797685348282815,-0.04678098205962998,-0.7437425406521483,-0.08593657615610802,0.1402214001979261,-0.81629851513856,-0.09865777674032829,0.13119748312998608,-1.0219619618620024,-0.17906939810844527,0.10013805782222564,-0.7689269752332314,-0.1498146991976703,0.0637853452905023,-0.639640688620697,-0.11178534638962953,M
0.0,0.0,0.0,-0.2898233007203418,-0.23112304502931413,-0.05868780128514276,-0.4661368122459457,-0.6911203912604738,-0.07312698630904639,-0.43233491932062557,-1.0771882333716296,-0.08700489730611995,-0.3076927589068046,-1.1905554757144887,-0.07858280737188865,-0.38132681450456535,-0.9678206405274292,-0.007198104430463443,-0.3603614000690903,-1.3151164113183713,-0.0968163735872571,-0.30232358380481245,-1.018983529708124,-0.13502027467238817,-0.304790451211288,-0.7755667600514011,-0.14888751146534107,-0.2019563453969726,-0.9792118822086507,-0.018913600801810003,-0.20650439684087818,-1.3869847686471053,-0.11949482128150685,-0.163597525469045,-0.9871252496603545,-0.1435898955553829,-0.18220984102322318,-0.7715983094863611,-0.1359782466702324,-0.03855246848142329,-0.9409420868240662,-0.04484904864791019,-0.041786668281125504,-1.33160316504161,-0.15057401890663175,-0.03289120681124184,-0.951424121650993,-0.11194769669953282,-0.06061764532695922,-0.7470116671005168,-0.061376738364195854,0.12269464766956786,-0.8245133146417053,-0.076201947154993,0.11289065173620029,-1.0391370994787008,-0.15212935971051555,0.0899930550669572,-0.7923582412900713,-0.12069401348270724,0.055027926039041455,-0.6539820951322176,-0.08163642821447911,M
0.0,0.0,0.0,-0.29156504744202477,-0.22879704326461864,-0.059679077804407586,-0.45631058484015025,-0.7175120247589502,-0.07146312800016369,-0.39611199663807817,-1.0769765365043937,-0.083681265577629,-0.2605886402401757,-1.1576509708360356,-0.07772462182925625,-0.3842605151894091,-0.9552895588519116,-0.010311578579794645,-0.3629218975088104,-1.3116285509766554,-0.10416796839441854,-0.29823748698736013,-1.027589734408233,-0.14999128071461612,-0.29213978169879223,-0.7790043011714513,-0.1691960734862783,-0.20468688757995326,-0.9785649559192384,-0.022669475062530187,-0.2031243288193667,-1.3923048617727551,-0.12784090786043292,-0.1587368301381242,-0.9996218358648267,-0.15531348680358642,-0.17443774438864995,-0.7710330801550159,-0.14839087433608306,-0.038427579497142206,-0.9435517375361108,-0.049737669632237844,-0.03783488479485076,-1.3337406741133655,-0.1582251732468397,-0.02929857991028772,-0.9513664078035012,-0.12466974994345768,-0.05602667157983699,-0.7436616292428165,-0.07670261886567138,0.12239936398054167,-0.8311308754090728,-0.08276940437605408,0.11568510608443407,-1.0322972475999743,-0.16298346825796836,0.09230194634396335,-0.7784563735497942,-0.13657390643011869,0.059853854874552054,-0.6369548694559164,-0.10129010857384521,M
0.0,0.0,0.0,-0.2911485520047577,-0.22454663283161694,-0.060652404309262074,-0.4500747569003842,-0.7181876371443449,-0.0718205428621307,-0.3836048119520803,-1.0733430175942273,-0.08292291643907469,-0.2491252227657095,-1.1764933474778958,-0.07567769579271325,-0.38297498374086714,-0.9551124866005963,-0.014398398577515579,-0.36135025592852893,-1.3185296681174996,-0.10886604475069761,-0.30171346423935774,-1.0277720763418063,-0.1529878597252562,-0.29891276732569655,-0.7802571000632826,-0.1704970269959191,-0.20437281677160066,-0.9785521282447354,-0.025835713122357388,-0.20261342868073734,-1.391691403689796,-0.13025648981341922,-0.1614074276186766,-0.9945755963498983,-0.15627170770415777,-0.17798119068776802,-0.7710805995924132,-0.1487142553551336,-0.03674382376498635,-0.9425557560600494,-0.05202599762210008,-0.035998920467482556,-1.3348409580585365,-0.1596077451853354,-0.0294423229518595,-0.9490100199033651,-0.12581038178648024,-0.056869088331719185,-0.7501661720796031,-0.0786576191355688,0.1242143013605974,-0.8319985069275613,-0.08394764465867598,0.11656864824977616,-1.0380668705999618,-0.16338743534840544,0.09075990832563952,-0.7806109090115749,-0.13631851928627214,0.056299882427036776,-0.6419862025560914,-0.10104896932674673,M
0.0,0.0,0.0,-0.2893198319510207,-0.21879942039551514,-0.047330284792964264,-0.4604949559241383,-0.6841943910813982,-0.04996475036641951,-0.40437164639838974,-1.042084357203965,-0.05433584610446264,-0.2650417679745358,-1.141990721872456,-0.039265919684363125,-0.4039126597789288,-0.951579596174015,0.0005300449972106386,-0.3907957867318349,-1.3179232587862362,-0.09980007659161075,-0.32956874555708077,-1.023664747439766,-0.14957621925002254,-0.3214608134441037,-0.7894240027386371,-0.16945129609480383,-0.219505084606353,-0.9754516122051434,-0.017654180194622903,-0.2201622447964145,-1.392280892716818,-0.1232864856575671,-0.17785509771443853,-0.9824482479106758,-0.1464070185010886,-0.18964212909476105,-0.7747125946542492,-0.13526639847336622,-0.04370156838783819,-0.9462799082810729,-0.051008323034855266,-0.04056432832402295,-1.3289166258037408,-0.16181000730742454,-0.03830265512667934,-0.9274997057681307,-0.11990359005138414,-0.059949861016254206,-0.7466077020214258,-0.065411726256597,0.12791508075726085,-0.8440841538319375,-0.08919143307318543,0.12182879623024268,-1.0277137245112604,-0.16464489409315738,0.0924203926847835,-0.7525063452794977,-0.12716220809913478,0.06631802319544132,-0.6274255623305746,-0.08373229687337334,M
0.0,0.0,0.0,-0.28499275463088564,-0.16412685008021174,-0.05249027064849785,-0.46121287827593327,-0.5780654750205452,-0.0657251405469433,-0.3862516198014292,-0.9049323581968128,-0.08450181967245092,-0.2403799852241343,-1.0629616593922928,-0.08583499071781305,-0.44891825093180526,-0.87805937303744,0.009227192623708864,-0.493218090177292,-1.229185944673464,-0.10468121685068925,-0.4301998070050183,-0.9391137397897519,-0.1625521878816471,-0.4012805855757451,-0.7261382333902728,-0.18409792067893796,-0.2798479074241008,-0.9599674803118953,-0.012148475376887086,-0.3374184522344152,-1.3213397181490656,-0.12109596881835719,-0.28636838529396974,-0.935127107057015,-0.13893689605209306,-0.27095822411697684,-0.7488398681048516,-0.1199910058935781,-0.10501488759195447,-0.9610134013321072,-0.05325673531837676,-0.15000971288761905,-1.308777479585451,-0.1709083697222705,-0.13690479433765015,-0.9119407317626589,-0.13131809713558137,-0.1396792887921983,-0.7542035656443998,-0.0734406769395505,0.07364643550545122,-0.886021452181842,-0.09932931514329686,0.02492570480664593,-1.0446477874109352,-0.17918859572574464,0.0013848091829379012,-0.7622278866265603,-0.14114562080627974,-0.013341265436203521,-0.6380582885860192,-0.09239496132056844,M
0.0,0.0,0.0,-0.2534823872122904,-0.19878459856588998,-0.04143211517658769,-0.39245451071842075,-0.6610564617384829,-0.05500377007448439,-0.2955834230910362,-0.9721405383575458,-0.07489614275923322,-0.13414532631295623,-1.1238703708771616,-0.082854980197399,-0.37365723482208246,-0.9201278255844576,-0.006320124003305094,-0.4363467119019444,-1.2842858793292002,-0.11823291221842186,-0.3916622337685275,-1.0250694076843645,-0.1812308978568717,-0.3497336406247007,-0.7666646964012931,-0.20823207143761094,-0.20672394350477238,-0.9780098434844204,-0.02760357276540807,-0.2778183318280787,-1.3829846273089719,-0.13976127355631093,-0.2442106095391776,-1.00507768232145,-0.16594863302011661,-0.20472500360623463,-0.75579266178002,-0.15749775764549495,-0.03808687143891231,-0.9621765179686242,-0.06519438054423629,-0.09990221215930314,-1.362201933583529,-0.17744082900320504,-0.10577776942580812,-0.9788697307814784,-0.1446657499494264,-0.07633484452225144,-0.7575563467501438,-0.09810455761227888,0.14120966250079117,-0.8702920205914761,-0.107366838939587,0.05674383769005938,-1.079929606562556,-0.1891284043497398,0.027064494669320392,-0.8126949839397772,-0.16664818201537698,0.04930466392159957,-0.6685418722604876,-0.13478629701893421,M
0.0,0.0,0.0,-0.2625745289646792,-0.22307017342343108,-0.04373280519552428,-0.4016780244390192,-0.6726050296400522,-0.060421320725185926,-0.29004362746251766,-0.9653885941039752,-0.08253280117450329,-0.129457420029049,-1.0935573955300717,-0.09026379588681088,-0.40644401158402166,-0.9181775809023902,-0.03192753329323804,-0.44287125819144524,-1.3227413382634579,-0.15184204622482697,-0.3900116340933861,-1.05802756356462,-0.21082332559231703,-0.36876467081753356,-0.801578123468952,-0.23265332162328847,-0.23126674159971822,-0.97135113410494,-0.05470528770508348,-0.2795614139216122,-1.4003886837101343,-0.17010817341662757,-0.23607076246314937,-1.016199981722687,-0.189577739529483,-0.22247733038379683,-0.7989125937024092,-0.17851011612605683,-0.05413918705376669,-0.9597184005815672,-0.09307662141557188,-0.08942270541415662,-1.3683247498002222,-0.20981560184734305,-0.09136423618346791,-0.9703548619805445,-0.16963850604545602,-0.09265164736678767,-0.7748310619114419,-0.11975665231753774,0.12295757829155209,-0.8737685358858382,-0.1359342925645805,0.07322396362243999,-1.0825689713081752,-0.22165520031246708,0.037862264840835574,-0.8039999053971524,-0.1935536403182978,0.027848530117400728,-0.6598439624699621,-0.15873692170745185,M
0.0,0.0,0.0,-0.2784465267412234,-0.18939580667818529,-0.04738097398783305,-0.4301562179985591,-0.6572249293259065,-0.055124365920900247,-0.33234450766468604,-0.9534781709007036,-0.06501567210109895,-0.17670924965440737,-1.065147699654568,-0.06026052773735488,-0.42726924276445644,-0.8974791151184233,-0.015878249630076443,-0.44048198201374694,-1.249756147537384,-0.11544629099574163,-0.37756441699067184,-0.9869270015728339,-0.16177215447891338,-0.35294740881204173,-0.7508212791704564,-0.17911426122894913,-0.24435964390460943,-0.9690188167694898,-0.035929057564464816,-0.27831020282061786,-1.3652173083056993,-0.141447724804171,-0.22505392810487168,-0.9672924218821507,-0.1568401447605718,-0.2126821809596056,-0.7402866725305057,-0.13859688594953817,-0.06341423382247728,-0.9538714021685948,-0.07072531228678403,-0.09374869533932977,-1.3098378939316146,-0.17940939549005397,-0.08179603884483254,-0.9147714530969286,-0.13776552962778849,-0.08404130787121866,-0.7319073892373664,-0.08423595707275615,0.11966935371129724,-0.8610207582237698,-0.10979736853564842,0.07330263697073268,-1.018909436587646,-0.1862513279306013,0.05180393307086167,-0.7492975431424094,-0.15160253054186237,0.03883657687866115,-0.6290848613104306,-0.11082577967923221,M
0.0,0.0,0.0,-0.28229592606277604,-0.17289894556945828,-0.028777094260020345,-0.4429820397210424,-0.6684808814385711,-0.024589598022110085,-0.3562998645440827,-1.0103852419282053,-0.026340168526547733,-0.19611425176877784,-1.1564445224653859,-0.014350503216421175,-0.43145526023966607,-0.8889530463004539,-0.004155449603495437,-0.48710210810449744,-1.2968646229322232,-0.10136615689589436,-0.4263187173365407,-1.0401439868053164,-0.1431772262554581,-0.388827539001139,-0.7701625187476507,-0.15551603217890303,-0.2529885475307259,-0.9670867274331236,-0.027203978403625102,-0.3220729285526789,-1.410743375204036,-0.13250111707243387,-0.2650115553265507,-1.0092591149415417,-0.14750402205552074,-0.23785938242588736,-0.7470360209367103,-0.12914373654964398,-0.07141018421039803,-0.9666600809487454,-0.06324377332156718,-0.13270567283299475,-1.391325161678989,-0.16900091645805024,-0.1166151798127118,-0.9812386950823263,-0.1286403650347127,-0.09986732160834401,-0.7543317368562704,-0.07744974890713056,0.12127105875811496,-0.8915510731398756,-0.10182529588233524,0.04319810913502409,-1.1061942338160478,-0.1822333472525771,0.02575077042837103,-0.8274234819600331,-0.1556250112869366,0.03422113750556459,-0.6783727930967616,-0.12116781437102399,M
0.0,0.0,0.0,-0.27704363502655954,-0.17347236169772437,-0.04437768586039243,-0.43428967709301575,-0.6969480996560905,-0.04645135172692198,-0.31865759672302335,-1.03566425100288,-0.052440805439754073,-0.14336699686009646,-1.1625131197587755,-0.046255583536078,-0.4138106377417946,-0.8930168654239974,-0.011647026227729312,-0.4610726332356836,-1.285371042644261,-0.11360674476656281,-0.3961371676272041,-1.019265956472203,-0.16034586910269166,-0.35349745493497614,-0.7488412206326386,-0.17607440677778122,-0.23400630660945754,-0.9717194705862071,-0.03165942119909844,-0.2973336239564448,-1.4076790422476837,-0.14508989077968418,-0.2414308045273707,-1.017732513619142,-0.16464318337767747,-0.21212951382048892,-0.7510775041650208,-0.14603044521208317,-0.05252583004795424,-0.966226641086298,-0.06686231768046048,-0.1113671638486629,-1.3810008261368365,-0.18166124693580019,-0.09669502163279592,-0.969378294561987,-0.1455467372212429,-0.08446284953229881,-0.7409096406974972,-0.0933329070697503,0.1365694145329357,-0.8882479160857838,-0.1060166752699636,0.05944294102860478,-1.0845447620394313,-0.19358552603154913,0.043874943751633484,-0.8006486590795167,-0.16942021309680297,0.05368879505920402,-0.6537851441848106,-0.134275749299223,M
0.0,0.0,0.0,-0.2827441371598073,-0.2079120291023666,-0.0426970931508103,-0.4260950103200153,-0.717847667138368,-0.050048001470460804,-0.30654853050524367,-1.0411989168468345,-0.06235647809984706,-0.1382908124620938,-1.1674262234621147,-0.061527969904145254,-0.4064548435585487,-0.9080552395684143,-0.016596036456809515,-0.4329310953557923,-1.2929744966739056,-0.1144408933484697,-0.3742219351787163,-1.020144306238587,-0.1577858989084826,-0.34351179720905545,-0.7604997018428072,-0.17257426426579245,-0.22665252456896925,-0.973198466308956,-0.03890216292712608,-0.2773416818744089,-1.401575713653869,-0.14549848065309337,-0.2248741388893252,-1.011706345836266,-0.16235681130477356,-0.20134985973641695,-0.7548953518180103,-0.1454221244463709,-0.046060336686654914,-0.9568340712110064,-0.07510812604236267,-0.09818046723274426,-1.363866705635597,-0.18025677971394938,-0.08367503860954958,-0.9595186218759629,-0.1383732603605004,-0.0744129698557652,-0.7378033682220818,-0.08604724108642695,0.13977845791029397,-0.8660552304185534,-0.11583136403974534,0.07072219233904002,-1.067485670950081,-0.19060362683634818,0.053014783989243065,-0.7954528761850628,-0.15803526031130158,0.056440796036318346,-0.652104364366836,-0.11999701111850081,M
0.0,0.0,0.0,-0.2795494879195108,-0.24408817838837588,-0.04703430311779133,-0.40249596314991654,-0.7544706870668302,-0.05535874396783738,-0.26489102505277384,-1.0595773230150556,-0.06634664349363538,-0.10031775627448673,-1.19415677103161,-0.06403867075892428,-0.3935694451317852,-0.9094208492609142,-0.024145796506141556,-0.42034759250490683,-1.268269461883334,-0.12285023882111851,-0.35458496168590176,-0.9930277946922933,-0.16628708828796482,-0.3281511698882535,-0.7504999071712172,-0.1812119414206546,-0.22100960276155662,-0.9742066806043936,-0.04556422887471841,-0.2708103398468576,-1.3822086755905751,-0.15653706388596317,-0.21269555376941013,-0.9890117196597104,-0.17558952429261798,-0.19432682837870097,-0.7456778037695729,-0.15788682731733866,-0.04314178927821122,-0.9557265460569138,-0.08052326966992084,-0.0863812022367241,-1.3246734421973392,-0.18870105976414248,-0.07098479437450803,-0.9234038237806647,-0.14756509247921878,-0.07211492210872068,-0.7130883747240848,-0.09338453895957688,0.1374412003970402,-0.8689129299970667,-0.12040075834628713,0.07610736489592801,-1.0420641411741947,-0.19616779429188397,0.06034015585031828,-0.7723332885357449,-0.1630802418243378,0.06029908075716542,-0.6415459718932139,-0.12334932933655124,M
0.0,0.0,0.0,-0.2680335539653592,-0.2595991712478292,-0.06991624807820854,-0.3513701258334154,-0.7461485095534479,-0.0852933953366652,-0.24696756104534948,-1.1276289710839484,-0.10156091720850424,-0.10917548809523289,-1.3559802905904985,-0.10539625523437922,-0.36333712310193367,-0.94170017549592,-0.004032489762432294,-0.3986675162445434,-1.3227898548155697,-0.1058186823090435,-0.34251041349219125,-1.12292967341071,-0.1570250806261491,-0.31372703825890824,-0.8848812915647575,-0.1681404098345065,-0.19267913351720353,-0.9812294951765701,-0.007964251540049278,-0.22735284264027478,-1.426149201005973,-0.1266903460318095,-0.19938756147014244,-1.134927536810375,-0.16907924285791195,-0.19397013069058675,-0.851419573646354,-0.1588167675071849,-0.02997582732740824,-0.9447669663245535,-0.02819237788779669,-0.057099794042150896,-1.1696952602044626,-0.16032062417558182,-0.060113064698428774,-0.7629932050697236,-0.15810422711729116,-0.06507684830277939,-0.47546131783599954,-0.11101270530564765,0.12625918374626083,-0.8450254705151864,-0.05343467206465142,0.06758040303186055,-0.9940811327542898,-0.14433218947235268,0.06153149085361117,-0.7439088744044485,-0.1333766508976305,0.07010887720627135,-0.5713032036267968,-0.09646693481184729,N
0.0,0.0,0.0,-0.2563607765032091,-0.2591144279615256,-0.07681898346197258,-0.35076930614568075,-0.7148035022054948,-0.10287067511797546,-0.26648541790003116,-1.1045762773376937,-0.12620079816527804,-0.12973509773691283,-1.3380170592543863,-0.13460942061233827,-0.3528692620829305,-0.9327462982815387,-0.028804409278237006,-0.42181776988465736,-1.2868125925425493,-0.12702493435779774,-0.36308939322615214,-1.080049053905349,-0.16669291819468438,-0.32358828624696895,-0.8408949840476473,-0.17176816411234022,-0.19119584528167977,-0.9811767878604682,-0.027134106044563962,-0.2590031142000084,-1.386551496242968,-0.1502378011120438,-0.22921495139674175,-1.0880377260891363,-0.18765649839487814,-0.21336419915010826,-0.8137952668472985,-0.17596710403763538,-0.03519042699886012,-0.9550480649670796,-0.04009603129210164,-0.09212195945797241,-1.1477452818900074,-0.17069349522357488,-0.0820445172786564,-0.7524742071601218,-0.16475804015652284,-0.06920169204360908,-0.4843731027510101,-0.11791499087865402,0.10894834408496258,-0.8660112428013537,-0.05856541505340372,0.027140368549530232,-0.9775653656516369,-0.14857423331584002,0.027185385144261453,-0.7251123023989446,-0.14174435478222203,0.04908445792784318,-0.5661025038665479,-0.10926824940238007,N
0.0,0.0,0.0,-0.24606129636561305,-0.2502114159910117,-0.07554235729609605,-0.3387040681112737,-0.7151752764325782,-0.09944990188818321,-0.253838152977667,-1.091287316451561,-0.12163809170571623,-0.13246704031786197,-1.3249671484614312,-0.13009992467211084,-0.3440460224936252,-0.9369034596076514,-0.028767235364166813,-0.40810471386698977,-1.302320130912345,-0.12968753501568214,-0.3707153475244908,-1.072790957819619,-0.17306536542585824,-0.33759905932530243,-0.8193675201940321,-0.18156664252755614,-0.19151517208631733,-0.9810501515178516,-0.029369015433764228,-0.2651848512972547,-1.4180133104325219,-0.1506360700660409,-0.24336915197343711,-1.1032718620828168,-0.18452694974004646,-0.2203149691567044,-0.8210104724958679,-0.1721355253398837,-0.03627384136749575,-0.9546173059172682,-0.04589304933047279,-0.10668215374916953,-1.1786435460416924,-0.17461498655003552,-0.09792783084889065,-0.7814879376551214,-0.17166942559620374,-0.07549652999789576,-0.5151667986506722,-0.13079247639018524,0.11320030342786237,-0.8673644855192845,-0.06820652757478574,0.017304523874989142,-0.9905414165879839,-0.1559776536853176,0.008645116321870306,-0.7277609975368262,-0.15304351897533783,0.03211293590719255,-0.5593318264802101,-0.1279466169977524,N
0.0,0.0,0.0,-0.2858439010621855,-0.23088496993138524,-0.06596190467916392,-0.38650259243251217,-0.7123588698336494,-0.08581309174016617,-0.2825131201000394,-1.1321455296580436,-0.10761013836809531,-0.15496896687037454,-1.375472174499631,-0.11627904794090978,-0.3976835400198686,-0.9219372045678833,-0.019322329186874664,-0.4657144350611947,-1.3333845182444277,-0.133708756234507,-0.4018899463546509,-1.0805575471608149,-0.1919830974736341,-0.3540142630370113,-0.810499690291051,-0.20821895612408697,-0.22854419514600904,-0.9731253022172401,-0.028190371577329433,-0.2947470878319782,-1.4435377122910342,-0.15649831951867008,-0.2510177833252806,-1.1069663725621968,-0.19631547574821695,-0.2257046842172827,-0.8186640308221322,-0.1873157895075739,-0.065645920885162,-0.9556063739099747,-0.053106686606236,-0.11428404334889315,-1.2055293268750629,-0.18838109140299175,-0.10433530254444845,-0.7859771029024829,-0.17645282354215283,-0.093402229806781,-0.5040290180019755,-0.12717023580186773,0.09294291472386335,-0.8780218446017203,-0.08355362289193193,0.013355377443483526,-1.0382669620377036,-0.17219695422908168,0.0024267843717743097,-0.7557408509063852,-0.15478092758193188,0.013023583518176948,-0.5622987209203084,-0.11755914981902497,N
0.0,0.0,0.0,-0.2759746251626428,-0.23476320995892927,-0.053312473607522656,-0.4172872514893308,-0.6802812586816362,-0.07554397376479836,-0.3411075754114754,-1.0898908810201002,-0.10418376287981705,-0.18232059683603946,-1.2358570493298806,-0.11939304158647476,-0.39484879032090336,-0.9251117702630861,-0.0046083317612499895,-0.4231807261290233,-1.3210751281097022,-0.1144265610912691,-0.3636610397500301,-1.069677468496038,-0.17049133624383866,-0.3285033447200188,-0.8255305544385423,-0.18887332693220268,-0.22191262729897676,-0.974810215101836,-0.02235688659848819,-0.2570554361318396,-1.4396559476182726,-0.14293823495993452,-0.21487875320322572,-1.0930273443820346,-0.17604383305154384,-0.2040080347640168,-0.8163444573099661,-0.16337894475528503,-0.05442656375069377,-0.9604637155715737,-0.05565726857306718,-0.08540765887880031,-1.210838605875274,-0.19377194388158456,-0.07125000973197035,-0.7884048165796405,-0.17599955756076038,-0.07067032370183665,-0.5143980883027788,-0.12063795455167972,0.10831167856589005,-0.8758060583314584,-0.09217320139265378,0.042147494306754234,-1.072727825423486,-0.18320613708347755,0.03226597826237064,-0.7850274011442543,-0.15845622894998024,0.031387984516830794,-0.5770780267705219,-0.11449516347408374,N
0.0,0.0,0.0,-0.27386529114312497,-0.25156545789636997,-0.050650329558189953,-0.4153899749420095,-0.6796554300275848,-0.07052694036652701,-0.34650695842355467,-1.072642098886997,-0.09506086621073513,-0.20276105774858683,-1.2040675464831203,-0.10644436018620303,-0.37871776479674657,-0.9473926861802162,-0.0007325879130048111,-0.3839779213766121,-1.3223336924687157,-0.09779227961646421,-0.3317103428980929,-1.0732671035579393,-0.14670922443725995,-0.3109953685869905,-0.8339572845057405,-0.1631298425284612,-0.2057048599283028,-0.9784585368823577,-0.017447125949943992,-0.21508783416739952,-1.4243525912552477,-0.1290797436240518,-0.17615934135168446,-1.0730657626648628,-0.16181498302383482,-0.17418415988527083,-0.798522149597882,-0.15236015264873648,-0.042342808973969914,-0.9467237055540408,-0.047987439960155455,-0.05211093210203552,-1.2029851056503913,-0.18022350111752197,-0.04341863904218676,-0.7876712982125434,-0.16411407398730993,-0.054909872311572155,-0.5137311329757047,-0.1133884653132674,0.11233212256230633,-0.8440249040086609,-0.08103469217548319,0.06851022688487826,-1.045371689288463,-0.17433429795906397,0.05055797729076765,-0.7539835608199734,-0.15211217712339475,0.03628361216176598,-0.5396798208086241,-0.11101013499581648,N
0.0,0.0,0.0,-0.26470422508584696,-0.26218706392201946,-0.06177793308406743,-0.3904995387907358,-0.7017028226868326,-0.07816812024204381,-0.3158381424568327,-1.0775211453302525,-0.09670771418532075,-0.18065017786282744,-1.21785146065512,-0.09908826058628802,-0.37462575153258537,-0.9563981665309703,0.0007899799406533415,-0.3598586520949402,-1.3198077023024266,-0.09409278980081796,-0.2919077927865535,-1.0751450882830977,-0.1387103391348052,-0.2737967813042928,-0.8390265130709228,-0.1501750219977594,-0.19748500623755313,-0.9802610871716524,-0.00937407533593492,-0.18951986339397298,-1.4116287219999364,-0.11704322709847549,-0.1449937070118122,-1.0704112864936686,-0.1500672952507371,-0.14858320268001335,-0.8123883555278706,-0.14079920174932004,-0.034087006953695306,-0.9371458300003692,-0.03489231322045353,-0.018668614068066792,-1.177619752701118,-0.16520035687428047,-0.012204512401246858,-0.7689573885422206,-0.15263206485835656,-0.03600653398151372,-0.514477817592794,-0.10387358347767385,0.10918449166427772,-0.8277394613397536,-0.06397176317873551,0.09622534195494903,-0.996931246758309,-0.1521001917706862,0.08815288048742043,-0.7315747345335163,-0.1307122093001668,0.07366600190119617,-0.5501516070577269,-0.09048831779025361,N
0.0,0.0,0.0,-0.25600168588455485,-0.27423876532489466,-0.06200273372162975,-0.3444527915395265,-0.7443045336924159,-0.07040921537779514,-0.23935499464705673,-1.1167731082264265,-0.08069324312288169,-0.10123815795827146,-1.286912387113947,-0.07542011312994815,-0.3543979277488955,-0.9544864246172341,0.008798754669618495,-0.35709282357277367,-1.334128446424805,-0.08593322218599024,-0.29181154152559835,-1.095532390395098,-0.13397157799999385,-0.26968998671709016,-0.8523958345689097,-0.14788504822671175,-0.1774674542899517,-0.9841259965361058,0.0011513512325931783,-0.18268510375743274,-1.4253767911401867,-0.1070660924417929,-0.14131702547964056,-1.0877184771489876,-0.14529912404110382,-0.1450010965185333,-0.8294286991004092,-0.13904900510068555,-0.012290894576403564,-0.9437409557338988,-0.022655686803903154,-0.007806062649165677,-1.1671428236989778,-0.15222297585862454,-0.0048582348655464265,-0.7669670659994674,-0.1463629245327562,-0.02523724262861478,-0.5166238049162991,-0.10246238641877516,0.1388059763623914,-0.8420889999475859,-0.050608925965967805,0.11857712910815355,-0.9778826308932864,-0.13746445131875495,0.10594537588622979,-0.7203073999047891,-0.1218188896143461,0.09278063850083354,-0.5536280931979258,-0.08685126028732766,N
0.0,0.0,0.0,-0.23795258974793299,-0.27673502040382636,-0.06309863674796307,-0.32065722788430034,-0.7735263058744047,-0.0765239735597276,-0.22731170394577518,-1.1307971408479907,-0.09296249259432848,-0.08668510635972404,-1.2961687610496084,-0.09501994002412172,-0.30905029772826864,-0.9672510094469148,-0.006746367421328866,-0.3389954576353532,-1.3203913056784282,-0.10777247307902227,-0.2919065407036738,-1.0791499011310357,-0.1529624147643887,-0.2661616940233783,-0.8272540435205682,-0.16058875556080557,-0.1458588532911688,-0.9892277570696378,-0.012395142579211689,-0.18031526589463281,-1.3964273581911566,-0.12449432116893629,-0.15752586703126203,-1.0823850006525786,-0.1565255858834656,-0.1528504227894979,-0.8191773700317456,-0.14253164845464883,0.013535973152145105,-0.9423492711236117,-0.03456303348319265,-0.01757486366230815,-1.1500506069451972,-0.15845521725569017,-0.028268910976630982,-0.7501208426122464,-0.15354248438931445,-0.041263024340718976,-0.48406436408169473,-0.10872241496314698,0.16135875668178556,-0.8417513540176976,-0.06177525773761267,0.1135521593358782,-0.9652433317140573,-0.14262717304682038,0.09126253406343388,-0.7347015121385048,-0.13345095439501015,0.08446201374944783,-0.5803849945213306,-0.1013597878008066,N
0.0,0.0,0.0,-0.2434257856858341,-0.25272090845847045,-0.07289157352939173,-0.3270801749336411,-0.7498838724093937,-0.09456499622873087,-0.2404721979445383,-1.1455448162796147,-0.11626124139119347,-0.10510185705186828,-1.3802866994268157,-0.12352327052055562,-0.32053275519189944,-0.9554460300975322,-0.022124693209280448,-0.3935789347362898,-1.3177773848146683,-0.11896489009820459,-0.3442372341337328,-1.1108300805471092,-0.15856299848537786,-0.3035678550548488,-0.8619291913195392,-0.16273511274055014,-0.1614453535139827,-0.9866249818798855,-0.022506509264229153,-0.22529763693501723,-1.4250633355027083,-0.1400082287343887,-0.20994664416672187,-1.1408883904127098,-0.17360259062919156,-0.2033031448934597,-0.8559119247070803,-0.15871650054940867,-0.002244143343371992,-0.9454220182598786,-0.03805189061966472,-0.06014950409466808,-1.180658739589509,-0.16083954364992667,-0.06141455125968817,-0.780058850277555,-0.1514412640588498,-0.05545275913864298,-0.4925005331132984,-0.10302462383413274,0.14967132163791977,-0.8471546757403668,-0.059505774448989364,0.07269989289953514,-0.9952481198338515,-0.13793775593557597,0.06223351488550588,-0.776574537505003,-0.12664562295979562,0.0740066889086088,-0.6265763738893215,-0.09313999523054325,N
0.0,0.0,0.0,-0.2328013037633299,-0.21364512858587312,-0.08325819169442046,-0.31261397935710794,-0.7098279989912852,-0.10744052122606126,-0.23556497457964495,-1.1285702667151052,-0.12863470834263213,-0.1378944416918988,-1.4255822380022554,-0.13599415179345978,-0.3236350804009104,-0.9153806882637895,-0.03670985628061345,-0.4105949287788506,-1.2261950985797372,-0.14838853755479314,-0.3730205112380567,-1.0335071743090662,-0.1977323008856416,-0.32898691842400907,-0.7980566713016947,-0.20268764968105094,-0.1898084677951558,-0.9813218622602939,-0.03130731868499739,-0.2894732005988588,-1.3671085819806885,-0.15610244682846963,-0.2614320456816301,-1.1510329766192247,-0.1878442165406849,-0.22385908823742123,-0.899429425090671,-0.16951328795313791,-0.042472749564554366,-0.9879118621875743,-0.04416909277023222,-0.12287179994691659,-1.0518033525978874,-0.1791900598198131,-0.11479250150281384,-0.6819857092289499,-0.181795273654228,-0.0919525026410994,-0.40953723481258975,-0.13699016580460302,0.10862651362385226,-0.9301872357141739,-0.06438867910464101,0.01624153037424033,-0.9480161830957567,-0.14670398762212564,-0.0042541374104055,-0.6782557464926025,-0.14108619300604736,0.00639872727462969,-0.49170124994704495,-0.10998645513912031,N
0.0,0.0,0.0,-0.23221225586509248,-0.24004302889333975,-0.09637154417303996,-0.29719911393836174,-0.7031211899672992,-0.13312125766566266,-0.19552140661417688,-1.1059391307458086,-0.16464788863284177,-0.07633231801557304,-1.3908663966756563,-0.18034704163345272,-0.314802251745053,-0.9390004721173362,-0.0508184007296172,-0.4110345617886194,-1.2390869759077778,-0.17197247513419694,-0.3546481140671759,-0.9706303016122482,-0.22975909224714103,-0.3015872524577021,-0.7019524705466265,-0.24365191718365126,-0.16245699902816224,-0.9856516105829841,-0.045810763166893205,-0.25731590200214083,-1.3736946910255143,-0.1949440685460075,-0.22377477217633993,-1.0339205461128296,-0.23939485154725024,-0.19067977907956787,-0.7281992501482332,-0.22772783936625038,-0.0006802335229029156,-0.9671700216163659,-0.05835499499987483,-0.07566884770529679,-1.1591817408711294,-0.20385972655107867,-0.07249530687276529,-0.7490482752840553,-0.1935264558554031,-0.060508727570354116,-0.46391220442499825,-0.14080312851683913,0.15163972732932304,-0.8952676031059751,-0.0796630876981499,0.06572590988609027,-0.9922569045407875,-0.1724965828587985,0.04943147903007689,-0.7244075290886623,-0.16102482901961115,0.060605777748718996,-0.5548479274614391,-0.12495520200416657,N
0.0,0.0,0.0,-0.22636541704273846,-0.2512957250840772,-0.09133650416394452,-0.29020315252302603,-0.7053895674224024,-0.12703006606796471,-0.18710257299344338,-1.0953145300239713,-0.15808235298336987,-0.0582299548648482,-1.3568128789994403,-0.17261600278059527,-0.298081265095775,-0.9447048631718721,-0.048953985399398776,-0.38456712943974686,-1.241631746675506,-0.1711954199264368,-0.32687954610141895,-0.9672587921859849,-0.2278938867844773,-0.2812576342928631,-0.6935446587302765,-0.23954013781838135,-0.14519201967536535,-0.988319104566862,-0.04631009577558981,-0.2343666251244366,-1.365516829517205,-0.18954575289257192,-0.204683559028646,-1.0292833250403188,-0.2289437744483935,-0.1790620668149915,-0.7277724341329991,-0.21429652859023934,0.017112298440095552,-0.9652337843767924,-0.061342421444420245,-0.05663086907488368,-1.1296567322378297,-0.20172207673797363,-0.057341124382388704,-0.7192765323627539,-0.18794767845068563,-0.04886920600942706,-0.4382434173432559,-0.13302609598671833,0.170544493300213,-0.8867242778474538,-0.08521454334966526,0.07980721059199322,-0.9614201352521173,-0.17167337219233184,0.05327406032497081,-0.6908067950042349,-0.15578357686136032,0.05710735849802273,-0.5170245430707453,-0.11660710374392405,N
0.0,0.0,0.0,-0.2291985302063501,-0.25540788367532247,-0.08868068874360199,-0.2898721767516879,-0.7085107347619162,-0.12532926384889795,-0.1763397029512361,-1.0883624205227376,-0.15785132112465078,-0.03648878851025249,-1.3329148250633458,-0.17377627115390437,-0.2920687165811461,-0.9512848153182868,-0.050382056838213674,-0.3720455702342858,-1.248275945453323,-0.17459908508074135,-0.31598839994919603,-0.9681785305117248,-0.2323826650262366,-0.2750859328726317,-0.6939879247971577,-0.24473722239352375,-0.1367607882061984,-0.9893275157723483,-0.05027477841754573,-0.22069988521568604,-1.3625895820447953,-0.19447819121924917,-0.19405737444049506,-1.018710551607513,-0.23322547947671554,-0.17128687800475043,-0.7250159719694018,-0.2184479574941886,0.025571367590623634,-0.9586145448456188,-0.06756047576846246,-0.045822994814988575,-1.134193828975958,-0.20701364180852377,-0.05064691077647327,-0.7216989676278096,-0.18834876510304996,-0.0448542659164863,-0.4456126821819416,-0.13096423458981996,0.1800974078609101,-0.872446123830114,-0.09348049709295433,0.08641473752788234,-0.963366219568491,-0.1781311993153205,0.06375535914189104,-0.6985652341208086,-0.15773378404917737,0.07166795071087956,-0.5363813324321431,-0.1156809332728006,N
0.0,0.0,0.0,-0.2102501302886305,-0.2431871053166669,-0.08911495385527747,-0.26876777620665077,-0.677373064004431,-0.1250863116272618,-0.16426252369840133,-1.0497770395538382,-0.15557430777977266,-0.03045184682951385,-1.288511261992434,-0.16777560080846737,-0.2749465902747422,-0.9552971059939928,-0.04821815679997576,-0.3514129129710995,-1.2380357864868754,-0.16698057809781264,-0.29842697937604346,-0.9593599645287099,-0.2176644479342995,-0.25693549840593666,-0.6994643674824338,-0.22653060949626574,-0.12231650413223634,-0.9914751875136263,-0.044895716518262664,-0.20122933044198316,-1.347644662166198,-0.18464006029217356,-0.17737976867553365,-1.0067296595347859,-0.217868259094347,-0.15516391490489181,-0.7304972624187314,-0.20029956566667104,0.03523289873706675,-0.9598251388800946,-0.058998251396423625,-0.03615373123770187,-1.1191649871921219,-0.19567630078715248,-0.04457445057329703,-0.7154809753392254,-0.17690438505911207,-0.03776001018029911,-0.45671724657032564,-0.12036638907330824,0.18384490847254598,-0.8701794360044345,-0.08193321255012462,0.08735537693259107,-0.9355092832090681,-0.16542646333676733,0.06161265071802732,-0.6738596261988162,-0.14950486006415026,0.06969470521296336,-0.5189495699802698,-0.11116362684688112,N
0.0,0.0,0.0,-0.2238532672896505,-0.23900476247896285,-0.08659935516166441,-0.28763461459189416,-0.6790952529338489,-0.12595125510902966,-0.17989810046109653,-1.0466088149695647,-0.1611283895995767,-0.0516693617861672,-1.2909236526574948,-0.17907642797510603,-0.30459513613502165,-0.9462071327519368,-0.055811605625326194,-0.3787476588677612,-1.2671307105775835,-0.1839819188294858,-0.31908432907451245,-0.987217486752188,-0.24411272434698117,-0.2779294832318403,-0.7169129704477807,-0.25711164727676233,-0.14461417117192754,-0.9878642460548169,-0.056665446815538166,-0.21954355343194581,-1.3807840505225737,-0.1990501225309485,-0.1908728603409083,-1.038781214063916,-0.23780610156546092,-0.16798788542616955,-0.7543755028351242,-0.22376238316454933,0.01907436236133247,-0.9599894094265159,-0.07385886521062547,-0.04808757595531988,-1.1293286677613827,-0.21371874296499926,-0.056229777625442755,-0.7181509374084425,-0.19528820761417484,-0.052743552136594894,-0.45738144354203575,-0.13771996456222324,0.17311561883797805,-0.8799872697345743,-0.09894580711551382,0.07946274185788436,-0.9666702862281711,-0.1801204858758257,0.05911414565910725,-0.6955917887200392,-0.1556532785138206,0.06783892001660034,-0.5319565041725319,-0.11084967184909934,N
0.0,0.0,0.0,-0.2122700774442393,-0.2345829213234573,-0.09531122130515297,-0.2804898498224178,-0.6742656737450992,-0.13375751302891634,-0.18427701030820917,-1.054688103291929,-0.1654275441323727,-0.0572315517677646,-1.311309176972799,-0.17798107261997176,-0.2950455618525491,-0.9461436714865469,-0.055650424502388746,-0.3726804106291518,-1.2367768171060007,-0.17362195395863791,-0.3168252550959656,-0.9621197191999814,-0.22172323112102682,-0.2720554347509481,-0.6972261347220834,-0.22939755670010417,-0.1438991757519754,-0.9882877599338795,-0.05079695643221754,-0.2276273345772239,-1.3700015055088397,-0.1933590575581868,-0.19956038199875195,-1.0353488686018928,-0.2293232689458309,-0.1735180024908249,-0.7528652313099474,-0.21396854812656652,0.014125833092288199,-0.9631241694004494,-0.06313489825360093,-0.06036860451143861,-1.1462541362016598,-0.2043549395852175,-0.058297573170267444,-0.7365147187405011,-0.18787096443863327,-0.04371639305202174,-0.4698713926484136,-0.1327587389236359,0.16702699845085422,-0.8794044066482056,-0.08423004042393967,0.07015786589677447,-0.9715328365147046,-0.17256422367822727,0.04981669982817148,-0.7005028421467363,-0.15779852236388348,0.06171001710849719,-0.5380841682990881,-0.12074821771170954,N
0.0,0.0,0.0,-0.23045429085755292,-0.23387971838447946,-0.08861103931727962,-0.30291095230884313,-0.6894871252215221,-0.1255199653076636,-0.20087316671665126,-1.074616662074564,-0.15718017132869447,-0.06785469400205163,-1.322804156447687,-0.17166084759440606,-0.3188718831358754,-0.9405901366136458,-0.05862756055257374,-0.39970324703002924,-1.2600600487634606,-0.18131423710397135,-0.3404238901148267,-0.9810770022398477,-0.234622291536848,-0.29573747445121384,-0.71063700181961,-0.24422598881073376,-0.16178902141256177,-0.9850865377789492,-0.058556175054802026,-0.24141313307123272,-1.3853969988137727,-0.19775058090491784,-0.21318421180274189,-1.0474600884883756,-0.2322243810435008,-0.18831039547494519,-0.7661109022112671,-0.2164659505617213,0.0030362135394527206,-0.9580608503124423,-0.07499440698131,-0.060743501863656735,-1.1545582299796553,-0.2148796559985589,-0.06390658308929191,-0.739408698641429,-0.19580711218566202,-0.05479995168768325,-0.4751378547350368,-0.13878646471588066,0.15923071442852488,-0.8749137205990121,-0.09921344289171177,0.07166790036163088,-0.9946960474298603,-0.18586679934849462,0.055609953068694366,-0.7222502746316971,-0.16474094365422434,0.06957458353962023,-0.5577866986945919,-0.12275599166804996,N
0.0,0.0,0.0,-0.23240742932673836,-0.23989943012450046,-0.07837426340989684,-0.3113673801628641,-0.707430841847691,-0.11001105499780586,-0.207947783851343,-1.1079220370807663,-0.14097674524429132,-0.06939204448731928,-1.3545174158882465,-0.1571723044250492,-0.3265661803188783,-0.9506990053691918,-0.03541454455439084,-0.3890895723141796,-1.2958740931919979,-0.16526602951239874,-0.31298168504901647,-1.022913416445285,-0.23541626606621274,-0.26338022846853537,-0.7544019531028697,-0.25656646398890415,-0.16021983203067935,-0.9862598440990122,-0.040263200839637976,-0.21825177171012392,-1.424885856785095,-0.1800684254122335,-0.18131679883359833,-1.0816557771355315,-0.22197976916693013,-0.16701582782841076,-0.7928304246952855,-0.2081885663226236,0.00521398277570637,-0.9495990637473537,-0.06141630448950043,-0.04438574388348224,-1.1783782714832112,-0.20096735226718393,-0.05434951388806423,-0.7524344559528244,-0.17731325545366647,-0.061815565866438285,-0.481201538097033,-0.11375436140467406,0.15747329365856153,-0.8592602672893508,-0.08933417975876469,0.0838440952853884,-0.985729911543065,-0.17141582762731375,0.07041471629142405,-0.7294178531556202,-0.1400708971874732,0.07641437165415761,-0.5721576281362563,-0.08828394634406685,N
0.0,0.0,0.0,-0.23603165341642549,-0.21749922667816093,-0.08442523872244594,-0.30589667532839704,-0.7065100739024395,-0.11741016094726935,-0.19396223099305998,-1.1127894484059926,-0.14493426756581185,-0.044636283848244425,-1.3542429595004424,-0.155127308599561,-0.32971167044579536,-0.9655734011192171,-0.06270921623930852,-0.3570381458923996,-1.2943969212953708,-0.1868094885628394,-0.28702456803379417,-1.007198314033649,-0.24145646681199473,-0.24555052772793218,-0.7385692001011643,-0.2522920738512682,-0.15770734044583892,-0.9853272878631382,-0.06525741767625134,-0.19063550445323493,-1.435221008718501,-0.2106741290215653,-0.1620539774029049,-1.0812993522952514,-0.24511185166504162,-0.15161857371304283,-0.7747099950480467,-0.2219252148998894,0.013153427306052668,-0.9305113018861969,-0.08188518180012119,-0.017522941299734775,-1.171089983517136,-0.22393996872826893,-0.037168524098156665,-0.7366399998741174,-0.19378153695542766,-0.05333679733092578,-0.45487135860719524,-0.12398281139244732,0.16927501265682873,-0.826776392889922,-0.10482500357450264,0.11217624592488737,-0.9694121099468564,-0.19080553131397882,0.0896487356783162,-0.7057018484695834,-0.15678842760322323,0.08655135867013648,-0.5403967256225093,-0.10165808146094515,N
0.0,0.0,0.0,-0.2289180052210836,-0.25144269407444664,-0.07731386048387827,-0.2905244746976112,-0.7288311695523815,-0.10529905465386989,-0.16958900052235923,-1.107016542279073,-0.1303001316326799,-0.01743539286453285,-1.316429070332808,-0.1391363914785324,-0.3088351371814934,-0.9706263310183385,-0.04241656656951308,-0.3189068007547748,-1.2975075655594777,-0.1549878642924722,-0.25504794506951217,-1.0263081952439932,-0.21013636109383585,-0.22404449516170893,-0.7733183463701048,-0.22488059613669084,-0.13662143015577044,-0.9896019889655362,-0.044972083092143865,-0.15138581762019815,-1.4174250151837609,-0.1687856244930876,-0.1264298855105694,-1.0734098817842503,-0.19948322264886814,-0.126597719011257,-0.7866835701514605,-0.18054394240625296,0.03084691554262995,-0.9342196896253453,-0.061854748428242345,0.010339811350241963,-1.1540378947217103,-0.18704072141116335,-0.015484500661959144,-0.7369701297753805,-0.15872376154192153,-0.04285706982828641,-0.46885073844788355,-0.09613204534199178,0.1795567671666435,-0.8251066938507444,-0.08542671729243834,0.13768051741873,-0.9501495415797693,-0.15945405429599097,0.109946100327275,-0.709759606747648,-0.12587461679458328,0.09610741520900426,-0.5564479754939444,-0.07510445749568577,N
0.0,0.0,0.0,-0.20649619218077075,-0.32430188274741917,-0.07285343131724678,-0.25447044129489943,-0.7797241809548529,-0.09517138654635546,-0.1342950299497174,-1.1245172622672774,-0.11460340054192399,0.02195744876212574,-1.2861534850943903,-0.11814433533761498,-0.2607586895629613,-0.9992506075070003,-0.021885063190198627,-0.2508955762887918,-1.3130269869229203,-0.12015510808101017,-0.20577760167972375,-1.0483805186189472,-0.16695730340123632,-0.19576151984150542,-0.7960481489173286,-0.17847266127203515,-0.09637329606490651,-0.9950837644937374,-0.022814237803575176,-0.1037622978512928,-1.4050485598941973,-0.13958143743399581,-0.08427508468428012,-1.0773485528464297,-0.1784660561049431,-0.09126874541831045,-0.8030133864384443,-0.17064450469656733,0.06274579286578433,-0.9322400407398205,-0.038263378435208634,0.040736665534723174,-1.1402150151706782,-0.16674957170366875,0.021485106642056002,-0.7462747104257131,-0.16190885630104077,-0.0038174958872594427,-0.48421604646118144,-0.11693253749429056,0.20208671828635608,-0.8214401553709022,-0.05904738050450351,0.15148668108461874,-0.9621549555466221,-0.14460848637674154,0.11461944839893509,-0.7089919820457887,-0.13180598492406573,0.09259610946141669,-0.5348292616979973,-0.09678940216584146,N
0.0,0.0,0.0,-0.20861636608829265,-0.35071749645492234,-0.07512004509470903,-0.24981937346340677,-0.7937603363444187,-0.09891429554254046,-0.11326005922142542,-1.1249184893742394,-0.12148957683494575,0.03897831899146249,-1.2902497248494302,-0.12751431946531347,-0.26121243541235845,-1.0160661877207484,-0.00936621675171591,-0.24646967417507795,-1.3410203657490065,-0.1198163509211915,-0.19451185207611513,-1.070952347027474,-0.17683177011736373,-0.17788614519782625,-0.8069161394144627,-0.19255822116581248,-0.08938356400092827,-0.9959373592260228,-0.010924970681336675,-0.07497375635859822,-1.4097273305504732,-0.14212678643500476,-0.05503066323496874,-1.068515426577476,-0.18948332815157684,-0.06491276729379214,-0.7909343668568426,-0.18347066252102595,0.06999987427751052,-0.9205630503865428,-0.02872742164612685,0.06703948253110355,-1.1460899951401082,-0.1685285136519868,0.03485052162797782,-0.7546230371814543,-0.162451302718067,0.002506975127196541,-0.49968863826518733,-0.1129164983823566,0.20688128493199825,-0.7933984302629509,-0.052134024634619955,0.17413214511562908,-0.941911890132331,-0.1403182254189552,0.1368571112461606,-0.690458122954581,-0.12326709309494442,0.11708178744172586,-0.5204894488018956,-0.08376457576360584,N
0.0,0.0,0.0,-0.20752398428238486,-0.3029199002492867,-0.07400666097051839,-0.2621632752166973,-0.7295973009279263,-0.10557430913307125,-0.13469272409023833,-1.0732131988385927,-0.13628785824317996,0.023423460024784314,-1.2471035226265514,-0.15137041998956866,-0.26332797211237546,-0.9989607027915994,-0.02148600855471023,-0.2507538052182083,-1.3009882282629972,-0.13393840668774312,-0.20964819701167187,-1.0159291014668368,-0.19510976450146036,-0.19736564276249702,-0.7508917882232046,-0.21368251811891475,-0.097201709734174,-0.9949327405010608,-0.025703492054624133,-0.0970669265700796,-1.3882460470134632,-0.1472887511176124,-0.08205764377442998,-1.059060465556026,-0.18812682852236942,-0.08646039345062878,-0.7805330611655705,-0.17984660458886992,0.062395084975268536,-0.9331851408187328,-0.045772304737603735,0.03575411532880326,-1.1171516334912208,-0.17596905204209193,0.00464976863492943,-0.7273135029281409,-0.16585486578739297,-0.014769028047756452,-0.47496810395251304,-0.11545006478469776,0.20613682000805272,-0.8156246596217945,-0.0717744479073163,0.14097467174761202,-0.9445622929209984,-0.14881585000364428,0.0962041138988136,-0.6902756906981857,-0.12537147885947705,0.0790651067946761,-0.5121973182965353,-0.08280707933584018,N
0.0,0.0,0.0,-0.21310099330375565,-0.29397709866128785,-0.060451760759306104,-0.30082882804324873,-0.7363100534775943,-0.09631359508106778,-0.18361205856039914,-1.1259948976759637,-0.13322036595199563,-0.012466511276088195,-1.3228724182928469,-0.15618581892192857,-0.30966607140999075,-0.9966056585288966,-0.02264802384890291,-0.316072872913246,-1.3260920806386034,-0.14170443615198647,-0.26142831838660513,-1.0441141723598322,-0.21506336970141846,-0.24546396487175304,-0.792973444927805,-0.24459210869515796,-0.13814864012879882,-0.9897132751616137,-0.03718314402300901,-0.1522895624331376,-1.399914919480381,-0.1574376117789925,-0.12615931333616368,-1.0570098830875176,-0.19775365251738405,-0.13502508113850875,-0.7832921981674248,-0.19193273492391033,0.03410429505733553,-0.9242940816070604,-0.06596917719166041,0.02345641648857506,-1.1521422081175974,-0.19099512739521493,-0.012278836484830687,-0.7444872360728113,-0.1640631450524562,-0.05191713863266992,-0.48357182436004065,-0.10590115439904375,0.19331863075425867,-0.7968655641783158,-0.09997824362067277,0.15270543270921957,-0.9472582516438499,-0.17857858386584027,0.10109459852989465,-0.6693053544954785,-0.1437046122298346,0.06781857843908906,-0.47853073018009823,-0.09314710781488325,N
0.0,0.0,0.0,-0.2487653702784908,-0.23164991973622423,-0.06543538789894189,-0.3409364133386683,-0.6943855936212402,-0.0969460029382946,-0.23750418816311178,-1.1001770990887627,-0.1308587992983722,-0.0923651675646913,-1.3464124080039517,-0.1485196822733247,-0.3315049877362531,-0.94484668206434,-0.029467135526447148,-0.42265498632463744,-1.284753647273011,-0.15506357590158285,-0.3637052848767454,-0.9779069535610477,-0.2116637370689688,-0.30967648555121013,-0.734032092174409,-0.22387367468796482,-0.16815131810247513,-0.9848003343248671,-0.0435136269923605,-0.2582276092943209,-1.4340416939877454,-0.18263464788988434,-0.2297330452998784,-1.066979988024299,-0.20922974002351197,-0.20374501242576648,-0.783853179837172,-0.18243847499368335,-0.0046940033508471495,-0.9665155147435058,-0.07382837083093842,-0.08014148646300741,-1.1939448372077115,-0.21174997961128797,-0.08862161795672321,-0.7362355313555132,-0.17446846306057517,-0.08447273190137936,-0.4635978892167524,-0.10084712989139942,0.1581646908147117,-0.8987000939513017,-0.11021137875104599,0.06264647069185751,-1.0471486152114506,-0.18397012923947936,0.040020181221309285,-0.762326929225535,-0.14183456341818526,0.04377577607270319,-0.5880807179495962,-0.0832645935215785,N
0.0,0.0,0.0,-0.23111182441267616,-0.24043545413998968,-0.08158293038955793,-0.30702358254880013,-0.6753626767350296,-0.11244143853084251,-0.20508914846620757,-1.0519112662045371,-0.14311516751428924,-0.07280705799497583,-1.2952891576170138,-0.15813227505660793,-0.29150590530653514,-0.9421201857847105,-0.01733840274312032,-0.38404444577413976,-1.2360503724658476,-0.1386690275983586,-0.3532571178930931,-0.9550694509313526,-0.19832886404834787,-0.30937176184389137,-0.700030073908996,-0.21513599176433837,-0.14896816624900938,-0.9886431737340291,-0.019828274597500382,-0.24888979959212795,-1.3734417580282585,-0.16190212391660921,-0.23191202123480004,-1.0275141306764153,-0.200571244908989,-0.19799881698178493,-0.7462984176826999,-0.18725146189871208,0.0036642820405757837,-0.9711984594871126,-0.042756509707615756,-0.08709677855254595,-1.1629876114837159,-0.18379533558952818,-0.08623596476969884,-0.7502864313519417,-0.17476107574758865,-0.058612895178982535,-0.4830581482208359,-0.12512643920638403,0.16005233486614948,-0.8977025122332623,-0.07427858662240713,0.04629521111655723,-1.014858818083848,-0.16103184700561426,0.028693263355799598,-0.7512762877913504,-0.15367755711280204,0.05224864370881252,-0.5871904103596952,-0.12369015307902884,N
0.0,0.0,0.0,-0.2396728686691442,-0.2668132107599016,-0.07839169237056565,-0.31069561977164956,-0.7188926953972145,-0.10802116185395622,-0.19761117561200603,-1.0977554298085752,-0.13738685433827708,-0.05370127968181741,-1.3286386863826125,-0.15138690260822332,-0.29741515097611954,-0.9494753302787612,-0.02825447958855432,-0.3785129078230138,-1.2695968555933006,-0.1426863985573929,-0.3403579486889166,-0.9896695290282428,-0.19425628055004607,-0.3022925020228974,-0.7319178379660282,-0.20501761033666902,-0.14824531908288008,-0.9884476299158051,-0.03153741086143324,-0.23847981845455093,-1.401135697049727,-0.16585979813165252,-0.21615589422447015,-1.0665360692553134,-0.20045973724212948,-0.19030647290828281,-0.7762174775330491,-0.18507388868866873,0.011628262758235655,-0.9667217136802934,-0.05312691199975627,-0.06992649298441807,-1.1823301528853891,-0.19191857616911254,-0.06389033293824542,-0.7601253196611607,-0.18097298078790516,-0.04281473017563736,-0.4722781617902114,-0.13000742591172035,0.1712440918298257,-0.8907001495826091,-0.08216141087983746,0.06745411547756604,-1.0334269710853097,-0.1697892303405559,0.04147500892901275,-0.7684069754615119,-0.158309306862533,0.049473702876207844,-0.591192914281035,-0.12507107111739446,N
0.0,0.0,0.0,-0.23091709320250134,-0.3131395425958755,-0.05961794679337211,-0.3125098938667038,-0.7453834281703963,-0.09196377478579652,-0.20270968065310016,-1.1302165452092843,-0.12771063450808548,-0.041929183313836,-1.3420233077760015,-0.149166831918779,-0.30117648252832924,-0.9766311600470595,-0.017131039127346575,-0.3339485161308306,-1.3319748423140223,-0.1270131520256009,-0.2847072744851069,-1.0625970824357982,-0.1816267156355199,-0.2560626427886026,-0.8084570078542295,-0.19688501601430128,-0.1374056188522519,-0.9901088057132486,-0.02835927990824761,-0.17786526741573322,-1.438200091309929,-0.14873212113380396,-0.15489066372236068,-1.1129192786537216,-0.18602186443410842,-0.1457468033468043,-0.8321518935467811,-0.17709094905272815,0.024993253798082902,-0.9474677126817738,-0.05304004951071687,-0.025472998819676348,-1.202966356059949,-0.18179964311733388,-0.04367300995465295,-0.7945513126826242,-0.16227986804622307,-0.04982597241996501,-0.5130488944137909,-0.10770739340136333,0.17997056398971753,-0.8484361140359706,-0.08205674938567173,0.0924850060547404,-1.0144504833781258,-0.16234367346962822,0.06492451837102255,-0.7623847412181781,-0.13640269069052213,0.06449527282538631,-0.5842289689223332,-0.09209714157616575,N
0.0,0.0,0.0,-0.18751466729820443,-0.3578840777726389,-0.0675334409690366,-0.2112887037533204,-0.7840880579385066,-0.08325342902640975,-0.0764587814336963,-1.1020628171457503,-0.09753522427589266,0.0711130149374226,-1.2697546032774611,-0.09571484909812324,-0.21587200498683365,-1.0215145377147226,0.021171369342199865,-0.21778910913124253,-1.3043326217633984,-0.07675344153342717,-0.17439715267561112,-1.04577046388629,-0.13234764582127487,-0.16547514206264619,-0.7968095088133202,-0.14989556137696097,-0.048245621647113296,-0.9986498188880263,0.019258744164551957,-0.05257582136961453,-1.387346027246444,-0.10148259580633545,-0.04627065183544134,-1.051996372044296,-0.14814658374058745,-0.059697431704919625,-0.7836180817417858,-0.14229101281390177,0.09753428410329623,-0.9124012849654748,0.001271373089829636,0.08207515502099437,-1.1051712732632224,-0.12992766653854224,0.03940603314003988,-0.7285647345343113,-0.11419290055012567,0.005218607908128384,-0.48159868618358315,-0.05850706169294678,0.2288995603788079,-0.7729248468178483,-0.022428281626809505,0.1883996716210514,-0.9074647114019899,-0.09924122054675842,0.14818740926822013,-0.6708454333707881,-0.0686500447232797,0.12915543993200723,-0.5301100522606063,-0.0197634673569596,N
0.0,0.0,0.0,-0.21995540953766282,-0.2128312441498144,-0.060828432280715314,-0.3696982607277379,-0.6600316288941563,-0.06977195298296758,-0.3965856748376514,-1.064857295554291,-0.08662412635201491,-0.2991649092297844,-1.3136607379969545,-0.09445440499902552,-0.24209903239021585,-0.9262101623857537,0.13028653678081978,-0.2647894491134532,-1.23966704582677,0.08991314472476455,-0.2785771609548725,-1.3707708142393897,0.027140697575218288,-0.28714517350303326,-1.4010079315225346,-0.01521659223618987,-0.12388814639871391,-0.9833769472960179,0.13274602332520458,-0.1461179441876737,-1.3145413902502987,0.09463170027746151,-0.17740806359697625,-1.458033778714224,0.023031375802394956,-0.21373830485141224,-1.4394714194285372,-0.021537767057334928,-0.01978020572568058,-0.9866524288304731,0.11067002868635385,-0.03482273583464895,-1.3273681125589494,0.06863542361728765,-0.0810497515599051,-1.4869354624667295,0.003548588438460981,-0.133927526490104,-1.463704367513456,-0.03299562395603576,0.10126722559193363,-0.9366932044078058,0.07953875088110353,0.07771895127595005,-1.2141831712456237,0.04098022730934589,0.02927445984838133,-1.3766376595066967,-0.005012386290816378,-0.0305851528327619,-1.4165372110303684,-0.034030450728292555,O
0.0,0.0,0.0,-0.223296983508008,-0.21314897106573702,-0.055267382012444924,-0.3757526266961776,-0.650613495288839,-0.06301374963698865,-0.39516431417248765,-1.053197166510235,-0.07971070693962243,-0.3045407723829058,-1.3216696256763998,-0.08755347662514322,-0.2508134926743816,-0.9208760844247623,0.1302675001993383,-0.2673873235283809,-1.1958744860513635,0.08801936359369929,-0.26835170516236573,-1.3071576900672237,0.023633348968230203,-0.27028789521416813,-1.3422085338988792,-0.02076944676467069,-0.13200228051280063,-0.9830654966455252,0.12711265572124056,-0.1495006084209423,-1.308923339156941,0.08263888219805852,-0.17365911103064538,-1.4487487737062967,0.009619968458131699,-0.20947711412561623,-1.4292075301120155,-0.03488616830709925,-0.02559572281437245,-0.9874076895930678,0.09993664396364303,-0.039508289461639534,-1.330215103207206,0.05238086259755623,-0.0788966501176837,-1.480644059607241,-0.012314180159360626,-0.13048749167698934,-1.447697196128794,-0.047451929825790384,0.09917369544354201,-0.9409339020945208,0.06430921007882481,0.07521269027057624,-1.2127880234991937,0.023575978352494472,0.029358901689029146,-1.3750701268962833,-0.02085405321903378,-0.029426292875659576,-1.4138973527738536,-0.04867929181229706,O
0.0,0.0,0.0,-0.2220905922890347,-0.2075876935186891,-0.061648293166851956,-0.37719888416195907,-0.6501083338516662,-0.06983926396721349,-0.39825533847197503,-1.059456030337097,-0.0853273752558893,-0.30017522063067936,-1.3162205921255126,-0.09191400805594548,-0.2523933092259512,-0.9175393168541793,0.12151081800607798,-0.2746455991013955,-1.2099061577332948,0.0793524562799377,-0.2742465256762491,-1.345370122565337,0.015244655903006514,-0.271686750750067,-1.3891928711068497,-0.02883789019986716,-0.132487669134576,-0.9835753064488286,0.12258317205628277,-0.14884774097156414,-1.316161049595043,0.08211870012318517,-0.1694710579901651,-1.4745549813818726,0.00901097648939331,-0.19678501683951727,-1.4600670374796447,-0.037575551003367104,-0.026392572808087655,-0.9887513524696382,0.09967073033757111,-0.041841228515889894,-1.3227054660486415,0.055337188236343496,-0.07852801248714047,-1.4877731462040888,-0.013019034434255516,-0.12252966556206385,-1.446546451991044,-0.052217980943406545,0.09796130972235892,-0.9433935144100222,0.06763809518401535,0.07542266181665687,-1.2103758513689982,0.027579728406588375,0.03408934493277151,-1.3776632216719462,-0.021059870215292712,-0.01693084930348834,-1.4053366512401326,-0.05245996767225195,O
0.0,0.0,0.0,-0.21944154936075935,-0.2247142278837253,-0.0518055570981864,-0.3700722464627776,-0.6562573506559433,-0.05918553427741861,-0.38958790260198645,-1.0550585566483397,-0.0764081463666444,-0.29806630760382785,-1.3032688889854052,-0.0850853401514159,-0.23879845352881998,-0.9239719610045927,0.1312550260255158,-0.25324975924371984,-1.215073499962943,0.08823288627785643,-0.2620190447489559,-1.3276682000459268,0.023448360992570787,-0.27033212151799113,-1.3544246798794188,-0.02054539804778864,-0.12408146173598078,-0.9840322203963389,0.12761026633979577,-0.14396799065420318,-1.3074736489584287,0.08655298700637146,-0.17909795969626305,-1.4503127668075555,0.014230836308346078,-0.22355609703618487,-1.4360819800423394,-0.03170935400817282,-0.019599908465193678,-0.9883453434895999,0.1001572486875008,-0.03440474885986906,-1.3316248084736058,0.05124738081790444,-0.0819360642897321,-1.4877308231334345,-0.01757424108414387,-0.14168396698739302,-1.455671864918911,-0.05603540567330547,0.10182150957675212,-0.9442467008010667,0.06505306668170999,0.07740323497018904,-1.2177443799690018,0.020462410981486538,0.03353811480576804,-1.373486836360433,-0.02760027316750459,-0.023907342494642315,-1.3993986256716722,-0.057500707870310336,O
0.0,0.0,0.0,-0.22118481334891352,-0.2168169397193732,-0.04979636280906331,-0.366229553377561,-0.6652435689451153,-0.055288886389837366,-0.3838557878259406,-1.0748949737249804,-0.07044650943749049,-0.28957903205850727,-1.32656244606441,-0.07861151047083874,-0.24164121067126612,-0.9143914655334785,0.13027761162175416,-0.27630295504014396,-1.1972909367401696,0.09883871038133982,-0.303169017987188,-1.3039194821789204,0.04373297781521551,-0.31643014696220284,-1.3505360626235292,0.002395856727459586,-0.12748134272545494,-0.983735992258169,0.12653855061897432,-0.1624915979568457,-1.3106519148136913,0.09508073941168513,-0.2148252513510011,-1.446511635835952,0.033695470512588525,-0.26580416911279897,-1.4503081620308405,-0.00692958186683606,-0.023417217167815772,-0.9997478380249161,0.1000074086177184,-0.05290693853813021,-1.3540948042029304,0.05999119380683844,-0.11642283561939581,-1.4974210728777413,0.003985756418081238,-0.18002897459198725,-1.4918152798064552,-0.028714684421696186,0.10053306553999443,-0.955827718510997,0.06545357476200621,0.0690342164174014,-1.2432030214380783,0.03046953267202556,0.015632608370684555,-1.3991360269679831,-0.0067866233606849145,-0.046268900028948554,-1.44793336084776,-0.03191934638690295,O
0.0,0.0,0.0,-0.20392850724243294,-0.2993000762984372,-0.06376119427854003,-0.3260623268234427,-0.7468185108811719,-0.07262902805834398,-0.31886886873511355,-1.1517878836908928,-0.08787447469997423,-0.2034554185552918,-1.3899209212783055,-0.09429308465940936,-0.24154069485522858,-0.9416148240428739,0.13552231239023826,-0.25026718946780574,-1.2570490252564075,0.10086550523609651,-0.220491522247602,-1.3892426637948956,0.04226689184729577,-0.18701817857017586,-1.453422846370272,-0.0007766970825791002,-0.11732708573438218,-0.9830810201877084,0.14066294003671123,-0.11780535820759923,-1.3203872518407127,0.10365829556240143,-0.115651904339315,-1.4626145175754532,0.032637444366124736,-0.11809346758108309,-1.4889279613586208,-0.013150057736883134,-0.008799067617640289,-0.9773030085289571,0.12161956865384396,-0.006933177461147718,-1.314775666998084,0.08249273502102042,-0.022654509306091638,-1.469374311033903,0.02358938236606949,-0.03712954984604096,-1.4851800840257157,-0.010524644871679922,0.12059423511645537,-0.9025948292641911,0.09278469892467589,0.09616632531069978,-1.1775665790157,0.06416982038008752,0.07296097052632791,-1.3497800009684122,0.027339621390986234,0.048879828725968154,-1.435665787167137,0.0020042438190755775,O
0.0,0.0,0.0,-0.21148993448903589,-0.2902187982444006,-0.06087842427204598,-0.3334149164489601,-0.741992636317448,-0.07579522373927032,-0.32042255320879676,-1.1572753536140032,-0.09966529758723386,-0.20738731802626317,-1.4156475078164752,-0.11543599458477298,-0.22469139270270339,-0.9465567534531274,0.13694361876511427,-0.2230596702459188,-1.241369220307689,0.09093391343252105,-0.21301696987630905,-1.350484134111159,0.0224278706928023,-0.202570875332182,-1.392206677125276,-0.02590309156579614,-0.10143618704618744,-0.9855073224493414,0.13596329415051955,-0.07359305570789404,-1.329636890671415,0.08200722084351529,-0.0980806175114482,-1.4609179654077136,0.004636398647239178,-0.1434863307964953,-1.4676954062878826,-0.04074077159925662,0.001597385097984848,-0.9726204837752455,0.10990723215624322,0.022667960952686417,-1.3403442841410427,0.058460686745838014,-0.026544732510833148,-1.4696149483944438,0.0006830698304614871,-0.08850300689598785,-1.4658632429886735,-0.028116398675290172,0.12094008600996084,-0.8849530192767181,0.07430139758307412,0.10977625691726352,-1.1756318822959315,0.03909847736868708,0.06463714670257215,-1.3559172534360422,0.0007852512258690497,0.004198649401204495,-1.4506321118713186,-0.02442272698269952,O
0.0,0.0,0.0,-0.22582753157595284,-0.2938803481865164,-0.056718344082058884,-0.34801704410261863,-0.7385386276242317,-0.07075878857528528,-0.3360436647261765,-1.168034636982781,-0.09773198028911247,-0.2272612963880303,-1.4442092614669522,-0.11766031451468481,-0.2287570757435044,-0.936302863625381,0.15617481489211543,-0.22727672857855297,-1.2313313382086526,0.10850821667395709,-0.23031458386106912,-1.3348990550566697,0.03781759842124643,-0.23357191918657422,-1.361735348594269,-0.010990351167315771,-0.10804305209958844,-0.9828000536701547,0.14976900012668434,-0.08453496765137612,-1.3572628711557575,0.08918454210783336,-0.11527360492206647,-1.4761233172491184,0.00015219949032392797,-0.1639155836681839,-1.446812014711121,-0.0532240469352384,-0.0034731002115163606,-0.9778530363730713,0.11742478096436475,0.01245892181529394,-1.3829536103283553,0.055194803116374494,-0.04265914710552705,-1.4944224658333212,-0.022161027788268152,-0.10722857537755917,-1.4455734385310246,-0.06313902394073359,0.1135874952168129,-0.8974456081238946,0.07732551097644456,0.09061239290424429,-1.2023182484634405,0.03368092964592087,0.0501357576324497,-1.388539920406905,-0.01881149450158926,0.0030429993460237147,-1.4709992584329834,-0.05531312614324859,O
0.0,0.0,0.0,-0.22929239944134683,-0.3028346315962761,-0.05989577076732991,-0.35064269905282397,-0.7394972585577784,-0.07242379459882452,-0.3383385297258917,-1.1584515276341565,-0.09742811266476951,-0.23834930531250095,-1.4383157032670457,-0.11538691899230191,-0.23138924695637647,-0.9246312341185104,0.15678729052657434,-0.24457474051870368,-1.213765660915428,0.1115361094711265,-0.2552347399657806,-1.3213978721666504,0.03926357957707112,-0.2627684694237649,-1.3596640818780659,-0.011671353841729157,-0.11329235827473544,-0.981890903223795,0.15183904544914986,-0.10401330504557911,-1.3416380113564024,0.10081900138720462,-0.14496107088412422,-1.4652167703138765,0.013736069117590677,-0.19831695424730833,-1.447570026884651,-0.04219764702935882,-0.010269355413759871,-0.9857737316679707,0.12016707572637528,-0.0012515698320652625,-1.3840529277649987,0.0634144597121723,-0.06481142183948405,-1.4946239110465473,-0.012503438250734347,-0.1377590255946288,-1.449118771201289,-0.05484700924973392,0.10370593134268298,-0.9173055407712591,0.07967771585110389,0.08753863343162427,-1.2310422984633027,0.037679609535504595,0.029357821224887847,-1.4040535948971307,-0.011093052486859125,-0.0427621089775493,-1.4590134101281547,-0.04524089118983968,O
0.0,0.0,0.0,-0.2508814864904525,-0.2554358084348428,-0.060617473170023604,-0.391021358703432,-0.7008215685111344,-0.07450490580520863,-0.39483405768212515,-1.1370255913560972,-0.09925668513944969,-0.3058970830969238,-1.4355000888532192,-0.11359888819263986,-0.26649168208162843,-0.9079701236383454,0.13114156578447822,-0.2930228319876926,-1.2311368812181336,0.07692787428898502,-0.3194233961592437,-1.2808790676209159,0.007054001864986523,-0.3281226595484556,-1.2580712001341825,-0.03839565701705549,-0.14935916728830553,-0.9803052310976005,0.129203301156062,-0.1596130365125063,-1.3654603434751733,0.07625013577139451,-0.2198188382528886,-1.4525058472553807,0.005460385753752215,-0.26683403627498686,-1.412779471127156,-0.036607542509676794,-0.04109521508867392,-0.9963523977583584,0.10108872699240347,-0.045763944004009335,-1.4249506682874102,0.044773583841992044,-0.1247622463480935,-1.5121180906073621,-0.009732613062989504,-0.18905607495431712,-1.452729894240148,-0.035233471633218855,0.0807718993002255,-0.9469379757710742,0.06375758430843988,0.06014426465752543,-1.2700674644133576,0.023353819510330172,-0.010961690130300511,-1.4327976575243795,-0.01291781278314325,-0.08203210941957532,-1.4721932357189373,-0.035047077289891274,O
0.0,0.0,0.0,-0.2589289292577911,-0.1644190529194352,-0.05980702283259885,-0.43972241174480325,-0.61646674991742,-0.07395900734329355,-0.4830348569003434,-1.0580199589208614,-0.09930325255556112,-0.4038842700020721,-1.3716468854359105,-0.11566446337036808,-0.3176838819106267,-0.8762268082556218,0.11249345324715433,-0.38112818710860225,-1.192266607790486,0.05343422049016356,-0.40679239561146124,-1.2256107614395866,-0.01834456231209849,-0.41599505094894135,-1.1834749354936716,-0.06317008289678192,-0.19701349298814005,-0.974379802899996,0.10848817115785932,-0.24933121346820908,-1.330905788120325,0.05643260539581,-0.31675135898794654,-1.4188451932665174,-0.012966818337418735,-0.377280929200148,-1.361275271756888,-0.05390958143345518,-0.0808392825646325,-1.0187123452153173,0.07939934807907284,-0.11663626591805719,-1.4296012022675662,0.025414480471204606,-0.20532418293984783,-1.5284361643843902,-0.027392136706659263,-0.28554218412429266,-1.4684757516067948,-0.05343931116001797,0.05206986886563243,-1.0067487731061133,0.041234771567061526,0.011335981778830537,-1.3132073802923578,0.0021054718127480423,-0.07220803785825344,-1.473504285330964,-0.03158292258571383,-0.16250503760358623,-1.5133205205919518,-0.05236815093467173,O
0.0,0.0,0.0,-0.2545467921873019,-0.16492920002312084,-0.056265231727168255,-0.43845415792497316,-0.5724564522676395,-0.06457379132303716,-0.48829678962587986,-1.0045388436518965,-0.08223040194667455,-0.4396104593628731,-1.3175140172528588,-0.09300271716789216,-0.33633257935624966,-0.8683797538944038,0.11634502173126042,-0.389680587154792,-1.15490077550966,0.07148042381974813,-0.41705747527407344,-1.2766414019802532,0.0035583934524251546,-0.43717414419596307,-1.3193791842833347,-0.04394182624283789,-0.21132831177194708,-0.9710794831820773,0.11110797445030007,-0.2556777092635826,-1.32300725146213,0.06957177786384797,-0.2986026647618223,-1.4623013098796065,-0.0077103622997430985,-0.3441264536961898,-1.440961377324511,-0.06179994347272048,-0.09337360236102334,-1.01164135885555,0.08300873529633254,-0.13455491481286133,-1.3722985756770636,0.036975697681329196,-0.19338419407554394,-1.5133742077962349,-0.03559404808180556,-0.25513705153851857,-1.464439723515329,-0.08164988967971475,0.04086006897893166,-1.0019449703783838,0.04684189650501382,-0.0009275504090547253,-1.286981006838911,0.011806850112790195,-0.06691201013139417,-1.4517450626243704,-0.03319115246641319,-0.13955125743779154,-1.4784927395271918,-0.06647703945491483,O
0.0,0.0,0.0,-0.23972899756208502,-0.18193884568832133,-0.06723395944914816,-0.4027684666018292,-0.585713174169877,-0.08840520953016948,-0.447725589438643,-0.9973471979790276,-0.11827399675309465,-0.39486554953947556,-1.3133663835764051,-0.14101182658166317,-0.30878485917302745,-0.8820381283309363,0.10687852390312819,-0.35720397210870264,-1.1678844334592406,0.05012810717232548,-0.3826741861254338,-1.2826925561159495,-0.025731118982778918,-0.39966075301738263,-1.3023350631811632,-0.07557117966206643,-0.18440801128318665,-0.9772261341981425,0.1049893709607499,-0.22758326496309986,-1.3365488215736514,0.0524291419903624,-0.26642500831869137,-1.4607971379440625,-0.03354156987487027,-0.3065526337110028,-1.4187773925435645,-0.09067678625603282,-0.07034939602037375,-1.0082325564503307,0.07914471323902088,-0.10862202958320931,-1.3743696817253053,0.026753166388287335,-0.16601907623657833,-1.5034380009296324,-0.0533782049703857,-0.22467848096611012,-1.4443792557130524,-0.10268796463484321,0.05858939969028343,-0.9852315080284649,0.04488762682881975,0.022289377759709416,-1.2803485209859755,0.008185776172240674,-0.04328408742514142,-1.445499478051632,-0.041059603146191864,-0.11793780138504911,-1.4749163324389438,-0.07723926405944989,O
0.0,0.0,0.0,-0.23110297523302656,-0.19197734339797068,-0.05907797566049458,-0.3906960500043748,-0.6104964440380921,-0.06632382409316227,-0.43587902482434526,-1.0157545967898747,-0.08314407703660652,-0.3617890195765672,-1.290528986713148,-0.0906543621770724,-0.2772312844157462,-0.8968534139378393,0.1303959393573208,-0.3130497353363776,-1.193183377033144,0.07797824395743812,-0.323931235202523,-1.3092174157337073,0.004949181625177887,-0.3325835765255142,-1.3173635116854123,-0.04019010843937236,-0.15672728457914697,-0.9790872134065626,0.12971039592962247,-0.17965739720271506,-1.3160241751749118,0.09172380771771478,-0.20823514473590712,-1.466915218318037,0.019486905172359376,-0.2467666592430135,-1.4461476494415084,-0.026614923528812763,-0.04988473378313693,-0.9944481521236381,0.10304659675913809,-0.06718752088614044,-1.3293656836398526,0.06152088171637996,-0.11135610942055989,-1.4884380256757193,-0.0011361658387991198,-0.16339174290100902,-1.440716106431476,-0.03539777383212388,0.07005791453986186,-0.9605479906976259,0.06671319704778417,0.04293134055292387,-1.2339814193592737,0.033090851139612916,-0.005428564299637093,-1.401183880627452,-0.008218267971059621,-0.06266773404894571,-1.4260692458337272,-0.033514941145904226,O
0.0,0.0,0.0,-0.22833761759288806,-0.1829598441041396,-0.04721140640538378,-0.3816834891142827,-0.6267633127318201,-0.04549243333415397,-0.40914415054344927,-1.021690253030276,-0.05267098554046438,-0.346384108240144,-1.2821548138947216,-0.04938749092880216,-0.2919752182302637,-0.902764837561354,0.12193886351443305,-0.33316142766742796,-1.1912596118849264,0.07367856130711545,-0.3452745203122942,-1.273887290642164,0.010648739122626311,-0.3477232660841006,-1.2733904357523043,-0.02849750610433203,-0.1679467914833093,-0.9787891016602899,0.11732761695996602,-0.198156006062817,-1.3102137235933617,0.07554495276829765,-0.23027065094601154,-1.4156771865115303,0.016129433693768472,-0.26458561415608256,-1.3769652761642153,-0.016961551630720027,-0.053842617550150115,-0.9956862673783113,0.08904080275197641,-0.07268702809229217,-1.342440147161899,0.04284066848748344,-0.12313829672700198,-1.4718051179170204,-0.00385007032057877,-0.17328319884271678,-1.4331238168918528,-0.025493133665222042,0.0758862488517526,-0.9612084188468122,0.05265099466824635,0.04443298396496112,-1.2268396693112575,0.015270706199310334,-0.006693876137148823,-1.386577696508632,-0.01641608928247916,-0.061044007180406576,-1.441112576674852,-0.03346506002914948,O
0.0,0.0,0.0,-0.22135376318626815,-0.28088794682270596,-0.04487245086953287,-0.3388686025852719,-0.7182412615038668,-0.04984733471025826,-0.3300855273327384,-1.1131929273180878,-0.0688794749487397,-0.23091059115535167,-1.359237388442455,-0.07846134186994508,-0.2020350824166092,-0.9319135324083377,0.157181791255048,-0.21011379394409382,-1.245996910919919,0.11402890836313961,-0.24608688005502047,-1.3143403543339849,0.04614015922734398,-0.27345049431479185,-1.2854088107115396,0.00379434246746236,-0.09332662249747328,-0.9840031937150859,0.15174932056429563,-0.08645239912434736,-1.34103626320384,0.11219560702129447,-0.14429218214190356,-1.4442313095190245,0.0409589126895476,-0.20047867424497698,-1.3919125336176972,7.706909985287439e-05,0.005365732882417106,-0.986134090367297,0.12167614801304724,0.016423719675182906,-1.368056336494368,0.085269495262536,-0.050647941355030916,-1.4674499134562962,0.03314896690116643,-0.11462668628105233,-1.3969669324967378,0.00771452309857639,0.1171108121767917,-0.9248311420607086,0.0825963252782766,0.10911562928435933,-1.2284009100562439,0.060277875761117754,0.047296845833404225,-1.3674640425367248,0.03295020794470303,-0.022759327367109724,-1.371740761020451,0.017322301448462453,O
0.0,0.0,0.0,-0.21114455831634418,-0.26541776329520134,-0.05630372937823983,-0.3235608993569928,-0.7372700113318799,-0.059999231151906626,-0.30593610791555476,-1.150076200936316,-0.07168438745734701,-0.17958289762490046,-1.3547069511849088,-0.07243146471444932,-0.2149430047476886,-0.9383550173492136,0.14773053783602466,-0.23152770769754394,-1.2454905374816658,0.11207599341271313,-0.23295212510929808,-1.3275989689342165,0.052219645079143784,-0.22436605348844665,-1.3353393586620894,0.012242245227426075,-0.09117643096437897,-0.9840811902955414,0.1525485802723452,-0.08275284844086839,-1.3360341578218229,0.12328896111636643,-0.10121171541118915,-1.4548806883525327,0.06135424929402164,-0.1276557608794028,-1.43927909719779,0.024149618480098615,0.014145256241725267,-0.9801300146639367,0.13200535703860578,0.034087100006283406,-1.339699394847068,0.1022261222809642,0.0028504175095213657,-1.4798512531425874,0.05403843981862105,-0.03730865738586738,-1.4579634969249717,0.028865651856983608,0.1408239722890656,-0.9096611837134349,0.10154712525189244,0.13390341391595784,-1.198670200938309,0.08320830336703103,0.09668101291780223,-1.3619247907474699,0.054623473108823685,0.04441175221248142,-1.418271578184438,0.0360364539088048,O
0.0,0.0,0.0,-0.2168505582987002,-0.26425882761869995,-0.04320702610116539,-0.3333582584931996,-0.6940073177945895,-0.049604884267329764,-0.326193101225612,-1.0727911456557886,-0.06781203057229451,-0.24897510035051812,-1.3220728095860517,-0.07708727932943403,-0.21139653674538872,-0.9470428527588287,0.13209218801055428,-0.21110172476953404,-1.2550258218779442,0.07973604638088436,-0.2241350198927385,-1.3438739508247852,0.009668059211129917,-0.24155907188683928,-1.3298252915785005,-0.032716913378884854,-0.09867055377669239,-0.9873884081408056,0.12380732323480155,-0.09649829534455001,-1.333581206369675,0.07943784144874344,-0.13113359311447864,-1.4424729730995371,0.013314694863751269,-0.183221810948934,-1.403580273615901,-0.024455683537450753,-1.558364863703224e-05,-0.9753069929327091,0.0918671664027177,0.0050787366377737855,-1.3275155904747726,0.04954413222970822,-0.0447235387703838,-1.4538717734034017,0.0034238672867230716,-0.10857868867404745,-1.4345738515281101,-0.018833261580226655,0.10981592818796788,-0.8962756684834241,0.05172044624254098,0.09355068652530282,-1.1820984337710299,0.021690270325816587,0.05018496894353913,-1.3385857290741856,-0.004428191236710746,-0.005296396779392662,-1.3970052512393225,-0.018809209511870498,O
0.0,0.0,0.0,-0.22675529419150728,-0.24670944460826152,-0.04731789079999408,-0.356370841188515,-0.6831375429772254,-0.056220806977852894,-0.3664816139043543,-1.0871734362478418,-0.0784326432241375,-0.2815321083346871,-1.3654250939221608,-0.0929184305376999,-0.23371188611513707,-0.9300403763033515,0.16372467135101035,-0.24149605210515923,-1.23309751324348,0.1150545415041623,-0.2534545513837238,-1.3285357908455389,0.04037141769374186,-0.2701189328289836,-1.316058842343593,-0.005164235178767619,-0.11876930294213887,-0.9803858608380893,0.1572813293032494,-0.116582065739252,-1.3338808551362933,0.11110316400221171,-0.15064251862515568,-1.4447506611072256,0.03169944834510049,-0.20315160696499668,-1.396237642712644,-0.013790589432030407,-0.02215570270629866,-0.9815513249687953,0.12496539255574975,-0.015970234790354962,-1.335854311375228,0.08830177998746329,-0.06658595034775128,-1.4563574954267682,0.03355838178064978,-0.12777511302559857,-1.4201064291382943,0.005043251414658393,0.09361445453309192,-0.9127974492803461,0.08347636347097767,0.07378616884053443,-1.2126774472704183,0.06643052632473977,0.02696125028764752,-1.3930375456047404,0.039178125237145575,-0.03101539086746128,-1.4776698234521564,0.02080639117149666,O
0.0,0.0,0.0,-0.21833789264702752,-0.3159916726689842,-0.04748046354267108,-0.32717133219606526,-0.7763256297273564,-0.0467699924333024,-0.303864962055794,-1.191609480797266,-0.05951421430223903,-0.19507998923881004,-1.450300663134529,-0.06542491855279466,-0.2199094403610945,-0.931552037996072,0.19156083194581094,-0.22263722603352584,-1.2247097518900911,0.16360666932824056,-0.21277953840487826,-1.3536681662911663,0.09761407797390607,-0.21069045512669637,-1.4155295432358141,0.048979148602651686,-0.09576469164960605,-0.9775309504100143,0.18778275965527363,-0.07136252769381907,-1.3291609910825959,0.1498262752100962,-0.08596187727506537,-1.4635854222449247,0.0654596175739937,-0.12878223504461514,-1.4690508819173043,0.013166721879734345,0.01151530557377565,-0.9755680477618346,0.15840177056773236,0.03568655619121426,-1.3503175552573996,0.12383002755437887,0.002015547546789884,-1.480958656602941,0.06486630486621955,-0.05320978672860393,-1.4723271215863676,0.03247006789491225,0.13815525535272452,-0.8939575916830035,0.1196380730483791,0.1337250060807935,-1.1952418395291502,0.10260156409675117,0.09630088969100607,-1.3839789541187444,0.07255851840481307,0.03797730564184997,-1.4844861433542604,0.05052078325552918,O
0.0,0.0,0.0,-0.21296584794206566,-0.30887581874954984,-0.0488651659124881,-0.3045631060488532,-0.7708919865495123,-0.051949930566543255,-0.2768283477534152,-1.164626087032352,-0.06647127596227621,-0.16375538453842972,-1.3943906976080715,-0.06957622017924996,-0.17791879107206465,-0.9592189633140877,0.16072232637810188,-0.16900894720185022,-1.3012316443935037,0.11585138007109651,-0.1718813626657242,-1.3793020076141806,0.04948050493542138,-0.1738717642694227,-1.34019723846103,0.010946862760199355,-0.05580353679637472,-0.985398918235905,0.16085688428079092,-0.021468845293551045,-1.3582619007360603,0.1217004603935504,-0.045221217347442805,-1.4621226605583184,0.05629390452635919,-0.08437202641043509,-1.4129492665376782,0.023103126279510174,0.044305695931107475,-0.9676275130370292,0.1349590145014186,0.07774465394446185,-1.335874236038363,0.10473292323366837,0.041074459393396004,-1.4662737718562757,0.06285290970501027,-0.0010105034652923093,-1.4282957272588772,0.045725572668230706,0.16227920519422334,-0.878908738691688,0.09883484305731247,0.1646215680571124,-1.177996657296221,0.08779562862201327,0.13300494618860761,-1.3582270739847762,0.06726972751344608,0.09180859316571682,-1.4296113605564438,0.056163897846849324,O
0.0,0.0,0.0,-0.22375785541311702,-0.22470848252532985,-0.043849367199372,-0.36122841923998705,-0.6618172323006822,-0.048788161958544296,-0.3742882931621604,-1.0521673523615305,-0.06478251595220448,-0.3030833314282009,-1.2958394803056463,-0.0718818538450044,-0.21652996828633317,-0.9301385620720581,0.12513119363965503,-0.22828263239565239,-1.2380288675872406,0.08053045333312756,-0.2654455202009963,-1.3242389125928233,0.01838263286253949,-0.29837233036568067,-1.3167441736419272,-0.02114187367309595,-0.10511439001901056,-0.9874214532006745,0.11810943556718746,-0.129062910740853,-1.3304659753344377,0.07715205332062422,-0.18757394447517917,-1.434699442226481,0.014122701154284586,-0.25160251680279755,-1.390325052932676,-0.022387960422162272,-0.00455520745370608,-0.9921059251344818,0.0886287380900393,-0.025515299852887623,-1.3516034487706996,0.0447372943535237,-0.09631712286620969,-1.4589455053331035,-0.0065000765025139875,-0.17299930932139776,-1.4134168388507895,-0.03200980678265329,0.10757951827333433,-0.9373661891093448,0.05154885947328148,0.07716257175648959,-1.224779388421619,0.014038486003850213,0.019498649514496466,-1.3707226277088025,-0.020735107923142274,-0.04768220751900969,-1.4080675781621763,-0.04043387192233259,O
0.0,0.0,0.0,-0.24360087204439504,-0.21054722212015556,-0.058989520886882925,-0.40127779652965245,-0.6274733627237038,-0.06398257874950083,-0.4265502880070317,-1.0459649112491762,-0.07772359270493395,-0.37012735458815893,-1.3482956789274796,-0.08383526826418713,-0.28126385828242967,-0.8991664104543587,0.14516843119757342,-0.31348533861710626,-1.1807200369553457,0.10773655339461403,-0.3248879545920814,-1.3123707284862542,0.04016635238608869,-0.33789899207906826,-1.3690715296970932,-0.008814358474358968,-0.15629790878704658,-0.9771463214388375,0.14406953254364396,-0.18309680919800375,-1.3029227934234966,0.10789869670691536,-0.20953984384030222,-1.4498706947545519,0.02676675432139418,-0.24977274870744176,-1.460253601887182,-0.031138799300230804,-0.04815027301594405,-0.9969537929169441,0.1175144116545087,-0.06886877233210761,-1.338259174573689,0.0712499888454773,-0.11515569662545364,-1.4853024226961051,-0.004140090682006211,-0.17498014474845966,-1.4583558422925136,-0.05096406317065391,0.07969787377258043,-0.9619579360216125,0.08242361122022317,0.04564315422836716,-1.256288032564975,0.042324953559980207,-0.01059625453946487,-1.433174969762021,-0.006958293498363667,-0.07896578246928822,-1.490325836503811,-0.04230024793286541,O
0.0,0.0,0.0,-0.25625966637566966,-0.19424433133580069,-0.06658456284756982,-0.418020703498329,-0.6365821142925727,-0.07533998634515479,-0.45186048187931555,-1.0639212938204765,-0.09129336649853724,-0.4130029125057688,-1.382396766790024,-0.10000484774938245,-0.28889931639665334,-0.8952681467074081,0.1278310640034804,-0.31891392946716307,-1.1789969175890602,0.09047375824175864,-0.33787529731955174,-1.3108867928430306,0.026206592897000062,-0.3550600310406033,-1.3762709803223125,-0.021384961071976693,-0.16459494862641208,-0.9780039274646711,0.1281281419140503,-0.19738675295560318,-1.327907518024762,0.08626417447138156,-0.2307535625205446,-1.4799422335461425,0.005772233667023781,-0.27219025245569795,-1.4838950944348093,-0.04996638916043545,-0.05154339730695059,-1.0056958615048628,0.10378488748801563,-0.0835831332014912,-1.3662838656365521,0.05517099049068589,-0.13363709888786307,-1.5208825463101419,-0.01892507330232544,-0.19257753640920502,-1.5102659569469357,-0.06474653805415642,0.08019072235341104,-0.9783655565403909,0.07060026169965443,0.042385028424177885,-1.279623584113158,0.029578652731223596,-0.021225976155609904,-1.4515762589216632,-0.017257354608510946,-0.0955748133737831,-1.5058596342048145,-0.051105262844399334,O
0.0,0.0,0.0,-0.25677500500498945,-0.17506449255773796,-0.06181358849365799,-0.4292335504290524,-0.5981685783706808,-0.07338495024771419,-0.4703250787982714,-1.0228592530936684,-0.09252131113803715,-0.4295341797339024,-1.3354027695182398,-0.10447581991090989,-0.29727533519400146,-0.8834317607500269,0.11459503477399961,-0.33701018505658936,-1.167253934551992,0.07047652382412035,-0.3669458806979993,-1.2847476193359735,0.001610096925776225,-0.3967280068421483,-1.3310858096332903,-0.04750362156206516,-0.1759589830976607,-0.9779082184864469,0.11284481593720076,-0.21404747326321583,-1.3240479474129587,0.06913194927172307,-0.2585734547243577,-1.4659579986814935,-0.01194326277246585,-0.3110542769646206,-1.458155839714678,-0.06893861490389376,-0.06322388146387332,-1.0133144206121742,0.08805541834363395,-0.09689525129202639,-1.3718185653330894,0.03981943158570535,-0.15825884098464793,-1.5197275915293096,-0.03533528936391321,-0.22849040338037369,-1.4851819999677123,-0.08318805281759942,0.06751731769750838,-0.9956432762077001,0.054920723421326124,0.03050440580275017,-1.286433628961008,0.015866846970924914,-0.03690165538036491,-1.4505331410563191,-0.031257817170840106,-0.11666517882573366,-1.48458932231258,-0.06600536630647856,O
0.0,0.0,0.0,-0.25776645644752116,-0.19372910359944237,-0.05845768999424611,-0.4149803255929379,-0.6606973699450085,-0.07184771599356743,-0.4311086024082947,-1.097999734424351,-0.09456541800931091,-0.34034609924535403,-1.3792277872328724,-0.1097435310079814,-0.27619002443984586,-0.8998591424213529,0.0993201310162422,-0.3172013836320423,-1.2153420907133774,0.04184158859371568,-0.35572680324847916,-1.2813691195779369,-0.02839926185088896,-0.3848832983703557,-1.2621208528302328,-0.07329246887720434,-0.15266199419365986,-0.9835894638503778,0.09615655012187968,-0.18844092142265514,-1.3336628199216574,0.04554049249913614,-0.2500301755135224,-1.4389082464461405,-0.022818709251451918,-0.31817080185377705,-1.4027262133981848,-0.06546927682655945,-0.03622695096615578,-1.0110696973689388,0.06963745714599598,-0.06119611398366198,-1.4019031033794622,0.015915225280978745,-0.139102560121416,-1.5132599665300603,-0.03760809404655864,-0.22480565918611947,-1.4762938197267712,-0.066268587389628,0.09383194238348692,-0.9805500661957017,0.034749228945474865,0.06369303028541261,-1.2927138547508839,-0.005971495812243743,-0.007306744314296847,-1.4598105324839674,-0.04007499134972111,-0.09325941946469127,-1.517382016000905,-0.06226454675009979,O
0.0,0.0,0.0,-0.22812113566350967,-0.26456966246810226,-0.0586747051146588,-0.3579543997014273,-0.7234260588996072,-0.06747627057162692,-0.3562994605317252,-1.1447771001032894,-0.08664034713395144,-0.26407458138185347,-1.4308779413686152,-0.0995835828787799,-0.23148973417527646,-0.931993242487117,0.15714631368719478,-0.2380133298378768,-1.2158031889545398,0.12756282822635387,-0.23696390877583912,-1.3377796669944988,0.06181774598893156,-0.24268831750541434,-1.387603329206179,0.012685409430366546,-0.10675246527922,-0.9820586540322618,0.15545002797410895,-0.11018705664524737,-1.30863951210103,0.12402645298357663,-0.13028255416406725,-1.4668983226962804,0.041545389304184506,-0.16677606385299254,-1.4855387451183015,-0.01751266605123569,-0.00019555433548238354,-0.9830478734496986,0.12853198042892358,0.0019377656879618005,-1.3237054113701323,0.09272136210230093,-0.03379911572497174,-1.4800150085373962,0.023764565896186925,-0.08623622964466532,-1.4832066384563092,-0.021258084602576,0.12207843026582697,-0.9186191845143848,0.09243585883306489,0.1153859467680373,-1.2091983816774106,0.06495504123000619,0.07142824122435673,-1.3953426748594124,0.02604661184357456,0.008917116082843398,-1.476040487880082,-0.004283920197988278,O
0.0,0.0,0.0,-0.20585163845634313,-0.28051740177635465,-0.05613632349140859,-0.3279078281004289,-0.712398237238694,-0.06778194094418362,-0.3357361139738282,-1.1069000403100302,-0.09092743292489332,-0.2419953101198166,-1.368975762965632,-0.10735609715838497,-0.21199758994785559,-0.9418020470886235,0.14704929751250814,-0.2211344147797033,-1.2118623561596218,0.10701348259608578,-0.2249807339901856,-1.304397249061961,0.03823116458099962,-0.22760648110517046,-1.3340516434919987,-0.010319061803814181,-0.09192435187817623,-0.9854532442962428,0.14293990638651938,-0.09697110004742225,-1.299402133616621,0.10511740626685646,-0.11811170451407842,-1.4340262382122666,0.0252716935051395,-0.1473042091695195,-1.4383834026689009,-0.03043224080084691,0.012085372087400726,-0.9753916200095446,0.11354941254533488,0.015079560121122543,-1.2948004467786245,0.07231871440716092,-0.02402668250069323,-1.4375161003954864,0.004140591142924781,-0.07607476298571418,-1.4260074849573472,-0.039114803238493,0.12626406541011756,-0.9039760410432632,0.07528036904401417,0.11884476170533706,-1.170428943804026,0.04588978755468723,0.07722037201539246,-1.3451594360067782,0.006495035634027819,0.018337393767283123,-1.4144562884580114,-0.023148275787999294,O
0.0,0.0,0.0,-0.22611909545456654,-0.29316920210048725,-0.060398697707642876,-0.33313371332474256,-0.7419765718944664,-0.06958580668711059,-0.31699292878206786,-1.153027870004562,-0.08965599552237594,-0.2186060231978093,-1.4204478912809047,-0.10207548603895807,-0.20898189822354798,-0.9284667015709971,0.14790488835122886,-0.22654350801505818,-1.2084686285010495,0.09555609594456746,-0.23513399572803567,-1.3146004734883006,0.018410738775107075,-0.24489391175006392,-1.332905132941771,-0.03267868095661574,-0.08574523089794096,-0.9855609388971951,0.1460047639576813,-0.07879393511872142,-1.3325336736470108,0.0960109582712602,-0.10820921208769321,-1.4644719781146556,0.011161328971302318,-0.16160445408664154,-1.4506324323998225,-0.043193903961744426,0.021589465870542827,-0.9854299975297055,0.11728178704033448,0.03821993704879406,-1.3454036765236856,0.06461165006711725,-0.009125787557649463,-1.4880505993335682,-0.0051582583475032326,-0.07964459525386368,-1.4676449797404683,-0.04403199343069471,0.14430079485691252,-0.9116793366821503,0.07926597074064808,0.14275047003742675,-1.209692582945111,0.042596968817388225,0.09773075694997162,-1.3953732092326372,0.0004196473180913915,0.028583229120299522,-1.4733799232771423,-0.02856650024255723,O
0.0,0.0,0.0,-0.2614235527646965,-0.20444486442716378,-0.07123604315222831,-0.42666599916468406,-0.6224415309395852,-0.08152610903280695,-0.45853398952224184,-1.0457234313291432,-0.09958448078102795,-0.4033278111731846,-1.3549498084896123,-0.10907678696881767,-0.3101839352067753,-0.8825089276159229,0.1339812928509737,-0.3473691759099473,-1.1950711691339426,0.08311009540033634,-0.3571231538130849,-1.322384446320845,0.004242392437759464,-0.36567616462354197,-1.3418717102610298,-0.049097646976386966,-0.1821966344629679,-0.9737010572943439,0.13678683202064668,-0.20854241315269134,-1.3439733327682677,0.08642992530929051,-0.23926591961959917,-1.4906094574458797,-0.013668255945311682,-0.28168983750120435,-1.4686067336766486,-0.08334968458945487,-0.06910747730426418,-1.0068413177966506,0.1133595501665383,-0.09100282706567478,-1.3655562073897318,0.06097005645809931,-0.1393446186491406,-1.5233892880104762,-0.03560225768441134,-0.19606717523885128,-1.4639253387835967,-0.09710369380867362,0.06494757336065332,-0.9842485962240304,0.08066083556178869,0.03303009029636577,-1.275142818887822,0.03995920095992256,-0.02548622738753485,-1.4509196620863305,-0.022461386992557137,-0.09555895228293601,-1.4788013924035497,-0.06930175999531324,O
0.0,0.0,0.0,-0.40016655525488365,0.3150550252312097,-0.20005170195446484,-0.7265154497231608,0.612705107744545,-0.4103195728151835,-0.8991444108741502,0.8541716308292444,-0.5981247038306532,-0.957554460831387,1.0208546397366323,-0.7850021194334822,-0.8549575444101744,-0.4137676233175836,-0.5314266063888677,-0.868512304433594,0.04462983593686355,-0.7333653479187618,-0.8665784807132452,0.43703728074729326,-0.811054096171841,-0.8603705572760004,0.7915118259529049,-0.8494547731277328,-0.533825845955909,-0.6313376104294006,-0.5625324771484331,-0.5051624927281874,0.7038070457295295,-0.8199056132629192,-0.531756538143494,1.531631783764541,-0.8720437685343625,-0.5019902597287974,2.1045183285447706,-0.876664913928494,-0.1990218973671354,-0.6474988515208876,-0.5909232744878188,-0.2183384359465041,0.41902795196246795,-0.8068291491309242,-0.2674048466637958,0.6565469131615401,-0.7666360202831725,-0.2763499721485622,0.7017144515887908,-0.7102859503761527,0.10663550668119672,-0.5863351932393555,-0.6327772742415324,0.012895333544066898,0.2585354017460819,-0.7867624864695552,-0.052778463146007364,0.5723213220836417,-0.7306664492351591,-0.08656322090077213,0.6865529349110254,-0.656780583322127,P
0.0,0.0,0.0,-0.395579039676403,0.3242954644354261,-0.20026709284799182,-0.7295905757418911,0.6552448802832396,-0.406422389435174,-0.9180222301435197,0.9177172121423972,-0.5900924455414771,-1.012374826981848,1.0711884847961517,-0.7713573302321228,-0.8965141191711297,-0.376948518458375,-0.5236304749174433,-0.8974514253774261,0.1527146977541731,-0.7167834633386709,-0.8870021165240252,0.5218602912977117,-0.7862947320268623,-0.8783829156773592,0.8476634781657326,-0.8198946765023811,-0.5670360623999052,-0.6087958489841896,-0.5548312520015707,-0.5253875368302653,0.8157809559985804,-0.8082207502249895,-0.5423013820028298,1.6231972546425346,-0.8608782818253571,-0.5072823846960212,2.189650960609692,-0.8655323164995128,-0.2224422470000999,-0.6288722206559371,-0.5826087176229221,-0.23115154213179492,0.5100118073430764,-0.7980738135315092,-0.27807926716214393,0.6921162377997121,-0.7575163243262046,-0.2919646417897557,0.6997036962617983,-0.7001264004468556,0.09276075022392925,-0.5569813230959991,-0.6234381857353665,0.007026811495610117,0.31171265778413815,-0.7799666939768842,-0.05682344249381232,0.5885615409453129,-0.723276696858563,-0.09432491726883141,0.6796626024727429,-0.6471544207959536,P
0.0,0.0,0.0,-0.37716106371709784,0.35656280112230687,-0.2240731171447455,-0.7392457676438897,0.7142140568799682,-0.45751986439827363,-0.935296107751728,0.9918627985993831,-0.668638635656762,-1.0007038839548683,1.0950715828324702,-0.8724496380937331,-0.9022635414971509,-0.3179676934946191,-0.5709539509075451,-0.904550833906965,0.24953673728763098,-0.7902712444782394,-0.8928623028984459,0.6082143914880156,-0.8648861277394198,-0.8843765304335129,0.9274967975946623,-0.8965679421108063,-0.5713590539333868,-0.5588349610037318,-0.6010426922010638,-0.5354806895353149,0.9993084433754356,-0.8868997383205717,-0.5513269854501249,1.7334754882807994,-0.9203676589707982,-0.5100041511958954,2.267487148477278,-0.8930391139709833,-0.21796770867342716,-0.5733668188914373,-0.630016893291529,-0.23537199944217288,0.7165095868374767,-0.8515763100521797,-0.26388434869190497,0.6998159218498352,-0.7559624075008754,-0.2651886270768529,0.5599390669797055,-0.6482221482810944,0.1054082094674941,-0.4838373063596845,-0.6777461370339305,0.024714290592763595,0.46690255580952006,-0.8408276832355926,-0.0480457715125592,0.606802475813194,-0.7562351389757911,-0.09447863118655325,0.5825121443417693,-0.645703174842375,P
0.0,0.0,0.0,-0.4026478099323975,0.32067587220745103,-0.2217036398939125,-0.7623849967063181,0.6654904497036453,-0.4374107808523917,-0.9479969941732711,0.9395231193011507,-0.6294968063329388,-0.9482838615422363,1.037632860705563,-0.8160224020378103,-0.89605087480612,-0.36543489029417414,-0.548828814322659,-0.8868876372738375,0.20317863189970997,-0.7352702012401195,-0.8654634351117709,0.5592895067887842,-0.784629077021193,-0.8553779272474025,0.8436372882676608,-0.8049851662516446,-0.5564560720849551,-0.6022136198715216,-0.5724468498306388,-0.5010014711918032,0.9344156687934322,-0.8270590183886783,-0.5214835810922585,1.687668262080063,-0.8619992987458961,-0.4931563919729616,2.206073387395192,-0.847618420049054,-0.20211870927925307,-0.6155936976057621,-0.592157246589414,-0.20783182985580417,0.6797820608914789,-0.8021057556834995,-0.2494744001338072,0.7510314359614758,-0.7353054402259425,-0.25983631379322464,0.6667094983694591,-0.654183092424822,0.11691524643250838,-0.535827500149673,-0.6286152122520665,0.03969286326551581,0.4195410493704434,-0.7840450183616348,-0.029414091588274495,0.6286959930220699,-0.7125205451933283,-0.06843355985907924,0.670455843049765,-0.6176427418675794,P
0.0,0.0,0.0,-0.3676036318437113,0.2965451440578641,-0.22683497413131068,-0.7096730762895055,0.6251108340063117,-0.4428553218892694,-0.8973507173556928,0.8792280595438802,-0.636150536324144,-0.9596248927826863,0.9935759980069762,-0.8224231072159831,-0.8692378160776836,-0.3872488111023556,-0.5367576476636033,-0.87012608728358,0.07049161994824919,-0.7384810103254068,-0.851929094915705,0.44581748912678626,-0.8075047233342911,-0.8301838307530538,0.776043139233634,-0.8391896941606362,-0.5494323733440407,-0.6213296650952392,-0.5586354038137686,-0.5063696698018311,0.8249520684368072,-0.824087679860326,-0.5297144638722706,1.5923723991672052,-0.8717865334035702,-0.49294131942250463,2.119294771548816,-0.8655461741611822,-0.20688750860803462,-0.6340820523172791,-0.5805268303027062,-0.2066249311474114,0.5548828610806434,-0.80163844338662,-0.24716988584111968,0.6658803967111436,-0.7435197835559051,-0.24709662084701503,0.6160853354259894,-0.6674054095482359,0.11187511121681942,-0.5562005614125693,-0.6196733327366798,0.04136851740116198,0.3252799956142946,-0.7858353980706388,-0.031698607741306103,0.5654009333729809,-0.7234906984020574,-0.0686755037440201,0.6365000645132219,-0.6353309844740317,P
0.0,0.0,0.0,-0.3444402312285945,0.2540138356271422,-0.19468881962523427,-0.6406871075710404,0.5109854883315702,-0.39490445606096225,-0.8051304181306748,0.7280261140480146,-0.5775824259286271,-0.8615558177928476,0.868547743894978,-0.7520311435212846,-0.783706846772301,-0.49416172464852226,-0.4840059030131797,-0.7968809977927663,-0.14660307650637106,-0.6706293665400807,-0.769640088315622,0.21040514685524916,-0.7327226744888216,-0.7366965194281416,0.5356553110945046,-0.7626775226210938,-0.48152944293652566,-0.7106776083960693,-0.5129003143981123,-0.4457511752388234,0.5605336406000472,-0.7655464140548803,-0.45799498903155583,1.2858451954371524,-0.8139291005099865,-0.42713350890240653,1.7683000111551586,-0.8112461896439372,-0.1605650851471206,-0.7017977033840835,-0.5407731668554208,-0.17025320200902597,0.32453478753425896,-0.7560928672784092,-0.21600256000503051,0.49594818063251234,-0.7131623839201964,-0.22916479635448977,0.5106027295254965,-0.651129269882268,0.13200859741304313,-0.6043292407733498,-0.5821608244294887,0.06421908383409462,0.18136412916692013,-0.7506666654687636,-0.005929534604078806,0.4352876118722654,-0.7084399544224319,-0.047396561262609826,0.5236016355932459,-0.6377435713958647,P
0.0,0.0,0.0,-0.33808972910592167,0.22139484750184996,-0.2253096808507607,-0.6348422101175971,0.48881115078365095,-0.4379315440947588,-0.7860093316178248,0.7449208342875736,-0.6217656352880612,-0.8347285791887324,0.8835611750459142,-0.7895781577829002,-0.7189794633760151,-0.546808288963401,-0.5399436874654466,-0.7392534199738718,-0.030659942104866732,-0.7182507995379677,-0.7350174765515314,0.28476936173336526,-0.7630480553595461,-0.7296059934362492,0.5026755438812063,-0.779400148430117,-0.40506625697772003,-0.7301183687212617,-0.5503167225460838,-0.36094146166220964,0.6772185696507176,-0.7437869887927094,-0.42723430959915143,1.0969098328868272,-0.7367324043036054,-0.45144468292620826,1.303758658908958,-0.7121362108482697,-0.08711251755106811,-0.6713511289494734,-0.5622312430312304,-0.13247029603491686,0.6294245723442369,-0.7207463210556243,-0.18859205860941347,0.6229760293427733,-0.6083159122785265,-0.2083459465996599,0.47674135340407237,-0.5090642612779673,0.1798806529878547,-0.5177149637835299,-0.5979474931914481,0.08787620804094158,0.44528643463076784,-0.744864118067421,0.011425096945884197,0.558140296705852,-0.6750551011481831,-0.030381956715000095,0.5025601440422395,-0.5807554175152425,P
0.0,0.0,0.0,-0.35566511819365343,0.20456473466511665,-0.21893278742816608,-0.6327113932540158,0.40908401148852164,-0.4083683834176718,-0.7791508656861851,0.5910161761579723,-0.5716369541325315,-0.7983992970092101,0.676695313858845,-0.730248257789965,-0.6904576754370413,-0.6230012029788313,-0.4705265467816011,-0.698472584680567,-0.22110051869469763,-0.6507902974861656,-0.6889076618560697,0.14013170278770526,-0.7343880713176899,-0.6814387408200586,0.4079179190272233,-0.7868241240756597,-0.39195134623298794,-0.7869271212607247,-0.47657092652663674,-0.3682851044453575,0.3622609522046161,-0.6815020723954955,-0.43511504925910716,1.0229605409576932,-0.7489929470518487,-0.46442448680965653,1.4679414241891497,-0.7927886128991546,-0.09569073323088423,-0.7379744609140243,-0.4853039893768228,-0.12538656243598245,0.2955683691299516,-0.6743002161795404,-0.21334353329218786,0.6062238006384135,-0.6799413119878149,-0.26912919899791166,0.7560651995943282,-0.6746921047741875,0.16807691097993055,-0.605903372265044,-0.509268980594289,0.08597708420687382,0.20141776734053643,-0.6650828358486726,0.007870135899813719,0.5658518020217586,-0.6538035471106022,-0.04570193055734368,0.7912579688977078,-0.6247738976347181,P
0.0,0.0,0.0,-0.3394126037288766,0.1686262882520086,-0.2422180490609509,-0.5802468428097445,0.3465866308014868,-0.4428350674453671,-0.725681182643166,0.5238994538774493,-0.6073700100126419,-0.8115290700948877,0.6360224598295768,-0.7677315673996233,-0.6422420676329221,-0.6576391033252376,-0.5510732619901151,-0.67678246677904,-0.3195168959509404,-0.7415593189740667,-0.6575157081048129,0.021000156087479713,-0.8187622716736707,-0.620447783889244,0.3083047908333046,-0.8545967323789352,-0.35107479596734853,-0.7708409011549391,-0.5315550702825871,-0.37736653006179166,0.4356437713721343,-0.7441241069566161,-0.4490559766178962,1.0930348625216668,-0.8178839664859153,-0.4680583518693521,1.5727251076050697,-0.8640303580671435,-0.0893151709721692,-0.6542079831565185,-0.5084759796212943,-0.18509283063699483,0.5971893730945075,-0.6983918224047241,-0.28850926531353493,1.0993087153526047,-0.7157871276270057,-0.3435625926866835,1.4418616663545463,-0.7159234121501579,0.12679359809924978,-0.43820697109937135,-0.5003095984121502,-0.00414070377290365,0.5126663349202957,-0.6551678816850486,-0.10122219887572136,0.9508000019283256,-0.6563045227080395,-0.16643547330878575,1.2507437281032319,-0.6344270999074318,P
0.0,0.0,0.0,-0.308437650148508,0.15583874572350595,-0.21583353374650888,-0.5369432035247957,0.2809077530124747,-0.39291116583261476,-0.6649211995368219,0.41107557109102466,-0.5349269403349474,-0.7708532808573935,0.5023361139166945,-0.6728570558878764,-0.6183944388523904,-0.6668192248950143,-0.5083008273882189,-0.6156591814002934,-0.3443196669130109,-0.6779733183652058,-0.6058961124575384,-0.08226961286496097,-0.7573470733589843,-0.6030468298301856,0.05772995861230507,-0.8094528187624569,-0.34704415033280034,-0.7976204662896498,-0.49331729087440923,-0.3395822351237478,0.05573990506148509,-0.6618438063941762,-0.39209441967307507,0.5022597978545156,-0.7120284071617963,-0.4272231520120702,0.7970853560183713,-0.7587905131144473,-0.10552581051897164,-0.7229458728245417,-0.4757694785566343,-0.1697857305457201,0.2981646103431923,-0.629411275640163,-0.2651758701712982,0.7747997191080721,-0.6390311958515809,-0.33086649190489603,1.082939736614082,-0.6534831573234631,0.09161069887566756,-0.5321114989528409,-0.4741794670699863,-0.02944139003461021,0.4058564502740084,-0.624449833762504,-0.14165428327251137,0.9195030535236399,-0.6481244791192121,-0.23222394127645513,1.2626523911772356,-0.6574982800301028,P
0.0,0.0,0.0,-0.23107146828031166,0.11084067178381993,-0.21534412304462536,-0.43405972426596146,0.16910815554450812,-0.37118850848527035,-0.5612434501997273,0.2301568944885685,-0.4975806881095385,-0.6663472879300958,0.25591009138219567,-0.6096354743261958,-0.5414814831702964,-0.7159048429901199,-0.37553839013241636,-0.5548939809889248,-0.5704554978448778,-0.5479865072335871,-0.5062647621169628,-0.255933028709394,-0.6296357810373326,-0.4654000370227821,-0.09349588199877726,-0.6719470695233899,-0.29166771631509647,-0.8877364933576918,-0.3561654975155866,-0.2595971624687444,-0.5459859571897301,-0.5287156596576453,-0.2999643560838784,-0.107763733600746,-0.5676758567703197,-0.3282235602344981,0.18207692034242762,-0.5825325721178158,-0.05941726941679212,-0.8617549657978634,-0.35047784838988877,-0.06054828816882472,-0.30152534546030096,-0.5193751108498953,-0.14314602045222002,0.1497177732156897,-0.5267151598139298,-0.1993862615308911,0.4398812179088903,-0.513492259856711,0.13717063819590622,-0.7322136996704248,-0.3603137131393994,0.10177917641355287,-0.2376453062553448,-0.48821282303030683,0.018859487464755943,0.17079300648780152,-0.49444744921425055,-0.050374540950596396,0.45553198181976023,-0.482547615994061,P
0.0,0.0,0.0,-0.2574967100143857,0.14034560525870815,-0.2253314999633025,-0.48070328817652147,0.23675007570321321,-0.3824924317392493,-0.6026220071236446,0.30461057906508865,-0.5027962389625771,-0.6535057859050533,0.27603085806833694,-0.6050773333990644,-0.6047600060597781,-0.6937906573584387,-0.3845658395269539,-0.5505775030587726,-0.27808457992118263,-0.5333560989799858,-0.4795072346207709,-0.04695467900449277,-0.5972023209927587,-0.44312337058320533,0.0007389142251896791,-0.6364860296454965,-0.3445281216150532,-0.8684538483677404,-0.3564944412913962,-0.27708815238594703,-0.21575486656052537,-0.492916293898738,-0.30006600119507126,0.11980455595373768,-0.5260149478449612,-0.33325542326256274,0.2513938573872142,-0.5571623000048342,-0.09590604385596987,-0.8562468661878931,-0.3393507587012343,-0.08594517363829195,-0.1474644649455154,-0.4818385395065798,-0.16718445115118236,0.24619975007731235,-0.4816673782837662,-0.22984871899398196,0.4353136941985393,-0.4789524750458087,0.11502161865623974,-0.7380969928668887,-0.34043611877732566,0.0759596161941964,-0.17015713372533253,-0.45930660372462395,-0.006450176364357372,0.1945527954861312,-0.46738108253575666,-0.07255660972507688,0.4071485483488698,-0.463256347130527,P
0.0,0.0,0.0,-0.27919179131875443,0.14901409600662024,-0.2261861222557059,-0.4932466995731489,0.26552756517512105,-0.39799538323064537,-0.6152357705774658,0.3597534743148596,-0.5291703023131322,-0.7278668485109973,0.3894441384452373,-0.6510742789176904,-0.594034549782405,-0.6840994188481175,-0.4739923983101908,-0.5772638889993034,-0.20098319126463665,-0.6316638985650617,-0.5446063320037745,-0.02028441829651073,-0.705408683324556,-0.5275274621303591,0.011078573577784407,-0.7549726935073993,-0.32507234423694553,-0.8321760636512655,-0.44923375885854966,-0.32305268354075617,0.10368866721865598,-0.607467365766233,-0.37528216983558216,0.515662498927218,-0.6507422694780187,-0.40633477907167687,0.750663018745214,-0.6882213534116013,-0.08317733052278864,-0.7650879866491427,-0.4258206270567335,-0.14858634178254568,0.2161497737074587,-0.5672254851140469,-0.25014362794364325,0.5733767159589837,-0.5637910620984972,-0.3149110078672885,0.7530191446542426,-0.5656092349056027,0.11636392907390565,-0.5821452428429346,-0.4211347838454982,0.008132546772344151,0.24439633262200747,-0.5533992753141679,-0.10047181634655064,0.6583180979465025,-0.5648136077017283,-0.1758169844149174,0.9088455744469118,-0.562586862230647,P
0.0,0.0,0.0,-0.30114003882349505,0.1587894203750391,-0.2016370015948717,-0.5300211166298884,0.335154037564236,-0.3779750601023756,-0.6635896643318454,0.4869173407036943,-0.5285894447482575,-0.8049701783485088,0.5708272283083228,-0.6743892658188452,-0.6713426689336982,-0.6517489547310715,-0.4510995030588337,-0.6630719067908507,-0.2038808509181302,-0.6206622475346255,-0.64626643671246,0.10840341227305687,-0.7002379310263429,-0.6467556346737913,0.3410377716132804,-0.7457361628402445,-0.3798682052727411,-0.8057341471045051,-0.4544146023321023,-0.3531456514754217,0.4398470076729578,-0.6566615401205576,-0.39841627034898164,1.076019014889547,-0.7261857486454946,-0.42635813394257605,1.503226105369537,-0.7627856561013239,-0.09472890127486297,-0.7274069663665009,-0.4562238459457996,-0.14069969048855815,0.41282503892755423,-0.6230268195073224,-0.23473717355253756,0.6609179617181715,-0.6151114974557294,-0.3186396909430594,0.7504393460882787,-0.599221661320499,0.15119349346133507,-0.5494312664374204,-0.4733888442810822,0.06644938974750596,0.2636155149760629,-0.6108724151686327,-0.012420653323293824,0.5128595730824683,-0.5880731184679788,-0.07605830638909879,0.6275253641543006,-0.5463745775048605,P
0.0,0.0,0.0,-0.3510673333550424,0.2763846997957788,-0.21318204528618032,-0.6223613025645807,0.5358725724860255,-0.41360946067713317,-0.779029943134436,0.7465532399147011,-0.5922441055464098,-0.9253193991959893,0.901818715923822,-0.7722179646416303,-0.7702717802305143,-0.5475046931197514,-0.4775649579569635,-0.7385534466721919,0.029266151195008135,-0.7122469410466116,-0.7385338292132855,0.4302573362225371,-0.8533390611202349,-0.7745793612072501,0.7490993795811993,-0.9367812772679462,-0.445508878024515,-0.7387235506908681,-0.5057759931590409,-0.39362069921678405,0.4102000332373818,-0.7559526390257664,-0.43846879152166923,1.1917451411032003,-0.8655137593674016,-0.47753024969805125,1.727068940988762,-0.9314952755282482,-0.10852223392408264,-0.7373082542805469,-0.5367777409527995,-0.10478562425131022,0.18112490059033717,-0.7770347606454426,-0.1784626049171557,0.5995936927568148,-0.8064073236487956,-0.24122763219071178,0.8312763986916701,-0.8058356425025692,0.19898659692471865,-0.6380539790674958,-0.5801623321045899,0.1501639041955899,0.01366252763055019,-0.769323034299508,0.09408636541348091,0.3714462594164809,-0.7599362092749705,0.044663791440947676,0.5810577753347516,-0.7257262003110614,P
0.0,0.0,0.0,-0.4268567553192668,0.35234864406878974,-0.20655726643768965,-0.7813898947031699,0.7570067021759187,-0.43469157197543956,-0.9411469716314655,1.1080459902653506,-0.6464939074984155,-1.0262601398261497,1.408556320206428,-0.8578242000726873,-0.9613321777665111,-0.23070064395583836,-0.5696193644385743,-0.9348684336766694,0.3640937292664712,-0.8029815761946426,-0.9127099727558307,0.7520453439237887,-0.8950684760437907,-0.9158942281422506,1.0805696328444814,-0.9394170420520627,-0.6039092902950023,-0.5008946049151857,-0.6199985192419791,-0.5186737367142834,1.071102368804232,-0.893112824635441,-0.5541045853900317,1.846668060341858,-0.9305812642502574,-0.5481199958966706,2.354755181745446,-0.920949562311192,-0.21838358870059268,-0.5424860768587286,-0.6687532385661916,-0.19986483563018453,0.7561751521557375,-0.8900646461508449,-0.24575600236893907,0.8467710738773023,-0.7964264835918375,-0.2609463200091055,0.7386086579794079,-0.699319128437714,0.13327880306659584,-0.4713228867411784,-0.7364606481857253,0.07414151392975196,0.5312794314758622,-0.9008138132842014,-0.011515403034849131,0.7440198803217569,-0.8124788777440215,-0.06722813671223675,0.7290262734390527,-0.705583625603359,P
0.0,0.0,0.0,-0.4739076950939885,0.45827190945334934,-0.15877350483866154,-0.8566805347772304,0.8361029918425478,-0.3294982434787915,-1.0553266118929918,1.1108652437437427,-0.48818724891054044,-1.1969263977602234,1.2523382758583796,-0.6486515239661149,-1.0163891703416503,-0.23234345297255696,-0.4565589436709228,-1.0390442182084059,0.2139234555938918,-0.649763829121561,-1.0494757242355115,0.6886840067559844,-0.7443866664322342,-1.0528631090031255,1.1260150489407055,-0.798374135576799,-0.6833835691232413,-0.5272822251601393,-0.5049359885000793,-0.6323318562086244,0.8318982639116514,-0.7332641612301544,-0.6492043104656336,1.73007316938739,-0.801836029150491,-0.6058894936307236,2.3730643605663615,-0.8374237842485679,-0.31661229800030266,-0.612973498614092,-0.549935312169376,-0.30542846474335755,0.4957877421070568,-0.7501340203133496,-0.327058009189337,0.8492072537217773,-0.7232665955823515,-0.3125124697267259,0.9820468254980534,-0.6895251700647675,0.029536902468830756,-0.5966525870865839,-0.6056260007174068,-0.040713633144811495,0.27032231926990197,-0.7479164442893739,-0.10606010977875961,0.6668064183286345,-0.6897596235306389,-0.13589914511476625,0.8628758976114819,-0.6243064033000822,P
0.0,0.0,0.0,-0.46908325071139156,0.337914547653169,-0.15344514412825686,-0.8589307345196288,0.6578114781595193,-0.3223421901818229,-1.0688445567776905,0.904570435977483,-0.4773284113531901,-1.1774148145226373,1.0074913382062607,-0.6343416879995675,-1.0084836335353324,-0.2972608808070542,-0.4432345674408991,-1.0256476055382704,0.2508322546792188,-0.6416412876940922,-1.0830452008373528,0.6057659846585394,-0.7303845689566897,-1.1572742123446338,0.9412881770867847,-0.778235574590447,-0.6931542289636495,-0.5218547390935021,-0.49719698928640066,-0.6561996058036336,0.8367244492319955,-0.7383448035280713,-0.6855898636940824,1.6040488529084724,-0.7861192573760012,-0.6701618329396828,2.150215978718906,-0.7876722929374331,-0.3341699694044059,-0.5479989966151468,-0.5508797125226154,-0.33520703185969253,0.5895086109144902,-0.7601188302355811,-0.3555804230940134,0.6742121067074561,-0.7054517738234574,-0.3623144221253318,0.5729509137065767,-0.6346661217585505,-0.005390473620572178,-0.47402093682681884,-0.615733080833675,-0.0944555665676172,0.394351056705455,-0.7648661281585203,-0.15250190147859066,0.56544973403801,-0.698189650608878,-0.1909965137803988,0.5327664063431939,-0.6135080907077575,P
0.0,0.0,0.0,-0.3365393787095086,0.2347492455751555,-0.21817210275636073,-0.6531542613845478,0.5193911233643664,-0.4482890631901367,-0.8241766869306099,0.7148601321958113,-0.653759593595963,-0.9795955736020281,0.769549209927713,-0.8489303089374584,-0.7813733337943035,-0.4708628607103957,-0.576783607133012,-0.8053679310078324,0.05221638983470372,-0.825755817814896,-0.8220595020357405,0.3372127810562993,-0.9252239869241241,-0.838441832456195,0.60840665070106,-0.965012986315217,-0.4668885004234038,-0.647611432736552,-0.6021748586260437,-0.48380124033376254,0.8374171327793373,-0.8858071276800407,-0.5412126249811984,1.419167490510395,-0.8986198937686599,-0.5535486039012459,1.8144957352291802,-0.8540753923161476,-0.1283506852122879,-0.5913810998171023,-0.6301101089003521,-0.18775704286652758,0.6576387449775949,-0.8420603432985153,-0.20663012083565527,0.5343044372031741,-0.7105743294153782,-0.20566825885023204,0.3146985804787716,-0.5758156221835612,0.17285115080229882,-0.41680265467781147,-0.678979958729316,0.07944663337213971,0.5081253643385939,-0.8465744521417564,0.011983197235064594,0.466774205094889,-0.7544503763708191,-0.029434757979850228,0.2434074877988805,-0.6314274738881039,P
0.0,0.0,0.0,-0.3021928286510896,0.12102656057824822,-0.20760959568531434,-0.5621223196961628,0.2637470572983787,-0.385541302692172,-0.7138085634850362,0.4173174903182378,-0.5298753762848207,-0.8002624672454722,0.45858731934583646,-0.6649650868333503,-0.6095134845487886,-0.7272334382578514,-0.4734307956060521,-0.6242346272363382,-0.15495765594529382,-0.6164057119365329,-0.6071304208651745,0.036633455661649224,-0.6670670168475273,-0.6169802760798846,0.1093366155316799,-0.6984939871997006,-0.3142735198158875,-0.8231600201606533,-0.47290563112702083,-0.3671495474349809,0.44635482448019626,-0.6573086996884578,-0.4438116884584035,0.8935808241095001,-0.6948072880334689,-0.4804616813947255,1.1728432373124051,-0.7033314050619122,-0.033984947517903076,-0.6951460370004772,-0.4688815609566476,-0.142809967616437,0.4218525198727311,-0.6220998878365991,-0.2138820857677806,0.4275672083538817,-0.5703425114417644,-0.2578322253904192,0.32850172450838355,-0.5166825003941938,0.1980033338531373,-0.4837148601457374,-0.48232588822883743,0.08842523170796661,0.22464700351438377,-0.6176523150231636,0.024181735898423855,0.30350224157902556,-0.5737526352899112,-0.018547189594533553,0.2735263110712166,-0.5092642606054063,P
0.0,0.0,0.0,-0.2896967561038111,0.1390803488865471,-0.2145444932242479,-0.5081198992039438,0.26982893296075555,-0.39529300003110607,-0.6243271104927656,0.3895709235130778,-0.5456497513886417,-0.7340449397902366,0.413709705479315,-0.6860799239614195,-0.5532125088358951,-0.7856555104799242,-0.4480459812955293,-0.5829330188354873,-0.27794366877272125,-0.616870665023665,-0.5394090346517765,0.06286062347634859,-0.6916332340885376,-0.5042838579023018,0.24592608945234956,-0.7324136278992165,-0.24793564906768437,-0.8603766613865572,-0.44528632862766776,-0.26564306669613597,0.20146909544723327,-0.6419814575673154,-0.3349887745598674,0.7957787315062328,-0.6944967276122707,-0.38503265372310014,1.1404792315124936,-0.7133455351345155,0.03157320707010304,-0.7200695614474067,-0.44408858640184695,-0.0298107596829157,0.22295281768217481,-0.6118183480790911,-0.10281114996084884,0.45797932395143603,-0.5879606831323965,-0.16421875353569038,0.5267362600715814,-0.5526066589716373,0.2534099370018449,-0.49621295765080736,-0.4590861229883889,0.17763286480032792,0.11627339438992552,-0.5913258681993184,0.10997611529593476,0.31129909220826346,-0.5580114868816686,0.05227433562251152,0.3777679839759617,-0.5040777926471469,P
0.0,0.0,0.0,-0.3077501739280059,0.19659925158637467,-0.26488842064375373,-0.5708858401622444,0.3563619300391899,-0.4648648157838624,-0.7011951562256897,0.49309131287493385,-0.6225143376085024,-0.733838458594285,0.5627252378301726,-0.7676950632115048,-0.5808602073593238,-0.7060182436676833,-0.5149255856093639,-0.5479114852054836,-0.15766090808856364,-0.692226682665764,-0.5642326898696273,0.1814573066485935,-0.7680794054339458,-0.5831164736968133,0.37097296251402334,-0.8152697204503138,-0.27433126605214386,-0.8250542654064505,-0.49399171612573634,-0.28230388339943774,0.18177612203845447,-0.6663517327894837,-0.3782677622677472,0.648573202612627,-0.7021267042572245,-0.4268196846783131,0.8982842404208565,-0.7324099801675753,0.012261889945339536,-0.7422727777806772,-0.4802349325202696,-0.04158933365131895,0.177325209144709,-0.6468577791720385,-0.15142391457935048,0.4655660245099614,-0.6208463057587134,-0.222588510622045,0.5860474319867958,-0.5971034338021283,0.25614851886652895,-0.5728578964217977,-0.4894332476899282,0.19881354502940074,-0.01963840288722108,-0.6352879396501735,0.11280260039078495,0.26426491570336796,-0.6176561425194111,0.045876373648595266,0.43677529802892995,-0.5861395779440799,P
0.0,0.0,0.0,-0.4000342663114206,0.1786877512853907,-0.27108419317842,-0.6757038700408546,0.39981029315738364,-0.4959245048141665,-0.8071470687877872,0.6343727010176605,-0.6828775730910105,-0.8509419425053871,0.8805881121208281,-0.8693053812498777,-0.7204148185709,-0.5748480204050084,-0.5605254692788698,-0.671907648142102,0.0650811838275278,-0.8243711364077445,-0.6705775921812059,0.5106425469973302,-0.9899392294778204,-0.704515678126422,0.7909486411396731,-1.095341611078443,-0.3933918624859837,-0.7256402845416222,-0.5645254821353616,-0.3565352340566254,0.36219658624251166,-0.8064133504098017,-0.43716212376907404,0.9583107345611501,-0.9099874588439687,-0.510515546835261,1.3108242968189152,-0.9942363759499288,-0.0658225103549554,-0.7197739107762714,-0.5799898439242285,-0.07558134063799127,0.23188014474742633,-0.8090561105652644,-0.19842889275680914,0.5708563757762498,-0.8397762437605295,-0.30103468648628434,0.6963965282304123,-0.8559886389652278,0.23076421696676339,-0.6607252346470338,-0.6171015187061919,0.1617283071622414,0.023805638906325234,-0.8018625112689861,0.06507478459455532,0.32272660951692955,-0.8142467499411555,-0.009548147843634138,0.46447257334955894,-0.8111892087331206,P
0.0,0.0,0.0,-0.5665478180051282,0.3557130200905975,-0.22649395335501,-0.9943722292678644,0.7462263021007981,-0.44297251103569496,-1.2213600878384234,1.1042284055358778,-0.6362810306031386,-1.2977844961267417,1.435071882519334,-0.8485809657598071,-1.089398614710381,-0.18363404489526883,-0.5652949376251927,-1.0965799554760738,0.4484695269474084,-0.8226531475178321,-1.128376840926381,0.8706031345288424,-0.9778653110021227,-1.165919666300929,1.2173314250538045,-1.0718839886786802,-0.7004080842186476,-0.3817546729914491,-0.6030687234555905,-0.6641525971904685,1.2142202541320213,-0.8869163746266007,-0.684385120315621,2.151310263544896,-0.9981614886099939,-0.6572927812571939,2.8165246980431977,-1.060976227763467,-0.2940737980267468,-0.3820613296235245,-0.6390352098396016,-0.31248186906813763,0.9250529622184809,-0.8931691498177442,-0.3936244529319838,1.0644776524103867,-0.9053079512582359,-0.4562524103186473,0.9977330620537412,-0.8919658322910221,0.07260142227511174,-0.32728440152633886,-0.6872288550421847,0.012148558696966866,0.624716554305572,-0.8810157124925397,-0.04896532028809608,0.7243601354629531,-0.8455126183525538,-0.10915737085188995,0.6331065558574854,-0.7920447888324476,P
0.0,0.0,0.0,-0.6340988684091136,0.4058505385941007,-0.2013012724358943,-1.1350836015671546,0.898410637610253,-0.40455453913931255,-1.3714370379241314,1.4109355650840876,-0.5856729631519823,-1.413752190912948,1.820938633880124,-0.7907258561312253,-1.2112248364440787,0.01971173071221147,-0.5502210936134251,-1.1799908474767764,0.9351250895700314,-0.7723692944498807,-1.201306859174058,1.364339007975694,-0.890535051702384,-1.2230726009859954,1.700840100012274,-0.961150568248485,-0.779966207118314,-0.1806443639638205,-0.5991830517642985,-0.7155445271642099,1.6952825783886307,-0.8609912043070342,-0.7318278130880372,2.609429119922008,-0.9371547762225185,-0.6882524857602232,3.266979055550563,-0.971424277389108,-0.31636753174858384,-0.16969805254684817,-0.6400304786376075,-0.3286052395361469,1.3699622951552468,-0.8833731660563526,-0.3976298441053865,1.2386165226297468,-0.8573155574227621,-0.440527586917767,0.9063337263510122,-0.8106636974605355,0.09032068731018503,-0.10814315296171746,-0.688151393312431,-0.015825584226637476,1.0689712818171897,-0.8864185596964899,-0.07301238873212855,1.0171878816730078,-0.819433351658996,-0.11820461871735911,0.6993050849443224,-0.7335908669122085,P
0.0,0.0,0.0,-0.43288186555129016,0.3420397269948703,-0.22708799136509608,-0.8179983023404056,0.6944503568933735,-0.4790082316957679,-0.9689407719738234,1.0779094900345754,-0.7086007875717385,-1.006596705810037,1.4426813923509128,-0.9344686738842765,-0.8568019089206946,-0.2808759928508091,-0.6743587788649741,-0.955493739227678,0.18137070219225557,-0.9123312590383231,-0.9525632182148335,0.7081685430900424,-0.9722466411048031,-0.9104071689735281,1.2037235445512036,-0.9881897330851136,-0.5081472989118936,-0.486802706945589,-0.7104994349885111,-0.5407539312846611,1.1921327377517699,-1.0078353881702187,-0.5745397658724954,1.9765366753827234,-1.0083033858407706,-0.5337102474652516,2.5058866836414615,-0.9601836088193891,-0.1434527871152617,-0.4686391519707309,-0.7419188394626868,-0.20795291255328915,0.9102242980417798,-0.9565147965801327,-0.255999240238839,0.9134489030295049,-0.8197302776058208,-0.2580824783766867,0.7580028784123415,-0.6917429826432433,0.1767513480605064,-0.353497250121478,-0.7950268654264131,0.08427884922229274,0.6754249008342408,-0.9590173766821619,-0.004038638602404176,0.7998814683089253,-0.8555644529397467,-0.058453346165045314,0.7171343781136905,-0.7329353765984391,P
0.0,0.0,0.0,-0.4741981741781345,0.2927971426307293,-0.24762885739721227,-0.8329813062374055,0.6326581435053423,-0.4750488654121816,-1.0131211693661817,0.961616455645474,-0.6731975415306213,-1.0430501752660477,1.205389777245724,-0.8780601334919914,-0.9133501415245864,-0.3903822795231038,-0.5908604690177676,-0.8950364334428452,0.23878793608051269,-0.8213114400424779,-0.9000713216937564,0.6379336380542849,-0.9299896497197497,-0.9111161868770745,0.9538819417061242,-0.9922592647763951,-0.5263729016091498,-0.5871458505158694,-0.6149726161981202,-0.5108399806704464,0.9372916194050195,-0.89406771942714,-0.5505118148011254,1.8464846827373023,-0.9823957016867014,-0.5410815445124919,2.4626515094038877,-1.0233374823365953,-0.13876248722520945,-0.5788161525761261,-0.6369765802049319,-0.17839575527462506,0.6708443200876504,-0.8980046255883505,-0.2358730310727827,0.9492983341673101,-0.8932941673009033,-0.2568368621117887,0.9968244097732016,-0.8600462479114156,0.20502764903304596,-0.4859035554547326,-0.6733524534204722,0.09714565624991756,0.4152726556865628,-0.8680082729495618,0.03579220147821059,0.6998897597973769,-0.8242820356227786,0.0007419653544557574,0.7897164948045443,-0.7606190769772042,P
0.0,0.0,0.0,-0.49425491575331315,0.2730917439205113,-0.25978908741679846,-0.8413808484093803,0.5974621431976521,-0.491107929754882,-1.023636310219088,0.8915331316150916,-0.6822993946256403,-1.099866361462859,1.1152909016975336,-0.8824765637286084,-0.8987987951745899,-0.38009174799002987,-0.650651786699549,-0.8583789305388879,0.4247774655542971,-0.875106851541669,-0.8561571614712016,0.7211924344177975,-0.9805189524714305,-0.8988973527377953,0.867631514572606,-1.0470096157175086,-0.5279768083935797,-0.5265817964846674,-0.6662973070705821,-0.49454946207077827,1.017563474767412,-0.9289156907405582,-0.5359977044802686,1.7840732399331043,-1.003401343513854,-0.5386103246843236,2.3166715532619016,-1.041687577702679,-0.1555925434392458,-0.47263758143288975,-0.6754821679787263,-0.1739687418954019,0.8091035280526664,-0.9087648225623709,-0.271786278597597,0.9111860729043135,-0.8860832073558487,-0.34298369907106524,0.8205170570579212,-0.8496363388894731,0.17929310305279256,-0.3518102328386985,-0.7008991075554941,0.09610376147457297,0.5780243389892556,-0.8895428594173941,0.02165225185710186,0.672564695918354,-0.8468507501619927,-0.03736683292063807,0.5873388734912742,-0.7859739257160915,P
0.0,0.0,0.0,-0.2859736193144511,0.17638736415461753,-0.2361074104404671,-0.5161538703561395,0.3383807399283695,-0.41541716257021427,-0.6347301125976994,0.5166188925954524,-0.5583614005486265,-0.7032898914137325,0.6288274303066876,-0.6874713376270606,-0.5714658298916325,-0.7476018605978595,-0.42537655494153687,-0.525952110377624,-0.07286012733386957,-0.5780516047167333,-0.5026810688874367,0.24796225859469084,-0.6563398148585636,-0.5009813018831671,0.3541870672817768,-0.7081829852877343,-0.26086374702652354,-0.8744315832697388,-0.4090470775689026,-0.21421935915349993,0.20869533782878574,-0.5575154475916098,-0.26565347609144646,0.6048229823133553,-0.5997686415307597,-0.31265305237964053,0.7504741479626822,-0.6338038960250234,0.028302139241229887,-0.8009177675308923,-0.3988430502838271,0.005567423400383396,0.174701769256689,-0.5417136043812244,-0.07019045680189032,0.3793740003979334,-0.5096383632658742,-0.1353670881073412,0.40545156182195496,-0.4802140257135596,0.2673071837501078,-0.6418095225933346,-0.4102867770350994,0.23448369970778699,-0.0526294455321423,-0.531307181702467,0.16878580061598253,0.1498434518563136,-0.49775283770735945,0.11399156584025785,0.23700102009660087,-0.452270147355867,P
0.0,0.0,0.0,-0.2519148886112877,0.059920977199969444,-0.20947422870432045,-0.4606834547120137,0.13328756133305908,-0.40322787292425943,-0.5181765894784678,0.2856957348145439,-0.5701837474460536,-0.6098548186843459,0.41796161637959334,-0.7272904831172111,-0.5131453695798998,-0.771585172969379,-0.4538436992776612,-0.4831872339964236,-0.4692390227370785,-0.6880038724110263,-0.37437433857533053,-0.19902496004049758,-0.8311291016392429,-0.2920380555116725,0.006888926432063275,-0.9075724901589042,-0.19275722996668984,-0.8653766463015802,-0.4625666550146025,-0.1430662273392648,-0.07583842797531475,-0.7130893814086103,-0.15154555762945274,0.44442858136934327,-0.7986416497853204,-0.15462189141272273,0.7723524916528152,-0.8279578236398532,0.09482468288110268,-0.7347355226356802,-0.4772257125611786,0.07804532215867784,0.051788246241489984,-0.6616504404678136,-0.019225086081405125,0.26999358504973037,-0.6398552721049517,-0.10401791837998277,0.28529078067342356,-0.6016805205244665,0.32060038170228056,-0.523241692814759,-0.5105381320029965,0.27342428311918704,0.003246927480139397,-0.6233332725631489,0.16546129726097997,0.212996936766579,-0.5693037192718583,0.08036163160968822,0.25259538098555856,-0.5059612795922283,P
0.0,0.0,0.0,-0.29577571177732476,0.1798854013338524,-0.29384668405415076,-0.6005527218923327,0.5778220156415224,-0.550594726487954,-0.6942265399480106,1.2139960595017598,-0.7714679180512127,-0.6221256802308857,1.7013373922787176,-0.968285957642183,-0.6943522821053684,-0.6301095405026313,-0.5699884096724631,-0.7217972969631322,0.6317214425076219,-0.8239810504111175,-0.6660531406421378,1.3245413059635653,-0.9592709861227546,-0.6502847674212868,1.6557553490895505,-1.0327125843713811,-0.3378978010512291,-0.7633550799698701,-0.5505579877986854,-0.38552187643000685,0.828197141407981,-0.7257869040278245,-0.3517509065337895,0.8929124383947719,-0.7404071133423143,-0.33984169302046296,0.6566710378035135,-0.7573090827805645,0.013151811824451295,-0.6413573298223768,-0.5446787113283661,-0.07709885489860517,0.8047017592734015,-0.6674918048041328,-0.08887056987400795,0.8166217068733317,-0.5442169539242886,-0.09206728309398923,0.5618798524470874,-0.4525324240791061,0.29554722907676007,-0.4009339802050109,-0.5789588475111607,0.19696486656129955,0.678067650433577,-0.6763139461249302,0.144249256103495,0.7196571245531448,-0.5953326743311591,0.12116943646457355,0.5036254533017681,-0.5082582749488388,Q
0.0,0.0,0.0,-0.2994374236614438,0.14942232112177561,-0.27311325344102905,-0.5893878200138719,0.4741902945203739,-0.5120102870618864,-0.6793062980739847,1.1087910781490475,-0.7188786628128012,-0.6266734682445899,1.6084169467123013,-0.903829179164739,-0.6689704926018705,-0.6899162775749879,-0.5246369036448525,-0.6848579434655769,0.5343343819073245,-0.7758236745026367,-0.6258060078732616,1.1974063459539805,-0.9136621429038517,-0.6128148042097528,1.4899156999093728,-0.9854622872215492,-0.3140666025546321,-0.7968698999935856,-0.5161012804130635,-0.3423418722484729,0.7129590141907867,-0.6701234010402263,-0.293903450628988,0.701911770032292,-0.6734358954136568,-0.2927012252831598,0.38807086875006025,-0.681765888123779,0.031872857089483876,-0.6609414349216153,-0.5228612733606135,-0.0630630561917524,0.7341315102853979,-0.6245864652131117,-0.06391688360031834,0.7113164946401864,-0.4820802218394023,-0.06937663272440094,0.44318540272676515,-0.37606512792208896,0.30214179953387393,-0.4089058227851644,-0.570701990547875,0.19820964560306958,0.6349289845840657,-0.6530112556883608,0.1608538128603523,0.6578576082522974,-0.5541475974734709,0.15289367738072943,0.4697085842433595,-0.4512582389628563,Q
0.0,0.0,0.0,-0.2989954514549688,0.14879810168315113,-0.2919237937737914,-0.5833010588824932,0.4643609519617392,-0.5407207490262737,-0.6612027517528439,1.1032048748306194,-0.7504459309048586,-0.587176247574732,1.5959919159703035,-0.9370296972552752,-0.625568399620465,-0.7154018853934001,-0.5559962298771838,-0.664489603097927,0.5168335089212532,-0.8031127999642977,-0.6052690026630521,1.171667044149851,-0.929673470723781,-0.5839607402973654,1.4440928594565419,-0.9945784851174256,-0.2712682326868391,-0.8014051493336785,-0.5330697257924365,-0.3252555950278,0.7309516264060341,-0.6927585998971247,-0.2914410190452057,0.7092981994310427,-0.6930845468262171,-0.30324142833012896,0.38140538601278995,-0.6970816987046404,0.06799692561003746,-0.6413718642542036,-0.5241123399242927,-0.05562023713024862,0.7716579388454468,-0.6251767384979489,-0.07627987138732897,0.7063745999236994,-0.4819624091639584,-0.09632353503158879,0.3985339913409121,-0.3761552629619395,0.3181382706385539,-0.36458049539547527,-0.5565794173884656,0.18654715227341073,0.6965080168123049,-0.6432066907097579,0.13931336006094386,0.6672227842836886,-0.5509522168501976,0.12427483446310998,0.4144130706379701,-0.4523896964681127,Q
0.0,0.0,0.0,-0.27785790060059334,0.1420029542597973,-0.25651158807771957,-0.5330048351785529,0.4174012832176377,-0.4780089687122054,-0.5943039009499138,0.9593084780799228,-0.663981343238497,-0.5465039223893777,1.4243006302090684,-0.8257575377935996,-0.5720415534254151,-0.7694806731867975,-0.4896017439642902,-0.5974594300368989,0.3691273534922341,-0.7136345215189988,-0.5671449792429981,0.96644399940755,-0.8315607335738264,-0.5521554100404226,1.2142753204271115,-0.888223575887689,-0.2402213879331261,-0.8530245839129147,-0.4632955255770138,-0.27837238403223286,0.567401530067907,-0.6056756199127908,-0.2802810853220397,0.5350070370382995,-0.6009743375611841,-0.2914380523449621,0.2523769226192486,-0.5937629333818447,0.06328606803106808,-0.7080897189242888,-0.448710386641398,-0.042678634535110865,0.5986431564642164,-0.5373412119958811,-0.10375753640286951,0.5114573294498506,-0.4019603607555592,-0.14100715016024076,0.21757720803187794,-0.294139493395922,0.28821850070023486,-0.4547393310116023,-0.4721095375855165,0.16154365218934705,0.5194979178707381,-0.5546385871377851,0.07226580749681943,0.4639880573386585,-0.4718554912401596,0.02166956312295878,0.2068076005129921,-0.37349228713387894,Q
0.0,0.0,0.0,-0.26403477403731457,0.10127420078743125,-0.2857791131716634,-0.5053904811533424,0.3794737798526815,-0.5202130422592234,-0.5708142281066672,0.9450181159006042,-0.7101872421018853,-0.49536459986848086,1.417725141066635,-0.875731893499624,-0.5202502012569961,-0.769078275257661,-0.5584688932854052,-0.5273354694001421,0.39816675658706585,-0.8073700408301147,-0.5040995152085549,1.0363695980535899,-0.945028777089743,-0.4838829789610841,1.3845105884716267,-1.0118238470060612,-0.17043854902805763,-0.8389315685132175,-0.5168602561207073,-0.17124140280282193,0.5028295638777409,-0.6724447566028598,-0.25101001181744703,0.5158242369912371,-0.6756602313432528,-0.31013319541759465,0.3258177391197123,-0.678089986383343,0.14733393617380536,-0.6694721094543846,-0.48752710869668464,0.08367971523803075,0.5607362878917346,-0.5899641877746978,-0.05576657662272731,0.5148704600797533,-0.46263085074966287,-0.13219386201554928,0.29107580617271345,-0.361085310699419,0.3866154053696658,-0.4033244115029967,-0.4979137010543545,0.3259863336363642,0.4690839146750361,-0.6068193409961179,0.1801172115774917,0.4450957328241663,-0.5412041341933235,0.08695274136441968,0.25639882748708753,-0.45535454066130227,Q
0.0,0.0,0.0,-0.2955560014534561,0.14371196994158203,-0.3186729255932303,-0.56619465442209,0.4798827303800764,-0.5846954525280244,-0.6212510522528463,1.1178375052982783,-0.8040034460478364,-0.5099333301830744,1.6722667815959404,-0.9944655675586666,-0.5215800693996123,-0.7573460335612933,-0.6273506418373788,-0.5384829359460693,0.5412683020915797,-0.913388121894072,-0.5237028584300755,1.2730081929729116,-1.0632446868797953,-0.5045304931322375,1.64049432871459,-1.1355038587641193,-0.14392170658231643,-0.7956473338424735,-0.5884147028446834,-0.15488892026839418,0.6846794376595832,-0.7799038586066855,-0.2287988413320335,0.69269444923593,-0.7817997639667582,-0.2775175910743362,0.4417302583717405,-0.7835304884813031,0.19022371821433892,-0.6090341577490594,-0.5647711999104831,0.1282311813758619,0.7383916142929053,-0.6961567726955717,-0.02289624994683641,0.7227810644216804,-0.5538873380017679,-0.10996237847472315,0.4796767012052136,-0.4412921291202503,0.44681584227156756,-0.33755523412253396,-0.5864686804905969,0.39733918057752016,0.6172702931827463,-0.713361665301066,0.24122467801958214,0.6088617605860316,-0.6408925581617646,0.13210389429770478,0.41092598372085104,-0.5492007039116206,Q
0.0,0.0,0.0,-0.3109152278607699,0.10263650241625386,-0.3054021464471513,-0.5982541118880306,0.3054916597431339,-0.5563056136508701,-0.5927362208466097,0.9255875607673955,-0.7590412221557435,-0.40276491684184684,1.4559275223629697,-0.9294765760579085,-0.5131995121431142,-0.7320418566624556,-0.6493792385361481,-0.5265730769241849,0.7190719062529299,-0.9499037955319106,-0.535544174076501,1.4303577841808652,-1.1021693736563574,-0.5139327083588149,1.7870377269173758,-1.1769860288983252,-0.12004511413459099,-0.7793231415714947,-0.615015944170189,-0.15110916262717014,0.7737495890372589,-0.8183176273150453,-0.23025541829732316,0.675777684235627,-0.8029065228634917,-0.27208544143959185,0.32077416695266675,-0.7921621410342907,0.22730398820540032,-0.617890554291696,-0.5949534034422159,0.1581049622709196,0.7945538260118551,-0.7423039757830097,0.00657024970853354,0.7078628332170877,-0.5697908098864347,-0.07160809921463994,0.37112067269017174,-0.4332317465624162,0.5044592867984345,-0.3749237510416182,-0.6216450771574517,0.4251825145244395,0.6599001748615204,-0.7681518843319161,0.2544300546299568,0.6249458541519028,-0.6855766202195422,0.14265684155567132,0.36344212862716474,-0.5827900648380521,Q
0.0,0.0,0.0,-0.33993147704811905,0.0980135408304603,-0.3202176885387427,-0.602156550864319,0.3558768858934142,-0.5835972908141888,-0.5987489675711156,0.896072093962446,-0.7974209978492097,-0.4336806960864514,1.3828290683340194,-0.9815974296290509,-0.4788498536130877,-0.7408092720807838,-0.6881616573230784,-0.4759276447795464,0.6349101949889038,-0.9818390099615966,-0.47432762475345397,1.3992803292387572,-1.1148827367273741,-0.451890816777741,1.8183627104762845,-1.1711277160352873,-0.0841529730222769,-0.7547251847532389,-0.6506213742498023,-0.09910106741339754,0.7630667626962568,-0.8585316208995618,-0.18513631926955207,0.7778194897164986,-0.8521579679678819,-0.2306519356465287,0.5491555415946063,-0.8428663954296417,0.26218079792478266,-0.5655008170842639,-0.6234383290763164,0.18399732196284221,0.7986385673095523,-0.7762642474030189,0.0313285138695907,0.7382014220763053,-0.6311334790046417,-0.05250733308040983,0.45159748899710145,-0.5112482358532219,0.5280957138419712,-0.3026611385503277,-0.639841301586977,0.4412081510760338,0.6770176746240344,-0.7828762983375488,0.26926881469204844,0.6527710895866395,-0.7088766173902211,0.15560983418064517,0.43712536043871675,-0.6131154741734549,Q
0.0,0.0,0.0,-0.3259704457188546,0.19604019369078135,-0.3512173016102765,-0.6131541300506242,0.5642266033703217,-0.648698851038305,-0.6002387832580394,1.357510118193408,-0.8904116670954214,-0.4183935632287972,2.0230037019182197,-1.0971839290690704,-0.5268743320846442,-0.618116231831514,-0.7664620819433609,-0.5260210418436779,1.0076364399976832,-1.1052224722556128,-0.523140338926056,1.8285830938258016,-1.2690808059988052,-0.48666542029594895,2.2891685586006805,-1.345092199901792,-0.07916349309302001,-0.6789102308216519,-0.729941120808386,-0.10345234118854807,1.0766190637731452,-0.9643887072406166,-0.20900675023752402,0.9885333507418664,-0.9524651638192199,-0.27242972226942397,0.6291624225973403,-0.9455140566772927,0.3115268271064048,-0.4893755268638766,-0.7062749648138666,0.2248126717075684,1.085122350903294,-0.8802075065944964,0.047830527368344596,0.9740150769456445,-0.7011310838303416,-0.04362824260245841,0.5920088204783953,-0.5597054759638294,0.6103227859321906,-0.20526782119901713,-0.7331195189836117,0.5061029154162658,0.9564087932752101,-0.9068284808285437,0.3057049567421555,0.8944486926542506,-0.8208053486183422,0.17288783194656182,0.5992287788296506,-0.712321803330041,Q
0.0,0.0,0.0,-0.29111967201051087,0.07903192901504769,-0.28525424246628817,-0.5087574911972697,0.16661281068722752,-0.49583858632902084,-0.46199783311313714,0.6748105792102311,-0.6515933348301808,-0.29822368841614105,1.0832575538571765,-0.7667018364533986,-0.3869666030316341,-0.8162155897484484,-0.5976994307530512,-0.3922667306011786,0.3899421577193763,-0.8376234270129214,-0.4128421158273911,1.0491560443313772,-0.9301018187105321,-0.37261306260487165,1.4227334117609356,-0.9712291406360686,-0.00721403435881471,-0.8397345889663173,-0.5429491484493186,-0.04960694299235542,0.5655642726835127,-0.7132321605897582,-0.17262121051759602,0.5235348795911394,-0.6807235031580491,-0.24066655406946885,0.20851798996148932,-0.6604065587227851,0.2985522212901668,-0.6599525785833829,-0.499912767875882,0.19609204519374812,0.6024714935131056,-0.6254982931232307,0.035488648327240996,0.5190185665636378,-0.47159664367742354,-0.04254247221045057,0.2128943723204245,-0.3545794002782907,0.5183685987480497,-0.42854223544151826,-0.49610089295818605,0.399721587668577,0.5043912487418538,-0.6431841860928211,0.2549039926009352,0.4670921206412396,-0.5947767303124034,0.1691771922872616,0.22545517780497257,-0.5210442000613348,Q
0.0,0.0,0.0,-0.28019089583164275,0.04523835760324673,-0.2993848389797108,-0.5147525698198039,0.19696322969300997,-0.5399898469401871,-0.4901286618080928,0.7056016045493595,-0.7261722322028825,-0.35847264674280616,1.1265375916202485,-0.8799293287803225,-0.39916727494370796,-0.7754665657797671,-0.6422011827135546,-0.4126760822093174,0.43983548611320084,-0.9185891716588702,-0.3912540262289929,1.133815214211878,-1.049561780817222,-0.3326529637175211,1.569421818807282,-1.1081598107613126,-0.001547283268240375,-0.8000392570979302,-0.5999456583863905,-0.05818216387055793,0.5618207111904401,-0.8105475566193087,-0.16972080083326976,0.5732722247446888,-0.8142699319940702,-0.2472202841408733,0.3725297421909245,-0.8055924089089234,0.31804003236363426,-0.5970149360658289,-0.5660701285890909,0.19495984829064716,0.6712098643934048,-0.7130429675926185,0.03270374576122975,0.605754930039027,-0.5774582277898808,-0.06081793665746636,0.3368985580511075,-0.4646662981189329,0.5453769178229838,-0.322432268177695,-0.572307647959378,0.4105562502195191,0.6483230109776067,-0.7161950181285683,0.24116215797877674,0.6526322218358106,-0.6519080939486306,0.12939655019518367,0.46676091059603325,-0.5641872411973384,Q
0.0,0.0,0.0,-0.346603462435972,0.05448918285435932,-0.3629553830592357,-0.6038057221646238,0.1546069365624451,-0.6358351027895913,-0.563949194339347,0.7627635124096226,-0.8340281401039815,-0.3943861982431234,1.2219576233956928,-0.9828038640421782,-0.3542157778103475,-0.8558637240798239,-0.7598203747178398,-0.42480244786211835,0.47371038515533137,-1.0452209334485056,-0.4867355295581309,1.1331489559314054,-1.1475303401754395,-0.46042114572447557,1.453745212860847,-1.2005037742352982,0.058903262677104516,-0.7245290428181066,-0.6867227036869177,-0.06886165951893732,0.7052003081905577,-0.910376362121117,-0.19845678264034353,0.574569507321414,-0.8708163117386185,-0.22883218705372813,0.106290415465536,-0.8481683446318606,0.36113148659588823,-0.4440774682466727,-0.6276533325109696,0.17957119051749926,0.8576704250238782,-0.7876231606415547,0.02363314787084694,0.6468515331676984,-0.6108516152188816,-0.011862454851314597,0.19587737992987891,-0.4836709403260357,0.5614346963391674,-0.15431710345962063,-0.6150295761817969,0.38146736327958375,0.8073580840857051,-0.7950997916000326,0.2486275641672916,0.6982303256386581,-0.7509687850314599,0.2095269524074894,0.35441217051129614,-0.683027681328009,Q
0.0,0.0,0.0,-0.3830596769956787,0.07245739176105205,-0.37956567515038486,-0.6421819697553669,0.25968637228416247,-0.6742090803911263,-0.5899198740645618,0.9537906273675786,-0.8837299187902835,-0.4218996891851515,1.4175332644291128,-1.0505934851480079,-0.35418005443665734,-0.7701090739898288,-0.8523523919857413,-0.39881472754891345,0.6146502332467754,-1.1664808839608698,-0.46471863374253203,1.3022549409155764,-1.3083779697752929,-0.4416529762873026,1.6922147270818004,-1.389012527446119,0.07867532524095223,-0.6394700162086615,-0.7647798974661432,-0.05668786307206081,0.8300655891226836,-0.9915523572454841,-0.1953009670348888,0.6641501277432496,-0.9477643711899691,-0.24668529025982844,0.23538070508413994,-0.9285378327328419,0.3675107269632132,-0.3477898027527532,-0.6868577901407982,0.14307691193607142,0.9901966094398682,-0.8163101375887073,-0.03048186958274219,0.7568471016368626,-0.6029386118770935,-0.08220344820530412,0.3451908354419516,-0.46205584722067095,0.5418087450606535,-0.060322159031960455,-0.6612044498041069,0.29587347901001537,0.9510903131064815,-0.8437741675212609,0.1569117642489717,0.7783144864585789,-0.7963483369431609,0.11476051724647987,0.4054286806245065,-0.7252554385059066,Q
0.0,0.0,0.0,-0.5559560513242828,0.05345245756859791,-0.5086692034689858,-0.8515654184413766,0.47683978225745033,-0.9587942025619507,-0.6938204731320305,1.6684318625239931,-1.3147786018782264,-0.43165379407054427,2.507022187215293,-1.631099077105114,-0.26444261465567986,-0.42984548034264114,-1.0536851734055086,-0.46937704973377414,1.2542522799178748,-1.482456461133059,-0.5932731052374232,2.2872896490485943,-1.7707037983403093,-0.5979056138789821,3.007630800821442,-1.9533610065481184,0.22847981778319043,-0.06831687931027815,-0.9711486893710277,-0.2263937946955322,1.7647597061166502,-1.4188060034119356,-0.567747206392744,2.3326802453526607,-1.5417770832699145,-0.739773270745126,2.530810235900962,-1.5968083769543522,0.5235224618649088,0.3906059391113591,-0.8900661287620759,0.04576439234867543,1.8141218853946899,-1.1045641092647616,-0.11990412476111807,1.4549475965465193,-0.9974383831576655,-0.14437721498821826,0.8680207342358193,-0.9374888642481761,0.6459813620115621,0.8004759396991343,-0.8713902685211791,0.19797625185253492,1.8311748226878728,-0.97677409375608,0.005924215134422448,1.630897765746241,-0.8714226742266593,-0.05163811487223332,1.1943288551375077,-0.7950780350047094,Q
0.0,0.0,0.0,-0.6051786758875287,0.256910756641421,-0.5189487551006656,-0.9451115493093333,0.8844865650000663,-0.9514493161869287,-0.8164266648838695,2.174985867189238,-1.2925957837664608,-0.519933075666172,3.0719831158288287,-1.5902486597136531,-0.5158265185642585,-0.1064816773302583,-1.083164804797099,-0.803699999978041,1.7722228365677088,-1.5462784735818236,-0.8820225475091432,2.725315289008426,-1.8407223215140047,-0.8065639365381715,3.4151902486018546,-2.0309427239879922,0.021856971230917666,0.09721653876955706,-0.9950232245522102,-0.41051255497822087,2.0088018076063547,-1.3209448855272121,-0.5945244323809228,1.8572969834524231,-1.3674634633344414,-0.5912085581421667,1.4194292983022145,-1.442103925616483,0.4068679231279414,0.4619602081394845,-0.9219419680688707,0.0034698493226341626,2.255219370355929,-1.1105875591613306,-0.15545158008771243,1.9271001312074438,-0.928259524145497,-0.13681726574747347,1.365493907164133,-0.8414170566522191,0.6383831946513785,0.8238582514997966,-0.9223864150677402,0.23198135826382452,2.235245888934827,-1.0907951025010039,0.09546954579085494,2.001316121636633,-1.0081699917477003,0.10856741549349198,1.4775020415589848,-0.9498542175477278,Q
0.0,0.0,0.0,-0.5300342429494243,0.0869385561201223,-0.46066887018888675,-0.8070681561605164,0.4726380038867565,-0.8730072696554463,-0.6178399783794999,1.5344638301893443,-1.1915820019907395,-0.34358149859593484,2.252558776301085,-1.4700858875502296,-0.23559545878237922,-0.573783132712783,-1.0173503957348757,-0.3758410285618737,1.0647245953033504,-1.3952098952192875,-0.5152477632314753,1.9882598355711438,-1.640527223107488,-0.5022255184524153,2.5599523920146137,-1.8005880699372534,0.25801648708954594,-0.2830478630103751,-0.9237485586647646,-0.15901709081403098,1.4771641146187737,-1.3065802628388103,-0.41173551067068215,2.00233387999028,-1.3508578293877533,-0.4595920112644027,2.2178907553894804,-1.3463621136829171,0.5207358132107202,0.13732228687597706,-0.8254782594813415,0.04750411324161941,1.516541869097156,-0.987071704020449,-0.1442765746637473,1.1164389713431175,-0.7779170269311546,-0.17336232028239248,0.5525510286892272,-0.6346157895975232,0.6075257537953912,0.49609551064477725,-0.7871021277483337,0.17938201552763355,1.5100656024131056,-0.8944822145281676,-0.006863126711900603,1.2691353055436991,-0.7509502975393155,-0.04966363486243064,0.8304199467129069,-0.6229767609328928,Q
0.0,0.0,0.0,0.0501243652480708,-0.34954038345919247,-0.11492800023982569,0.056136913942239866,-0.688252971492054,-0.08196329005471398,0.036376807842032066,-0.9052233119782862,-0.02375280562135576,-0.01756042877610555,-1.0501747226794989,0.04729592477083475,0.016831826728493857,-1.016860038940706,0.10995633586743397,-0.01773369686491635,-1.1948241309955794,0.14086420235046082,-0.056499754841701805,-1.1640556607585102,0.12859462539228905,-0.0901422364957028,-1.066731559323223,0.12883346218991862,0.045041915760973175,-0.9776440193119386,0.20538597159538236,0.006827054724014207,-1.092179093097022,0.23596929502371777,-0.021150144475611275,-1.0241592005359181,0.19966821592239753,-0.053321064145007084,-0.8916375850203643,0.18803297173388367,0.06338594460164441,-0.9122491869671296,0.2810800951925407,0.02963784728676717,-0.998342742011224,0.3118611894213332,-0.014732167921949528,-0.9828345180004856,0.2704606412585316,-0.06064942822709748,-0.9183909566657349,0.25397039236874147,0.06850781744602764,-0.8583107335787055,0.34436857649422903,0.029215384643262194,-0.8811504852742793,0.3625265003195659,-0.028656157019544198,-0.8617201239217381,0.3369957090389065,-0.08417787190488281,-0.8412942011207069,0.3307351521410727,Q
0.0,0.0,0.0,-0.40019555511303473,0.01357070078390739,-0.3608192853665251,-0.5999342603147401,0.09927600548299005,-0.626988809921074,-0.4508608239647185,0.7186020880101361,-0.8142204664476818,-0.2051225562958996,1.1037159658702147,-0.9529076950378385,-0.25367616052586245,-0.9068980349964065,-0.7192190976579433,-0.33007335226193907,0.4053984337404037,-0.9512780651039884,-0.4222001473667659,1.1068917613638851,-1.0469523354866443,-0.40065516772719406,1.4299502761022171,-1.12118679453276,0.14403684811985887,-0.7570362353429311,-0.6372986150632205,-0.025652767378620933,0.7120034552426846,-0.8187114242862434,-0.1855411438801529,0.7414550485475031,-0.7976872591488622,-0.21061556538595666,0.3492044081508949,-0.8179454032626445,0.4046289017871133,-0.4825300481328557,-0.5643740918643873,0.17187596717000164,0.8423764033540982,-0.6594178311919934,-0.014587593692734921,0.7432488144444305,-0.5035096919496956,-0.06067588692841532,0.31014818791185234,-0.4343495237309979,0.555733570551378,-0.21837886928470493,-0.5397554927645531,0.30459485466618685,0.7811879206907246,-0.6591217560869868,0.1570209044698601,0.7452723866484375,-0.6138987075356183,0.11366219948160376,0.39647684221888857,-0.5816162276823905,Q
0.0,0.0,0.0,-0.3666099875625598,-0.00038945499489899957,-0.3198885002227289,-0.6005371869094828,0.07463587978987664,-0.562984307930668,-0.5308730473180532,0.5833398808052721,-0.7354876240244531,-0.34136545441258725,0.950927430595338,-0.8606291747846,-0.3705987312777579,-0.9162366514489355,-0.6512332625214101,-0.41700908673965215,0.2873546884882261,-0.8926581498021067,-0.44349625303613965,0.8619475308693054,-0.9842958534410023,-0.4098117169114412,1.0934691663407592,-1.0443921555637572,-0.006965508249852494,-0.8092189473971427,-0.587465894217087,-0.10715567376703992,0.5262759688627608,-0.7775350268826398,-0.192198153304334,0.4995376191897184,-0.741956426204261,-0.20362095887565074,0.13359604508352013,-0.7344036409553176,0.26104353169718525,-0.5751124176107081,-0.5385113636203955,0.11592837395446251,0.692766469666599,-0.6741625008218629,-0.002118152127295644,0.5722256201989064,-0.5263093838940711,-0.020110972891629424,0.1630500131124669,-0.43470356876977717,0.445296199299386,-0.3162042465173373,-0.5308220426959149,0.28127526582754303,0.6537974217351471,-0.6883154915735055,0.17914627862257157,0.6008472413899179,-0.6626884471998609,0.15694975913810316,0.2548022889766062,-0.6247860983852515,Q
0.0,0.0,0.0,-0.3748642603019967,0.11215011759521572,-0.35638317430824895,-0.623499804093518,0.2715375586976494,-0.6281164087908775,-0.5504597847199592,0.8379681354839238,-0.8238915765273681,-0.36608107472406964,1.2320400314155011,-0.9680712396665608,-0.44679623864115364,-0.8073251754436123,-0.7403107627935436,-0.48260676113021295,0.5403394493152861,-1.0244991669166628,-0.4771592904693901,1.1977296260191705,-1.1332193861068502,-0.41529991653650117,1.5214201191883479,-1.1925084457756294,-0.04307790793192449,-0.7418235853967184,-0.6692100283150023,-0.1073020119000786,0.8303782248661219,-0.8960795123454719,-0.20637792716075715,0.7626370281869246,-0.8624691331811062,-0.2492942315695104,0.34489021611076104,-0.8500854108788529,0.2689273549563013,-0.5172761718216897,-0.6133276834234547,0.1544261447539361,0.9433779542329468,-0.7812456341310089,0.011044271159512805,0.776853365126153,-0.6083598240626764,-0.04188463297179932,0.32249449072342895,-0.4884240135222726,0.49075921565778813,-0.26016735300617094,-0.6028234118003614,0.3590223419313749,0.8238984008969393,-0.7869302255731938,0.238605215412412,0.7242524411410238,-0.7452735933527042,0.18740621903757848,0.32981813055727144,-0.6828980853825982,Q
0.0,0.0,0.0,-0.34821599219510574,0.14362948287067995,-0.33263383452933015,-0.6058551559074901,0.3123415040953018,-0.5952513773075085,-0.5166610101465917,0.8668492426263508,-0.7949543250875484,-0.2794667708896552,1.256666853531611,-0.9466847589439015,-0.5110041246926635,-0.7027321864552523,-0.7346737218588156,-0.5052913298285217,0.7239046500307884,-1.053875910896709,-0.47436769168187054,1.5344842968199623,-1.190537504322681,-0.4023147976626396,2.016057134546294,-1.2499637418765859,-0.08600300865485573,-0.726239226300865,-0.6820411048347702,-0.10732384720365126,0.9095317766006364,-0.9190725885730318,-0.20275189220337547,0.77919475600826,-0.8870015531392069,-0.2687300137666964,0.346696044703335,-0.8610486557935731,0.26505361165149144,-0.5475513176833078,-0.6435600644797878,0.17775895226323754,0.9716442641987985,-0.808289705006064,0.024025277071054927,0.817582300418438,-0.6055141588214443,-0.06020655013972369,0.40607649746778596,-0.4486466895080536,0.5249341692835963,-0.32496735417490374,-0.6541563760891087,0.39672600700320243,0.828327658989122,-0.8243551485931869,0.24864706690301672,0.753345255232156,-0.7433721598669407,0.1576552185675553,0.42278552646126294,-0.6380483732554288,Q
0.0,0.0,0.0,-0.3559183054263326,0.17909231904531178,-0.3287721291417549,-0.6129187303384279,0.4494450612694538,-0.6058558784938314,-0.5406396397317021,0.9984869824424156,-0.8331173247593446,-0.298926517189919,1.4392607193426403,-1.0253036268052746,-0.5990021308853501,-0.6554144148150715,-0.6819907790629839,-0.5352439130105022,0.8147257065852743,-1.0101064184154471,-0.44500903899262956,1.6216123518587622,-1.167826374367288,-0.3464501183849199,2.052914361679048,-1.233289120792364,-0.174708689338671,-0.7369946026447867,-0.652928655782557,-0.14983354662477025,0.9438011753017832,-0.9115844912103332,-0.22675008770044486,1.0115766288958397,-0.916382836430285,-0.3099983416835713,0.7792368203629747,-0.8927840546069029,0.2019082213486877,-0.6005661199060994,-0.6381812092874469,0.126906133107828,0.951838478771021,-0.8214053727992437,0.0024539547061644008,0.8636242587437407,-0.6560676964444491,-0.09051878510765109,0.49984529777061343,-0.5066305013831366,0.47779970785047665,-0.3890569600712772,-0.6694173587276016,0.3637878110694421,0.8186756815724905,-0.8182209311432567,0.2257879052291011,0.8019652837147605,-0.7195656329866791,0.13200308057744067,0.5069133386914556,-0.5950643365504684,Q
0.0,0.0,0.0,-0.35972972143197346,0.2403539704978862,-0.33836961146415107,-0.6479434988609579,0.6107918688703804,-0.6294239065237335,-0.6170531273469558,1.2764682883083884,-0.8699097440019191,-0.3969259022269847,1.7987785186659262,-1.0893550187356997,-0.6997618658196123,-0.5495198892273612,-0.6856995644618695,-0.6307237627410884,0.9514092952002379,-1.0043054075560265,-0.5264483539327357,1.6583326178119702,-1.1865996474435636,-0.4349144751924604,1.9943143799033725,-1.2781253642044006,-0.2796743064417047,-0.7102680337690361,-0.6459888563452305,-0.2612261924163771,1.001183086309608,-0.8521184992801332,-0.2938380614268989,0.9624694575040336,-0.8626681127659419,-0.3410469504977959,0.666816035817075,-0.868843925520273,0.10301166232532873,-0.6238819834769668,-0.619748687595558,0.01758906568945072,0.9648180670873929,-0.751481887950719,-0.06608278635692048,0.8743568084782957,-0.5929719962287486,-0.12135979210253765,0.5463646040095204,-0.469184567877353,0.38413812094209054,-0.42352749362865766,-0.6412699144103192,0.2597964856847752,0.8234777493199944,-0.7506160379653103,0.155234047266177,0.7899871071899532,-0.6516517822145479,0.09575498243976223,0.4870208920087901,-0.5420108921729689,Q
0.0,0.0,0.0,-0.35420864515261935,0.31793122836531096,-0.3016819122255371,-0.6691905328983393,0.7810270111987145,-0.5817164897538539,-0.6950632366366375,1.4476499339267024,-0.8190820105850668,-0.5316739216224422,1.9357427041794342,-1.036886675535608,-0.7796548282272405,-0.4867078732695445,-0.6583699253300176,-0.7226383775531036,0.8511711441133903,-0.9182677371330675,-0.6364807918368636,1.64604867563321,-1.0497976769057926,-0.6029189018927639,2.0940631597921118,-1.111960588967574,-0.39055211278126656,-0.6667420003011055,-0.6347630677950391,-0.3688849560393823,1.0533623824845597,-0.8201904553379559,-0.3811065323719782,1.1749244595497579,-0.831672138208419,-0.4265761796278531,1.065386116390986,-0.8352252393354587,-0.01628819949370582,-0.614717814860361,-0.6153969921243014,-0.08524341726428397,0.9612236295019259,-0.7345108854523434,-0.12180147260282044,0.8741314088758502,-0.6032571265743006,-0.15305995574192363,0.5791167214766199,-0.49816194288694643,0.26802563141295316,-0.44963722619047775,-0.6355592440163408,0.15716503103601948,0.7408544553594997,-0.7244330930581754,0.07616561290113537,0.8095305850680831,-0.6173864248595539,0.0243439213542604,0.6440654750683403,-0.5034848111871101,Q
0.0,0.0,0.0,-0.3378301221969362,0.3315973747827624,-0.29763535600456986,-0.6223895121888287,0.7492200421168744,-0.5673716742700519,-0.6399225532530035,1.3174875779064785,-0.7943784200183485,-0.48971355634941144,1.7103276029561385,-1.0032529361798552,-0.7375658725534495,-0.4839690066511652,-0.6415534520664953,-0.6892267464467594,0.7336489624812395,-0.8731027966447495,-0.600017110119586,1.432608914882122,-0.9752773864303638,-0.5706998932494024,1.771505519824239,-1.0310204624550876,-0.3821741187078698,-0.6784424319296696,-0.6274223534009754,-0.3543117849756493,0.7809458808672974,-0.8023092728303405,-0.35255427319831,0.9185901250643865,-0.8045437888400654,-0.3968831652495244,0.7735036977855992,-0.8128846872750624,-0.04073241230304949,-0.6228243048507487,-0.6190535386877473,-0.07433066461367659,0.7211856254328518,-0.7524605773498284,-0.09246410795169387,0.7545271019282507,-0.6363478079132343,-0.1271617491518905,0.5317390182934315,-0.5511387967776529,0.22451916260764965,-0.4474653036245315,-0.6466150644074328,0.1677824963420151,0.5908870036642553,-0.7522501263731144,0.12021100045605967,0.7496462036589548,-0.6673548362145154,0.07503895588551407,0.6638722924729337,-0.5815406689461174,Q
0.0,0.0,0.0,-0.3582601503239193,0.3436526213585287,-0.2686994526696736,-0.667707212136761,0.8006575751720562,-0.5257261893492702,-0.7270249278597363,1.4104337760961525,-0.7513374963268503,-0.6248959115160849,1.840719740097458,-0.9626558028964375,-0.8466939854180873,-0.3968334204215318,-0.5934522655150694,-0.7701620631747799,0.8505135526547387,-0.83505249344616,-0.6974464389236988,1.593205244673596,-0.9528505896637334,-0.700498278594524,2.0239129412057384,-1.0149906168551888,-0.48950287802117376,-0.6326568253442225,-0.600110218005291,-0.42303260037016377,0.8362607367094709,-0.7800315184273822,-0.4195753743906269,1.1049016344823608,-0.7999841258092836,-0.46799342920033904,1.0789558209766736,-0.8213740428808258,-0.1172035023877594,-0.6472357484208936,-0.6136045011346781,-0.10008464882982585,0.6204497390979572,-0.7654817461135016,-0.11031193513966138,0.7645351486451224,-0.6744511335004557,-0.14553477457562347,0.6196035496659287,-0.6039421130177953,0.20107106424690677,-0.5419072315332171,-0.6581137655786373,0.19255904151210385,0.4074620064845476,-0.758216940126872,0.14394428716281527,0.6668961670823023,-0.6713375868411068,0.09014778039975281,0.6691593015355735,-0.588757834848411,Q
0.0,0.0,0.0,-0.3869187574466611,0.4200403835333142,-0.2811813201040392,-0.7138551117603755,0.9281612332157908,-0.5583061728692866,-0.7774449717800969,1.6120628883949286,-0.8057389731531729,-0.6479925217785946,2.102856380599879,-1.044437791317108,-0.8928878752757766,-0.30615626761938625,-0.6158586756539575,-0.8078663591002839,0.9192357488347549,-0.852194818359101,-0.7393257490312891,1.5913020757356144,-0.9706911171586377,-0.7465203179901014,1.9691133162483303,-1.0449895105693816,-0.5350686275812636,-0.5626808242981699,-0.6301522464813047,-0.45456151871792344,0.7937657963180068,-0.8061441294308616,-0.4289554278120508,1.0625050049919402,-0.8361835160848697,-0.4652131000124294,1.0244569890947117,-0.8853047997162666,-0.16183497038435707,-0.6040868054067148,-0.6510681214292554,-0.13456221083964068,0.5586140029102299,-0.8215808914599727,-0.1136948555978883,0.7951200649726664,-0.7590760659183102,-0.12865739605717744,0.72181876825523,-0.7224008565496958,0.17429081551211184,-0.527485097888073,-0.7017017475719192,0.1588876491968097,0.2899489457321139,-0.8151845887846542,0.13077861068843316,0.6842783019467018,-0.7375616920289373,0.09740990218069868,0.845879574656515,-0.6770331912372625,Q
0.0,0.0,0.0,-0.41416442970760453,0.4221231012114005,-0.2538210777969616,-0.7527342564602846,0.9196061631424167,-0.4967997463235485,-0.8506687658060199,1.5710366443168708,-0.7119968049018988,-0.7512590816112851,2.0590944593487417,-0.9176188325259202,-0.9718645515765016,-0.2845338083997891,-0.5592195870262276,-0.9054915113185538,0.9518457605751808,-0.7596067586654418,-0.8453985292119096,1.6046993284793827,-0.8581399128345595,-0.8329519256974832,2.011635794544771,-0.9178348630865437,-0.6289517550318637,-0.5273664090636628,-0.5712305667886093,-0.5627222028005342,0.8908205976928696,-0.7018740808870644,-0.5401105536743813,1.1021983624942164,-0.7215714980205485,-0.5449586799436115,1.0692393593389558,-0.7638526160558229,-0.25778115379311706,-0.55790012059093,-0.5880289852473192,-0.24208837937512961,0.7344832674307411,-0.7117910322609866,-0.2331277486717634,0.8421241029606411,-0.6569095033402876,-0.2332225883605898,0.683592437825692,-0.6293944457428685,0.0779606812020706,-0.4672798151225872,-0.6339740847842099,0.06593029124430738,0.4448276244369741,-0.714608520400092,0.03507545154787929,0.7493527055864039,-0.64524299312126,0.015813166769088328,0.8382079117684021,-0.5931548124447774,Q
0.0,0.0,0.0,-0.43001393136036437,0.3915733330524403,-0.23722692559421754,-0.7526520460464493,0.8607275454881276,-0.4749217027375888,-0.8479577710866065,1.499586181662995,-0.6917663506958788,-0.791457598164061,1.9874852157305047,-0.9060529949970512,-0.9863794730299952,-0.30307519202352234,-0.5183454543462088,-0.9331129081517533,0.8704719024302285,-0.7548628156140734,-0.8880932166911892,1.5725440120454017,-0.9027315318792782,-0.8699109381998866,2.0441978648512737,-0.9907050236119455,-0.6551489291558731,-0.5271326964019246,-0.5412125285042368,-0.6118831813443397,0.7571149484435329,-0.7004854310360419,-0.6214346856861422,1.1023847105021938,-0.754698439786626,-0.6422023168144292,1.1741533959620578,-0.8147962723287755,-0.28666106737285146,-0.5449522766695079,-0.5720883425913285,-0.2804997087415598,0.5639822043677366,-0.7118212730477994,-0.2879106619993471,0.7980315034689738,-0.6718324969208121,-0.287512325517327,0.7233646155983077,-0.6510566892933898,0.05040873745627435,-0.43945874648586136,-0.6301739105014157,0.03470038565511696,0.3729218926797097,-0.7146911114650487,-0.021276040205565203,0.7180527106427168,-0.6494856736663965,-0.05871380499193695,0.807023848049209,-0.6005249660121882,Q
0.0,0.0,0.0,-0.4114735185655258,0.4291816031768821,-0.2527679399426078,-0.7419231838653629,0.9459175198529458,-0.5052239210943076,-0.8406998172634096,1.6247491146928754,-0.7352948174749525,-0.7835106110978107,2.127097285749701,-0.9551909306047143,-0.9789287892362056,-0.23354064945736822,-0.5424786323831504,-0.9206289812764992,0.9329431823324029,-0.8032923834522323,-0.8586318474957016,1.6476519420828648,-0.9621362284552541,-0.839875641216455,2.1060623099232525,-1.0570572881469873,-0.6444017691827804,-0.5116329050190679,-0.5683116489883454,-0.571129195695435,0.7850574037356216,-0.7324735589666911,-0.5438228064509334,0.9801032752043104,-0.7731073452464552,-0.5595883909584367,0.8573316992512724,-0.8323808018397125,-0.269695581820409,-0.571704855285301,-0.6074210488927904,-0.22999940694783835,0.614327299739691,-0.746687787681098,-0.22385716592555985,0.8519137128755937,-0.6834249633284759,-0.2434216357102526,0.7395896564547351,-0.6554032117399822,0.07966894715783303,-0.5118236215092065,-0.6793655101840849,0.08518498287015963,0.42395971547449923,-0.7684129114934862,0.04183921980102334,0.785902874507242,-0.6981552381040829,-0.00022277558111890902,0.8736345660426507,-0.6496933589320025,Q
0.0,0.0,0.0,-0.4030501973803729,0.46362410739908644,-0.29324544144691816,-0.7415017868298897,1.0103046363465455,-0.5743826699394419,-0.8135180254540537,1.7399335269383098,-0.8272763321414294,-0.6832781727424013,2.220114418308621,-1.0679410134374467,-0.9149325344745637,-0.30187179000904824,-0.5841611924669214,-0.8374004427494739,0.9017160777428165,-0.8751162729855086,-0.7521485501105772,1.6922365061263271,-1.055162603799278,-0.721733073031363,2.174470758829997,-1.1593112297530415,-0.5391315090576142,-0.5970611803315972,-0.5940161301532979,-0.44130614400930296,0.7393763733564946,-0.7715347771547486,-0.40833019814747673,0.929937330308324,-0.8184833532456601,-0.4454497653498104,0.7586255139375955,-0.8841207959671636,-0.14884974870087217,-0.657662016409563,-0.6206464390558022,-0.09203177463250425,0.5692445666009659,-0.7718186226960343,-0.09645762096443491,0.8594267071640231,-0.7018647830871538,-0.15193078796236376,0.8006543499615856,-0.6671550981879095,0.1996427676961533,-0.5902229585429427,-0.6841531703524375,0.21677222905721838,0.3749757915639363,-0.7792822520738983,0.17299195260500536,0.782761235642279,-0.6955675756371817,0.11266212232710753,0.9323818674469326,-0.6341201269137869,R
0.0,0.0,0.0,-0.13652712087975888,-0.19312432349601358,-0.1316481051341969,-0.20389086315520347,-0.503265806169463,-0.1883452481967691,-0.11861167322952633,-0.7993934708860253,-0.23703389626864646,0.011512006143528986,-0.9991356509979504,-0.27624041294882673,-0.21575123718758293,-1.002818105838649,-0.06979127269053848,-0.18476961383373833,-1.418799510167887,-0.1482234016882677,-0.15132629650409354,-1.6624639227722566,-0.20218418807997945,-0.11909943360480688,-1.8737936982866124,-0.2375687866035157,-0.0894052075240076,-0.994492861254806,-0.054686906849979254,-0.1438516860691484,-1.4198906246876826,-0.12575201544675077,-0.19889789228761276,-1.6641062609131874,-0.15574634618456443,-0.23579587673622882,-1.8860340585035447,-0.1656160141871627,0.028695133267492276,-0.8871499939445168,-0.059913997597979524,0.0438954872674062,-1.1081034040565603,-0.17578323698421872,0.0006742969872024322,-0.8620280680730737,-0.17690786803073133,-0.02351222597123748,-0.6853133000649488,-0.14295183000455702,0.1353349184754951,-0.7221138231002886,-0.07771664216188659,0.13530749328710803,-0.8954548396279065,-0.181377465442667,0.0771468282783416,-0.7218429710331602,-0.18219441307401077,0.042900474234189835,-0.5726556125688076,-0.15564073937700992,R
0.0,0.0,0.0,-0.13326998941584603,-0.20380763646362332,-0.12857211225771714,-0.19608056364639753,-0.5075171377981245,-0.18347847438242118,-0.10182659220756082,-0.782798297904426,-0.23110857479745636,0.02409317844861924,-0.9754742108955737,-0.2686733637854596,-0.20563021533986453,-1.009131346292514,-0.05815439395662716,-0.1844776608421687,-1.4251364276720189,-0.1265234991788025,-0.1677081023199713,-1.669080027103994,-0.17542032711716346,-0.14760832517168634,-1.8811603477457586,-0.20964678092334654,-0.08540147739989465,-0.9953164934564869,-0.04529531445302616,-0.13739571432357972,-1.415458028684866,-0.11395324542499892,-0.1769785780241784,-1.6562657597891215,-0.14761425050513696,-0.19920983814570795,-1.8670544723812956,-0.16142052577624183,0.026102172677176523,-0.8831427315973491,-0.052498750680708854,0.0593281387520332,-1.115963883620543,-0.1708318747128197,0.0204688080195965,-0.8650316083933759,-0.17753614974793602,-0.007705614934944797,-0.6830665314545463,-0.14802062312080858,0.13061032961103927,-0.7131670228634133,-0.07136343531505952,0.14558234345298995,-0.8949586485871381,-0.18112261963358095,0.09104065356725911,-0.7193958437542906,-0.18702440339932952,0.05364358810442874,-0.5675681389594983,-0.16422688429317922,R
0.0,0.0,0.0,-0.13501790984738735,-0.20342351024391683,-0.13001460502183318,-0.19437402239706328,-0.505635336597245,-0.1837942301643809,-0.09950958217115435,-0.7834686393602596,-0.2295686491838036,0.02211890069806388,-0.9877592846578712,-0.26517351688615237,-0.20696251640250035,-1.0085936405714244,-0.05385667782817813,-0.18944903640110425,-1.4232565460618674,-0.11542333676983073,-0.1753367724643557,-1.6709360352224474,-0.15811625229547555,-0.15736414175906221,-1.8832109881049142,-0.1880923020898334,-0.08689393409183088,-0.9954658801234335,-0.03869270897885583,-0.13945187837505338,-1.4163174459078052,-0.10108322967541292,-0.1747984036771368,-1.657810855533545,-0.13058324162488205,-0.19631946592203225,-1.8649401114145376,-0.14176346869407713,0.02242948944400425,-0.8826994995498691,-0.04406149086342964,0.05726839065409555,-1.1133251082406181,-0.15916945446909647,0.01984513973428657,-0.8608844551827325,-0.16870004349796322,-0.008541190513360098,-0.6815627662720884,-0.14192908610340083,0.12633040151440797,-0.7179864779762772,-0.06085689568728166,0.14043279124247054,-0.8916145635102933,-0.16993460010100112,0.08478623936504481,-0.7128305701453669,-0.17984806718201204,0.04610537332077786,-0.5639239125396678,-0.16079812384183173,R
0.0,0.0,0.0,-0.1341399152305293,-0.19036731546497354,-0.13260748140170925,-0.19817701489589537,-0.5011450453965023,-0.18730596422359452,-0.10384944942826693,-0.7788910551845271,-0.23418182222258488,0.0221679634284115,-0.9820963717498854,-0.2711878255394115,-0.20816753945884567,-1.0089699108121928,-0.05814351595571163,-0.17772574649385417,-1.4071865501970986,-0.1293729055842793,-0.14809900027417297,-1.64903780209073,-0.17826088204515048,-0.12119343668562475,-1.8564075474539654,-0.210623836487942,-0.08423735892863297,-0.9954805939950243,-0.04384580185197139,-0.13987275647728872,-1.4192746812288182,-0.11054427425807824,-0.19165709198307807,-1.6588228735311077,-0.13763596631009878,-0.22503995429106682,-1.879445360162029,-0.14432393341386776,0.030912463290797453,-0.880563513402921,-0.051047345380963935,0.05298367656598866,-1.099284938456755,-0.1698681304452372,0.011716917157125906,-0.8333246308998239,-0.1720195104912987,-0.013871581408563349,-0.6528470303975922,-0.13651241568898242,0.13584849136292304,-0.7095861464773904,-0.07059471377744386,0.14102857124478055,-0.8759048469342228,-0.17945795376172094,0.08810849268160803,-0.694350816405603,-0.18273491415239293,0.055956319385561296,-0.55254486106257,-0.15663806851853793,R
0.0,0.0,0.0,-0.1355343125222388,-0.1957020233770843,-0.12863991082716097,-0.1988833239687727,-0.5019283374390928,-0.18160666257931118,-0.10264352741204241,-0.7779354771806535,-0.2267013144217981,0.02155262980141904,-0.9781458579676733,-0.26278565665230175,-0.21101544101093284,-1.0058240820583884,-0.06405601506613019,-0.18276253769190498,-1.4217502754805604,-0.13326698471765866,-0.15650544602264851,-1.6668418769257285,-0.18311569263184987,-0.13034924702929984,-1.8804299675544327,-0.21850102927073867,-0.08907573486000463,-0.9946836218578087,-0.0516720995023614,-0.14713606130861318,-1.4304738561744832,-0.12111479991774828,-0.19352442312207363,-1.6852711512533791,-0.15564435249523811,-0.22471889330963046,-1.9073174112123565,-0.1704740988212717,0.022281374872672222,-0.8825032369791542,-0.058830121698745026,0.053308599543408865,-1.131983783444191,-0.17892397404643084,0.019887673413183277,-0.8850232815192846,-0.18721888868785821,-0.005583182538413084,-0.702454575927716,-0.1590338294443951,0.12733723707624062,-0.7102330831101505,-0.07738903757606573,0.14239774131304989,-0.9070040234860421,-0.19071397345487143,0.08864330521529155,-0.7311233206812288,-0.19812549489047912,0.05001459001647211,-0.5757917745769133,-0.17633009208765688,R
0.0,0.0,0.0,-0.134702262768043,-0.1950590838154115,-0.12919612172845432,-0.19636544310675247,-0.5001006307859706,-0.18435645501042894,-0.10050216890208802,-0.7798263644017016,-0.23141621342165075,0.026406137396539166,-0.9805839980690354,-0.26876079844130324,-0.20503661995305703,-1.0076639489581565,-0.06719717627022977,-0.17383440981212991,-1.4128723366301779,-0.14438542369846905,-0.14276028737661997,-1.657068953682989,-0.1992829855037934,-0.11175922905476347,-1.8689441717181383,-0.23621017204237973,-0.08089212160793832,-0.9952135082824746,-0.05483190306614883,-0.13498504794866473,-1.4291460149073434,-0.12600386547422215,-0.1827080915166468,-1.678479557814997,-0.1569672501124761,-0.21224831857848142,-1.9016223220561699,-0.1672211585889778,0.03412229411530549,-0.8801483535914159,-0.06260806918497458,0.06367785562074639,-1.10066238828673,-0.18092227253882381,0.022165261713308036,-0.8441674347084197,-0.18127137073154803,-0.006691906088476219,-0.6643931830640922,-0.14578698902525156,0.139565085443423,-0.7057646098877434,-0.08257087210577849,0.14925329671126178,-0.876270994424263,-0.18971261548870474,0.09128391322947703,-0.699363156201692,-0.18984579118506112,0.05289210410244044,-0.5556715268825141,-0.16189737239099944,R
0.0,0.0,0.0,-0.14278559294809867,-0.19223915620481452,-0.12221526881781078,-0.2085140503320407,-0.4982453510814529,-0.17446995345407712,-0.11754778905473734,-0.7740433209905137,-0.22018258036888902,0.008084964918645935,-0.9641736903186741,-0.25661582113476816,-0.2047027607699437,-1.006703229898,-0.06153531949263606,-0.17519919908500692,-1.4197148629590999,-0.13612956922520805,-0.14261796678680272,-1.659227876783428,-0.18942333529468303,-0.10811434971303466,-1.8627482057786162,-0.2250276494233642,-0.0821997071225108,-0.9952494541912043,-0.052170222168238044,-0.1374466657784019,-1.4276498465755338,-0.12123561153742995,-0.17901207216009862,-1.6828907638954906,-0.15456289053377031,-0.2025050709494444,-1.898402923691459,-0.16693381717318298,0.033038415121387846,-0.8829143636988721,-0.06229093089203039,0.04684257654460027,-1.1032355393516684,-0.1788863853347999,0.006779245346446037,-0.8552788949153952,-0.18590213965781124,-0.016273989262657766,-0.672365951600928,-0.15563402396661274,0.1399382103674888,-0.7093459567822624,-0.08379445061191637,0.13175529385931367,-0.8813512101569626,-0.19297917027831385,0.06840459434498236,-0.6997679653257579,-0.19887214319553964,0.03156936749459191,-0.5445461399657242,-0.17505547152237572,R
0.0,0.0,0.0,-0.15229371532375408,-0.17946504250440348,-0.11338944125594196,-0.24241348691027464,-0.4737966401993974,-0.17078695694701246,-0.1785581660252071,-0.7472757553656086,-0.22601748572808034,-0.06145529975709916,-0.9454480202647317,-0.2706376703941589,-0.20472929518611188,-1.0055854654686873,-0.06179980072328019,-0.1726543865220561,-1.4134037765004717,-0.14702239107195209,-0.13668018146910718,-1.6573357252171124,-0.20237089156326596,-0.09730371373106093,-1.8629563432923293,-0.2355344521950951,-0.08298623669745883,-0.9946566275376206,-0.06141235880733158,-0.138253251135575,-1.4232091229896096,-0.14168617569481795,-0.1775091501679494,-1.691585184717739,-0.1753044233946468,-0.20038927590134484,-1.9076120628029232,-0.18385471153151167,0.03223294222177251,-0.8883388704045525,-0.08095465004816153,0.0006775461727396073,-1.0451771858112098,-0.2024074481764734,-0.048816475154818746,-0.7875961103154774,-0.20869869088242077,-0.06880363313121843,-0.5983629591142717,-0.17470349568258542,0.13699920036076238,-0.7235096426462783,-0.11233520302536891,0.08388448490769941,-0.8268676764677979,-0.21271002704665282,0.014795891841230238,-0.6535100860258442,-0.21726566790792384,-0.016354883805717552,-0.5135189198748037,-0.1933930216112066,R
0.0,0.0,0.0,-0.15585853976774353,-0.16524027382475703,-0.10167670061032816,-0.25006975182332725,-0.45426918073716754,-0.15712464113131197,-0.20223436497955338,-0.7340288883026928,-0.212054234179433,-0.09183329487751322,-0.9334851373659486,-0.2562849229727523,-0.20110043089235793,-0.9922474637845206,-0.051345975205450915,-0.17182558812707868,-1.391281987500328,-0.13548926405254852,-0.13012515077180012,-1.6251331826663828,-0.18898382769655353,-0.0803240220737988,-1.8135532340577585,-0.22034118402581673,-0.0787354296798203,-0.9953582124183055,-0.055342217922391655,-0.14157160299435861,-1.43035887468575,-0.13567134204990955,-0.17899549539145185,-1.6863827973467642,-0.1706342720762172,-0.19822853605095359,-1.8893174536248867,-0.17806293290789194,0.03732627192565672,-0.8989577709014325,-0.07733784236372007,-0.025615882872917994,-1.0354967222305997,-0.1937876672584834,-0.07032605879084229,-0.777093978498261,-0.20020667932539343,-0.08110634168517199,-0.5936698581086313,-0.16712763232049407,0.14246487550266546,-0.7392789262954812,-0.11016233043094992,0.05583190448896829,-0.8152337543525553,-0.204609825832473,-0.006214266121537473,-0.6252410416858037,-0.2076549998353436,-0.024566462804975448,-0.4798552351327022,-0.1829889534157705,R
0.0,0.0,0.0,-0.16096917082950038,-0.16231570519225538,-0.0860573038541965,-0.26140330129135286,-0.45574103190010784,-0.13911714957848764,-0.22617628437979875,-0.7335977753261583,-0.19679312375120125,-0.12250996436489706,-0.9517151368269146,-0.24521105473267873,-0.18712379146368371,-0.9968816609834334,-0.03172762718865081,-0.1623104038758666,-1.4052054141819517,-0.1114335025271653,-0.12415567736559387,-1.6517299947980972,-0.16011249452928902,-0.07460634750763943,-1.8527581019355253,-0.1884533319438098,-0.06620744890366309,-0.9967456706934599,-0.04598523310274302,-0.12937309466023994,-1.4470795903690095,-0.11899950382230684,-0.1673171514670621,-1.7132074017768584,-0.1498491748120758,-0.18499243178336952,-1.9214526749475944,-0.15525824621877782,0.04924531088765764,-0.9005286221728888,-0.07799591038884784,-0.058253860876345896,-1.0570456092038654,-0.19047731115574873,-0.10588134829735214,-0.8104359770334822,-0.19925990693911547,-0.10671688185863029,-0.6222521527840555,-0.16955873445232753,0.1456721071436117,-0.7449571133952536,-0.11988699892764584,0.012888652601255494,-0.8112717410867772,-0.2157787079663565,-0.0469678192686261,-0.6116096448875326,-0.2243377553048282,-0.04876173863619239,-0.45305026809476684,-0.20444468080186745,R
0.0,0.0,0.0,-0.1581145306989815,-0.1684353405510335,-0.09020440464220429,-0.25839316281653063,-0.46344107852021,-0.14151030772402676,-0.21736636106138787,-0.7382425680068482,-0.1955235674417635,-0.11290438830725252,-0.9463345874126249,-0.23917025158850738,-0.1867888181802096,-0.9983433201505233,-0.03531654635344848,-0.16253474238135246,-1.398386289127884,-0.11253764386898119,-0.12669401233708022,-1.6414708837011651,-0.16032388836852096,-0.08315600918401093,-1.8432034104476864,-0.1887003318027473,-0.06554237950542023,-0.9967439226518714,-0.04696540370664122,-0.12153625465792159,-1.4407226723985465,-0.12263887610315374,-0.15562105434529735,-1.7048982280572453,-0.15715848608849528,-0.1710485185021988,-1.9108549551202625,-0.16468893948301425,0.04919275265715446,-0.9004359306399996,-0.07593116170029365,-0.04478865465136748,-1.0443920643107596,-0.18993419342553342,-0.09566068260395452,-0.7981916601745822,-0.19839924006192436,-0.10355085944100004,-0.613831633446341,-0.1674116041116833,0.14712431268255413,-0.7439320770132788,-0.1149867212887919,0.029912738624398395,-0.8140887229062174,-0.20790226644012716,-0.033326996497168235,-0.6249691765058221,-0.21304949268066128,-0.044537511492036844,-0.47724566524972284,-0.190844529829262,R
0.0,0.0,0.0,-0.1548799285660471,-0.16720726083725915,-0.09181391286782194,-0.2504739590235768,-0.4586674790707699,-0.1386896237505037,-0.19965872848239202,-0.7252347614870529,-0.1864463786712089,-0.09052125976657442,-0.9212127725147596,-0.22418406835764187,-0.19540876992737324,-0.9966045938189947,-0.03289049463907275,-0.17068053153522225,-1.3771780438325634,-0.10723117808020143,-0.13388483180896793,-1.6110830368997562,-0.15537911751002406,-0.0918183644872946,-1.803007286305049,-0.18425374576391432,-0.07596151239753314,-0.996289373747229,-0.040463964124063646,-0.1386597071572981,-1.4149029790309036,-0.1079003176186961,-0.17999111097114964,-1.6578863551642433,-0.13495029471216738,-0.20427048138102194,-1.8525690614430885,-0.1387930940078222,0.03911091352958659,-0.898196982349738,-0.06657848318648431,-0.03635155667010486,-1.015636821264094,-0.17593005714867363,-0.07767216065280381,-0.7661503718015306,-0.1827308008240401,-0.0845444532095561,-0.5876149880711544,-0.1517900439350539,0.138177989688597,-0.7383151569846744,-0.10307772895382859,0.04455357843751737,-0.7953371404878343,-0.19541224943390326,-0.01605192403995476,-0.6076601496797721,-0.200862395474872,-0.031339985022347513,-0.46563674511141295,-0.17945119584825567,R
0.0,0.0,0.0,-0.15370579802396095,-0.18093618816885396,-0.12224010199126116,-0.23557616802312847,-0.48367574550611586,-0.18269942415641247,-0.16073546751070092,-0.7606673393434383,-0.2391303628914683,-0.036143407336120155,-0.9542694555306102,-0.2855147508146526,-0.2145359896919544,-1.0025860504919502,-0.06739366735842404,-0.19020339902339864,-1.4226793606929482,-0.15262213819243503,-0.16410708278466873,-1.674845857105598,-0.20870508924648326,-0.134473035378423,-1.890007526632885,-0.2437557910244028,-0.09247258256360424,-0.9937592453467415,-0.0623809567247265,-0.15107224197322536,-1.417082820448154,-0.14719659101316884,-0.19213838050070456,-1.6810679603672343,-0.18538249664482576,-0.21887673116344275,-1.9004244650713251,-0.19722865090577854,0.02378891741358221,-0.8890863732681122,-0.07743922521312596,0.014046722576501568,-1.0782430786162718,-0.20656828922445805,-0.027008201375885776,-0.8143606221503761,-0.21555300376425418,-0.047329011442314044,-0.6207965887911203,-0.18228533181207052,0.13344923812732973,-0.7268009580249255,-0.10403770763690938,0.10201758778865323,-0.8717285473957426,-0.21534172292180112,0.037851527304797225,-0.6829620158059869,-0.22173243907222076,0.003602448611275035,-0.5254465331685328,-0.19725297835643352,R
0.0,0.0,0.0,-0.13046666127691595,-0.19241902899391433,-0.13419106427380187,-0.18501927306376037,-0.49964246386747124,-0.18267880814186518,-0.08176801813648082,-0.7829702095679878,-0.21976637079231146,0.03646475524219375,-0.9882012107659283,-0.24639518650784067,-0.21007043880810017,-1.005483993796138,-0.05980954156667082,-0.19281533738870218,-1.427094764946441,-0.11897286084121378,-0.1801537686034197,-1.6759007738036564,-0.16371808697129608,-0.16864283210754452,-1.8932684312418622,-0.19699676089658857,-0.0886376712195903,-0.9952941621762523,-0.0391521899596916,-0.14134461160556303,-1.4156558006386761,-0.09706916633369513,-0.17924304360771398,-1.6543672487532166,-0.12952247410537088,-0.2055239649123646,-1.8665451808644493,-0.14518054842601122,0.023164202607340627,-0.8821817947574764,-0.038028157968173666,0.06004602745243102,-1.1229303787476694,-0.1483091615654669,0.03659139861165739,-0.8928692033317027,-0.16216695079296226,0.013973446457668109,-0.7233643197274632,-0.1409934885281535,0.12751003456213372,-0.7152519929989973,-0.04847282620884194,0.1429210793412907,-0.8949194879724911,-0.15875344774223593,0.09783257961088458,-0.7294448162223484,-0.17219327348148553,0.06599872717740214,-0.5856819852322912,-0.15602682349478675,R
0.0,0.0,0.0,-0.09713989861156251,-0.22466889390838296,-0.14938502124192363,-0.13407496147682385,-0.5256558238185469,-0.19520931250861065,-0.02433170706985033,-0.791779456595267,-0.22522077927198147,0.09493581958184938,-1.0053422602139601,-0.2461401915174093,-0.19505059645248973,-1.0157796998825053,-0.046723224098683944,-0.18286588998651723,-1.4086407333724351,-0.09455572029689045,-0.1690301238015528,-1.6566302459455915,-0.13444541594413903,-0.15967724183907492,-1.8663584776494493,-0.16247618234566033,-0.0782097276770496,-0.9968650683335829,-0.011969713152912748,-0.12149948516732524,-1.4116416629544146,-0.05202109410767731,-0.15316761039890814,-1.6384185430742635,-0.07273400248678119,-0.17835329811510767,-1.832651836400805,-0.07733945932612231,0.027785564037718074,-0.8765173258629663,-0.0007210754677313515,0.07112925233680784,-1.081350879626189,-0.10505493902092435,0.049871372848986684,-0.8468734341249239,-0.12479191542659761,0.028514772558590508,-0.693110985186426,-0.10414742033515784,0.12300292072320733,-0.7159513682803398,-0.0014496968429884272,0.15628371425055856,-0.9093575321047512,-0.11076184265039592,0.12424241524442703,-0.7216666628923798,-0.12639318626859644,0.10201538084058583,-0.577876386136217,-0.1097541606271788,R
0.0,0.0,0.0,-0.08737250454839314,-0.22856854792971318,-0.1489225181878747,-0.11732948671696933,-0.5317918448002167,-0.18773040995851129,-0.005995205244119476,-0.7973618385750706,-0.20956681044771955,0.11275019526830553,-1.0004219113312318,-0.22222024935854898,-0.18616845750617725,-1.0074191090473583,-0.03858353939014333,-0.18012873965853834,-1.402546018168841,-0.07523416167455622,-0.17037153107779737,-1.6488921886603436,-0.10463921767433278,-0.16365173407123274,-1.8561685686447165,-0.12438698183467688,-0.06928294959235275,-0.9975951315613382,0.001956113723637372,-0.11000922845571219,-1.413106059737801,-0.02957677472906228,-0.1435976589536802,-1.6407500533588464,-0.04528458632289943,-0.1729264168519667,-1.8312877441254294,-0.04491974143546694,0.034346521436257674,-0.8868718658780359,0.01940417572964718,0.08446473019580689,-1.0885967899750242,-0.07994676148736841,0.06207580841117333,-0.853789594160294,-0.1026165328479125,0.039109828905656445,-0.6956078625009335,-0.0824720199938602,0.1250588479270674,-0.738398241267699,0.0255938045402504,0.16230029471695728,-0.9247413074918056,-0.07647052648406956,0.13166713397842356,-0.7395523567094657,-0.09197916783881828,0.10877756012740136,-0.5923546835845491,-0.07506466530944736,R
0.0,0.0,0.0,-0.0743211974605591,-0.24125612555029335,-0.15778341945849,-0.09291055054317124,-0.5409123976240502,-0.19923774370004022,0.0184506477639505,-0.811950401339267,-0.22186906385610475,0.13602920546575714,-1.0373370762245948,-0.23634169752149345,-0.18409438555795224,-1.0197775982981205,-0.03691568466247757,-0.17512540614715544,-1.398678396549437,-0.06592901760451372,-0.15809447596227066,-1.6494679090742619,-0.08653861454105204,-0.1460507830883088,-1.846616335036393,-0.09920874477835942,-0.06331708438107149,-0.9979364812773281,0.010664246870034795,-0.11061654483867546,-1.4265711840177073,-0.011783047602210274,-0.14672845088238434,-1.653157801928556,-0.017631179533604154,-0.18157780714837787,-1.8501148571566635,-0.00989612787457552,0.044351617388300055,-0.8760573486015226,0.03334153646291422,0.09042355944559809,-1.0805250838065117,-0.06281166142792692,0.06934248129549259,-0.8355449808184987,-0.08567190601377278,0.04475944889692464,-0.686618074305177,-0.06629803795662073,0.13681835825145325,-0.7255332006371279,0.0450481965674564,0.1794226673422102,-0.9274554802160293,-0.05355362137570634,0.14467248774604471,-0.7346432523515465,-0.06804897069988396,0.11184714031942951,-0.5944533607229321,-0.05184340077375677,R
0.0,0.0,0.0,-0.07732273143437131,-0.23355538647194485,-0.15910618211918304,-0.08996449939376414,-0.540135731543342,-0.19303356188314427,0.02447287957755178,-0.8055493239410609,-0.20618809350975625,0.14103561357761213,-1.0195896591238305,-0.21027399560353197,-0.1721878778419343,-1.0162959706453834,-0.03907876733386565,-0.15955552243802748,-1.395312283656695,-0.06705911805634102,-0.1462278144975906,-1.639623750253351,-0.0890026013073518,-0.13981033416721883,-1.8400235276827168,-0.10316576914344006,-0.05360450349291157,-0.9985048288934734,0.010708122230052682,-0.0953449514234631,-1.42655184937315,-0.011753865979345773,-0.133944194274441,-1.658159542801149,-0.021434071708912157,-0.17370494647239434,-1.8498057612854553,-0.016595286509977523,0.04979077132386144,-0.8787860650389488,0.03638121936982134,0.10005546481644424,-1.074989136947927,-0.0591125497033671,0.08004060683096098,-0.8385118579392329,-0.08400044576548335,0.05491237807769472,-0.6956857409942917,-0.06573692609223654,0.13541019979138935,-0.7260640578837755,0.050804714223908434,0.1825256875322354,-0.9170222185620533,-0.04802064357067645,0.15285848920972078,-0.7293685708010317,-0.06329540479542835,0.12322541140084303,-0.59480008878398,-0.0471623251369561,R
0.0,0.0,0.0,-0.07154618747136912,-0.25286702125911914,-0.16087228219917935,-0.08896013950919862,-0.5594472970693352,-0.2019474229483507,0.028816994372802177,-0.8174357212142964,-0.22315111854362607,0.15623470811927395,-1.0294440672986667,-0.23593099601673076,-0.1627764372809819,-1.0314287882508253,-0.041987890255003185,-0.14567624801459803,-1.4119497320044752,-0.07244759499683714,-0.11948237661573549,-1.6564172742185042,-0.09456340009181964,-0.09782872581770123,-1.8562192554238273,-0.1089390831187447,-0.04159851218443505,-0.9991154788054032,0.006150105323610933,-0.0779774967278283,-1.4319459019978118,-0.021604109006347322,-0.10631687181026109,-1.666037283351162,-0.03254186414556117,-0.13531332808474167,-1.858859047783891,-0.028620276531684197,0.06213685100589879,-0.870724083753119,0.029269954150422987,0.11145175207211859,-1.0757289232133598,-0.07669047098932623,0.0869959892888528,-0.8287292894247933,-0.10772017859188059,0.06291097256860642,-0.6673426769897477,-0.0916807415737243,0.15418969364283588,-0.714935547713512,0.0418930333630681,0.19764122680678822,-0.9206993762440921,-0.06657120783111624,0.15997527107652337,-0.7275496623283223,-0.08780596641365511,0.1265409749698927,-0.5734732259330542,-0.07497033959732895,R
0.0,0.0,0.0,-0.08203454945946255,-0.25990034965744563,-0.1513426987119251,-0.1101671312569589,-0.5665623525090552,-0.1993007600355657,0.009017439363913738,-0.815860590250097,-0.2321638120756497,0.14212278917184665,-1.0177865495453091,-0.2559712755581768,-0.1608576006666967,-1.0280361944677716,-0.04842184901088562,-0.13258569914524382,-1.4280331243886502,-0.08625182410390368,-0.09847642026670005,-1.6645915855257092,-0.1090885372213818,-0.07068415964105644,-1.8681498480482681,-0.12342252739741182,-0.041946191966128525,-0.9990712666271504,-0.009855007841811892,-0.07418048932892929,-1.4290969555115796,-0.051527298309774386,-0.10222328730432034,-1.6677110374987767,-0.06721647793529231,-0.13190458049478973,-1.8642936686118512,-0.06527459020596123,0.05944832159568125,-0.8760259916557493,0.005321595950749117,0.10511089696752164,-1.0739328746065337,-0.10646257625129692,0.07235409110154037,-0.8298892529157083,-0.13537191016360853,0.047334888366067154,-0.6680871359665987,-0.1171235492626137,0.15512477264091676,-0.7224904164814341,0.010238964496099593,0.18710638927360151,-0.9136485091117402,-0.09400999773211559,0.15161343929046397,-0.7404600411847075,-0.11390365610394175,0.12710602815632846,-0.5961872033498191,-0.10109364658142392,R
0.0,0.0,0.0,-0.10031854969863233,-0.23739626735320157,-0.14291746121230955,-0.1391959401960049,-0.5386002730078273,-0.19350334418763224,-0.027153570512208455,-0.8005876752977048,-0.2318489316145705,0.10077954358129197,-1.0052536167084787,-0.26064996193442735,-0.1665144424769444,-1.0282767012101692,-0.048134452730339346,-0.1305089743478832,-1.429316927030452,-0.10175639949470293,-0.09776018947203644,-1.6665892558306974,-0.14110898017296125,-0.06680671566599634,-1.8719718593383048,-0.16755654143059331,-0.04679603320772818,-0.9987234693534869,-0.01901481103129772,-0.08118334808252384,-1.422127052600536,-0.0732393700538702,-0.11338387866318461,-1.6686570159632406,-0.1006275203477954,-0.13830799358062718,-1.8818615325755599,-0.10809750010260488,0.056665329700299936,-0.8733204277704337,-0.012043253381034328,0.10699349180407981,-1.0847174072661363,-0.12449873440677842,0.06634955740586532,-0.8425057555546484,-0.14395505703790584,0.03527526149017339,-0.6778851517012148,-0.12091776874653895,0.1525093859928779,-0.70616399797276,-0.016497844813065012,0.18454186836150308,-0.880829138323042,-0.12072749340160797,0.1404408394329532,-0.7171607277623407,-0.13461302379691611,0.10838246661225977,-0.5829956859654495,-0.11723327873527775,R
0.0,0.0,0.0,-0.11467669421657288,-0.21096215275232683,-0.13502630188040946,-0.15391652675885104,-0.5352428509708933,-0.1786167562885523,-0.03308134709300575,-0.8111895738511067,-0.20944989119612997,0.09964052997780859,-0.9838462849569071,-0.23036620847213474,-0.1677514002230668,-1.024279444714963,-0.05170259101866169,-0.1347356921599279,-1.4460348262456948,-0.10359358490164337,-0.11085587524641888,-1.6994271821077804,-0.1447542866411338,-0.090974247475682,-1.9179672643302503,-0.17716530720762244,-0.04634236168581206,-0.9985573912058527,-0.027120508504503718,-0.08263809068259165,-1.434103243327655,-0.08170634692052628,-0.10682800374822901,-1.6759314259149813,-0.11519602247299558,-0.12336421287542108,-1.8883002327301532,-0.1311448965171086,0.06084955256623759,-0.8679029022558815,-0.02184307281265513,0.11632973596138149,-1.1231552317308302,-0.1337825840399107,0.08403871174636818,-0.8992378167784961,-0.15451821299380958,0.05224166949509549,-0.7366938600315205,-0.1372387232988628,0.1586068215547781,-0.6842871276819069,-0.027142651496397854,0.19292541609678146,-0.8696174805911904,-0.14393477913014677,0.14586729940146542,-0.7121460694611312,-0.16417843209249536,0.10718708785279474,-0.5766789364941208,-0.15159033821580567,R
0.0,0.0,0.0,-0.11046213078090832,-0.217010111047894,-0.14099933675800513,-0.1517696111379624,-0.5288536988883326,-0.19232516304159744,-0.03173218827325498,-0.7906621933808219,-0.2300659045330832,0.10470553945566993,-0.9536136367778186,-0.25812712600536303,-0.16863579607363613,-1.029185210829514,-0.06112457820382814,-0.13886447262579357,-1.4408569266810378,-0.11753875500636447,-0.11589755617991657,-1.6930588651500065,-0.16184058655985248,-0.0991670851643976,-1.9118761266530155,-0.1955013839176803,-0.047569031678400604,-0.9982457529066221,-0.03525058905990646,-0.08514307656704356,-1.430457403459126,-0.09248760551838989,-0.11497337517390627,-1.669527658276959,-0.12627458366323768,-0.1377730769118788,-1.8868531324743922,-0.14167728463270496,0.05881789192941363,-0.8639695002829894,-0.028867297852068586,0.11068974173600209,-1.1037025743077213,-0.14148038990626752,0.07898834370641222,-0.884571252319328,-0.16136486249222445,0.04983021980356213,-0.7328222469598185,-0.14337261321250916,0.1529862994587914,-0.6783898331204321,-0.03347100179407251,0.18382414957758847,-0.8517348785386358,-0.14625477245858826,0.14196102374639288,-0.692546002917518,-0.16254717824296194,0.10857374145212306,-0.5605960716267999,-0.1476844463687701,R
0.0,0.0,0.0,-0.10822619507406726,-0.22172263115771487,-0.14019746170060507,-0.1365341045581563,-0.5214619619040429,-0.1891284216012194,-0.0133083460878143,-0.7802703429514234,-0.22460973700975134,0.12287529708893098,-0.9632991438835358,-0.24936141656212085,-0.15448158557683703,-1.0273637599976406,-0.05230579930891126,-0.11114862042036804,-1.3973637079125214,-0.11001531012617605,-0.08057052040204066,-1.6373516697297248,-0.15818148738987364,-0.056828484262533605,-1.8413331695091246,-0.19432563068466038,-0.034282518158667764,-0.9989878711106043,-0.029119449215313755,-0.0712155440518469,-1.4253902837188723,-0.08090198251324798,-0.10389480473762464,-1.671379035467195,-0.10854595169475441,-0.12632938567112065,-1.8872271897735915,-0.11954179954347662,0.07417149977933116,-0.8586577140142158,-0.027633634199120346,0.1279296575621245,-1.0784842710140476,-0.13439192595409152,0.09887879750866156,-0.8560122588028963,-0.1461931560472551,0.06826050696494301,-0.7063900522360694,-0.1229400950641679,0.17169139820948098,-0.6627355628764711,-0.03867792777891786,0.21380854255783083,-0.8381890239227107,-0.14813867890512813,0.1634674980738673,-0.6811453497672227,-0.16007632712447661,0.11904824043111126,-0.5624641062479692,-0.14246181025490262,R
0.0,0.0,0.0,-0.11618995753395397,-0.22338845216920547,-0.13036203352355724,-0.15505526511744655,-0.5220137988548585,-0.18320509591493456,-0.03668904897373605,-0.7725941046662821,-0.22618025535458067,0.10406341330855251,-0.9333149523015336,-0.2596584924432833,-0.15211236211521745,-1.0306539632806684,-0.0652837519033178,-0.10406870051125922,-1.424440912943807,-0.13627038197651226,-0.07018853544505617,-1.6677669467632492,-0.19308518242072903,-0.04440744541201478,-1.8807230583569852,-0.23353074581538477,-0.03090645836124792,-0.998256973512886,-0.050277287759560946,-0.061586946276378736,-1.4368003239666822,-0.11118278472566845,-0.10006559842714599,-1.6863152584327041,-0.1414385938875215,-0.1292022231519182,-1.911020339015069,-0.15399064299162366,0.07867380615418604,-0.858837805826202,-0.05480153131155202,0.1294994558953866,-1.0818881069005568,-0.1612860919481631,0.08616462299769778,-0.8539967970522648,-0.1620338863135944,0.047222076279011586,-0.6965783822032986,-0.1308666452992773,0.17270187884702917,-0.660589312892255,-0.0719475740962876,0.2071493837514998,-0.8360483530116428,-0.17352447200473034,0.14821684311226677,-0.6820753553004214,-0.17279841551347094,0.10047800023826918,-0.5540273514872154,-0.14594070446187757,R
0.0,0.0,0.0,-0.14093141948012375,-0.2053033946504796,-0.10905896544510552,-0.2176876214582111,-0.49184538410188394,-0.1684192293928073,-0.14358016890978073,-0.7526926630781928,-0.22495676870939071,-0.016763983466743806,-0.921735805653715,-0.271667571334633,-0.16706843198856422,-1.0162008881583353,-0.07002131635538272,-0.12933445347159783,-1.4301599218504164,-0.1544245238104366,-0.10016138959691374,-1.6763484093480354,-0.20949490965682552,-0.0641740668723971,-1.8849416842631872,-0.2444864774914963,-0.04625278011445044,-0.9964427362442181,-0.07044539529181537,-0.08561328868952414,-1.4227052225433523,-0.14869668946602635,-0.1169009797153045,-1.6768676885042493,-0.18345931076821842,-0.13050211242955437,-1.8892548194660843,-0.19670784741237685,0.06488722712283211,-0.8776623180760892,-0.08812719287321329,0.0596350630713064,-1.0538273978669914,-0.20229599531857667,0.005043209709029755,-0.8171039897822125,-0.20589702022058465,-0.0222906877502053,-0.6401288667252467,-0.17599921788472012,0.16508658749784258,-0.6917555475070603,-0.116938966232594,0.12362203756435415,-0.8045188630394602,-0.2107614939980204,0.050318645007863066,-0.640885750901975,-0.2111409716530599,0.012927323997478734,-0.5018043137559096,-0.1874743465973152,R
0.0,0.0,0.0,-0.15774718427013706,-0.18745502359083904,-0.0827662325670012,-0.25378342940104115,-0.48240586989981027,-0.13025013098675306,-0.21050844256124154,-0.751809196239979,-0.18184600333880002,-0.11176810599675502,-0.9608551390446846,-0.22354202587069247,-0.17458335324313093,-1.0012478677874228,-0.02682572395081319,-0.15619525274640508,-1.401268961455926,-0.09850299330646069,-0.13226168581261077,-1.6463005052030397,-0.14228365436173468,-0.10017635522632028,-1.8503074905794326,-0.16921762804866844,-0.05456894143998674,-0.9976631638098399,-0.04111498762081889,-0.10795320232750628,-1.429694326006006,-0.11301914834606229,-0.14229941444657387,-1.6800924726557962,-0.14592187221819508,-0.15464564412571713,-1.8791552750480738,-0.15440708860266517,0.05595130104150285,-0.9027412152691681,-0.07214367679633764,-0.04135557205449839,-1.05084602900344,-0.18140704725419407,-0.09373494508516049,-0.8103575028847334,-0.1889745572366788,-0.09800072423525996,-0.6292525993454229,-0.16027205583529908,0.14796334893888902,-0.7482270474557444,-0.11267934392607735,0.02466713971510632,-0.817763846950393,-0.20161180311280988,-0.03637526792804813,-0.6324059402277252,-0.20678451620202787,-0.04196649555508441,-0.4862374984709762,-0.18678323213192713,R
0.0,0.0,0.0,-0.15272860412084582,-0.17727614529870522,-0.09641950048147463,-0.24693557945666866,-0.45377560790472565,-0.14786198058824002,-0.19980376120010426,-0.7238156962978644,-0.19937694359218408,-0.08393896472902701,-0.9132223599348104,-0.2405493140011597,-0.19692020991470596,-0.9888172808880643,-0.04673293498032389,-0.16767801603005913,-1.383510816991914,-0.12973131774028288,-0.13199358336921582,-1.6196573543303097,-0.18419081990469427,-0.08942618850063075,-1.817642588753128,-0.21731306211564105,-0.07289003515436086,-0.9960205615255762,-0.05128434257618769,-0.13637500029339641,-1.424242663882772,-0.1247992249991598,-0.17339142756590853,-1.6749496387176255,-0.15423950453188842,-0.193788765978594,-1.8785175984125067,-0.1605071474877925,0.04416464604014197,-0.9027338733759973,-0.07414912318354804,-0.024649668380503646,-1.018054219905461,-0.18338615407748426,-0.0663015739851167,-0.7669787189456296,-0.18626108052641763,-0.076623732571838,-0.5897848237430137,-0.15347737742624962,0.14586049262489795,-0.7447081345945097,-0.10830810215254576,0.054790901509904635,-0.7875631763269183,-0.19940661645671076,-0.0077214562428746325,-0.6025941338464805,-0.2035152086698006,-0.026213791041135664,-0.46495019734841714,-0.18129170393097352,R
0.0,0.0,0.0,-0.14271306090233044,-0.18822190488120813,-0.1299452450449031,-0.2116616643565061,-0.48288210799776815,-0.18979238119666678,-0.12132069978850805,-0.7455729885336435,-0.2413658790382282,0.004226190402157291,-0.9376386179500891,-0.2830008491455122,-0.19088584281434315,-1.0111258163583805,-0.07912902674847763,-0.15468091175309653,-1.422141094851913,-0.160227884538375,-0.12372024239862518,-1.6698463195360254,-0.21442446078389527,-0.09494870200015769,-1.8835195476142235,-0.2500334686768194,-0.0679135336665835,-0.9952476252958565,-0.0697847855042633,-0.1185834846112004,-1.422429150225557,-0.15143071018075907,-0.16304347624872303,-1.6863396719148325,-0.19018280074565397,-0.19399495723401913,-1.913912835172123,-0.20467723776721192,0.04549483171588543,-0.8822334409510059,-0.07962544274999749,0.056322176242773345,-1.0807555076776718,-0.2068184436352361,0.016022218749346184,-0.8454707758808215,-0.2178502724467539,-0.0076853816874103975,-0.6747324998662835,-0.18908585303439723,0.15070395586481797,-0.7076452382520372,-0.10106882084798277,0.13401259413028405,-0.853695974257278,-0.21394590467495983,0.06869959864952632,-0.6755886261641876,-0.220783501380858,0.029673608542247893,-0.5276264796612649,-0.19748209864578176,R
0.0,0.0,0.0,-0.22196642108114747,-0.2071173681125966,-0.08988450666947899,-0.3408583252525843,-0.6728608567065137,-0.12587084977425983,-0.20646754570017437,-1.0837554359210335,-0.15880306026447955,-0.00743048949208863,-1.2363268445389854,-0.17520093179289783,-0.35435944757692545,-0.9268425212974378,-0.010782829869163508,-0.38258309075280594,-1.2875425368895737,-0.10751413926916115,-0.31868844396002144,-1.0529307578248845,-0.1807343303450057,-0.2791254869509019,-0.8174454708351714,-0.21807999380251752,-0.1925289422172464,-0.9812900184435575,0.0015830703556331644,-0.21372467164803574,-1.3720936245040916,-0.09610635992548171,-0.15759153400057913,-1.088134028926491,-0.14529430238135327,-0.13090256542091155,-0.8160425641677084,-0.15811153315716875,-0.026865822665053746,-0.9956528681165113,-0.005631309245774742,-0.041761707060820386,-1.418048198692871,-0.09946925090344294,-0.01619843800491022,-1.213866375694941,-0.1152972824977137,-0.0015253664864557752,-0.9685893935583327,-0.10580369229172326,0.1413884419407903,-0.9624885093693695,-0.02169726916951829,0.10466387665074695,-1.2899550825872594,-0.10076804127289955,0.1066880996445009,-1.1253053834848783,-0.11527703917698205,0.12166688439279232,-0.9023371770911157,-0.11075593392076986,S
0.0,0.0,0.0,-0.22308270179153936,-0.2023839509031864,-0.08957613289994315,-0.34529192719190854,-0.6953712242350667,-0.12415835962201592,-0.20391935535936187,-1.1027033458970545,-0.15473885181126157,0.0139844543454658,-1.192121330144163,-0.16856706237841773,-0.35030116947802437,-0.9374839129633586,-0.01762350457571249,-0.379672418172838,-1.3050707743848786,-0.11065724124648689,-0.30920225135036716,-1.0457013079399753,-0.18079016454958838,-0.26478616329558075,-0.8061032718212112,-0.2182095629042784,-0.1838632084113529,-0.9829341271939511,-0.005901032973036621,-0.21075845514686128,-1.3933664145598712,-0.10147708485193883,-0.15371865166895363,-1.0991569274567723,-0.1450511013693111,-0.1223782851147021,-0.8159819059491256,-0.15258082336680143,-0.012964785283101781,-0.99479722142414,-0.013522070819717241,-0.03364966914427559,-1.4351454071055694,-0.10338014071022081,-0.007323265566243442,-1.2554809574981811,-0.11973581982292818,0.010727768260288125,-1.0305073242770437,-0.11073046726367887,0.16158686189902413,-0.9586830570026865,-0.030204124108930988,0.11585635669353408,-1.299376441947487,-0.10630045918532575,0.11460861929054293,-1.1263987023501933,-0.12004630661831218,0.12850692104161918,-0.8928884386846377,-0.11622243699327281,S
0.0,0.0,0.0,-0.23643643768136594,-0.1853954436507464,-0.0955081956380943,-0.3706574372790701,-0.6719430034702342,-0.12937630432943448,-0.24730594200769546,-1.1059655443506609,-0.15959678223388218,-0.03354903234156316,-1.2418875767909963,-0.1719351656493471,-0.3649764091654343,-0.923014662474294,0.008721843151831818,-0.40924026512551887,-1.287885069860554,-0.08604484509916768,-0.33759398104182226,-1.0596928106098562,-0.16276077990329146,-0.2880382251016663,-0.8105972734719218,-0.20271063641693285,-0.19742141373957087,-0.9800263318263077,0.023941059378003806,-0.22832843893266994,-1.3872551411593097,-0.07574699593280998,-0.17298368167891806,-1.124167520818107,-0.1322422383408076,-0.14132266385913073,-0.8311901284092731,-0.1476803397344836,-0.03309135942375437,-0.9992616360810135,0.01642825199440613,-0.053530746835319554,-1.4583274384988358,-0.08007235948272506,-0.03656924898539343,-1.340000488219429,-0.11329420231973891,-0.02023557283186505,-1.1208838920277446,-0.11452620761907399,0.13866761500392985,-0.9688192596023498,-0.0003933148539060788,0.09839330812327325,-1.313947101000945,-0.0769042388900378,0.09775335460665527,-1.1748826238280603,-0.09952597963348796,0.11121421573202936,-0.9352969172652712,-0.10255732343117649,S
0.0,0.0,0.0,-0.21988010732892088,-0.21945274304932436,-0.09728705061029069,-0.3423430902251509,-0.6809857155438925,-0.1389270609885521,-0.21492185185204846,-1.1108168235601372,-0.1762760446693051,-0.0015019987302324815,-1.2133996618578542,-0.19488706257828825,-0.3442822334161358,-0.9332767504849334,-0.01204730868929294,-0.3767722915848801,-1.3002226273303525,-0.11122611487958865,-0.3021800353859806,-1.0648166306011377,-0.18681033706605893,-0.255007850718476,-0.8291350105848047,-0.224870504772166,-0.18241697522700745,-0.9832051680236223,0.005625364047767369,-0.1999066064557386,-1.3700494161687995,-0.0989459860542403,-0.14849486144175103,-1.0762918949727314,-0.1486070508567314,-0.12708041387827862,-0.8002322043163631,-0.15841515554113075,-0.018937690778043675,-0.9987844038665842,0.0026782127325786836,-0.029410486581166247,-1.4146626016184287,-0.08896643183048825,-0.013919272368606694,-1.2098522716049895,-0.10271604213603303,-0.003939931160163893,-0.9559026068506602,-0.09009289383202186,0.1482316856579218,-0.9678293895856139,-0.011088925028304525,0.10985484754075447,-1.2809866410270565,-0.07864728489609198,0.10657581953142295,-1.1528284808223197,-0.09313663253996751,0.11842406444800427,-0.9503597632728834,-0.08983922038329291,S
0.0,0.0,0.0,-0.21717556384975462,-0.22531809976916342,-0.07904367186935451,-0.3424935012370062,-0.697115906877329,-0.10832166932534788,-0.22271221178816417,-1.1234985050166728,-0.14260509193778634,-0.01806390368745496,-1.2298838593012833,-0.16219273460202166,-0.32583246747174066,-0.9389178784967771,0.030370475910067096,-0.35472714003789846,-1.3056431927717214,-0.0728969122555412,-0.3134488646410343,-1.053771542264561,-0.13917967044390672,-0.2682300514507366,-0.8487302923422446,-0.16764797671562978,-0.16917084573685712,-0.9848799001955526,0.037320331502743845,-0.19421754347788348,-1.3506130175878686,-0.07161157269727395,-0.1612140368122883,-1.0203202472133486,-0.1053068645218199,-0.13869238471955578,-0.807000021152113,-0.09911127831788862,-0.01207255519371709,-0.9955145738248491,0.020200664476896692,-0.02902269797036785,-1.3721429235916498,-0.09619482166818166,-0.03366497125401396,-1.0364254523751244,-0.09105611184796386,-0.03014096681794001,-0.7822917191978015,-0.05323446601556251,0.14636910050627527,-0.9615080512283827,-0.0051530730635862,0.10933189202070873,-1.2897877273068903,-0.09076243855060108,0.09307867626838472,-1.0849841959168043,-0.09321715099377977,0.09974591474819886,-0.8818519069511603,-0.07275669194322028,S
0.0,0.0,0.0,-0.19095398419162468,-0.3210219022893067,-0.06487435661359006,-0.2765790009906417,-0.7519999306816118,-0.08581392943157827,-0.1341410517088707,-1.093681674875623,-0.11281353390628024,0.04830593058329403,-1.1633698894230022,-0.12208844314908013,-0.3064499444129793,-0.9750870927111769,0.04354261112854991,-0.2864436214552392,-1.315216260423276,-0.04960297592050527,-0.2626776538814948,-1.0609791865708076,-0.1151636678708708,-0.2499432751152369,-0.8731652337728792,-0.14363406342556648,-0.1464232615077839,-0.9881312086096449,0.04644290108365026,-0.12282849005197698,-1.3436701113044391,-0.04665400728028723,-0.11200089142398091,-1.0280236559520601,-0.08253752824060834,-0.11723098841012716,-0.8218882445876193,-0.08047639194345328,0.010987956030674545,-0.9625658753450134,0.028578666077656165,0.03320898980634326,-1.3032440656723485,-0.058155126106242516,0.01172165367897818,-0.9938194497523171,-0.0442069284766911,-0.011677465070614438,-0.7629958073118988,-0.006106911958068147,0.15998777469657322,-0.892528737541026,0.0019674413004766465,0.16508613960495586,-1.1703248706721017,-0.04437203215972941,0.14339147830878982,-1.0329137229864263,-0.028331530413002216,0.12824256728175087,-0.8982686710180106,-0.0004301952620487295,S
0.0,0.0,0.0,-0.16720576613901936,-0.29998827602072864,-0.08267039339751715,-0.24723356319964684,-0.7102855893403488,-0.11300841770718231,-0.11386010771000851,-1.0418264481709203,-0.14380078204760113,0.05900902209075283,-1.1146523992028619,-0.15396997105071356,-0.29224284098420106,-0.9729340631661869,0.026508639615624514,-0.26246053153546256,-1.2857787791365867,-0.06470132107319677,-0.23914705270721864,-1.0316439696375839,-0.1330567281054284,-0.23676249273586292,-0.8420814359273583,-0.1660370331429438,-0.13050048841766546,-0.9906805105619266,0.03900959517235804,-0.10442089843559475,-1.3198640630770333,-0.04998634116494707,-0.08857842921773058,-1.0131558720119844,-0.09032781902608308,-0.09570647450496977,-0.8085947879828892,-0.09518316913127571,0.02953918525113846,-0.9597829599270827,0.03045071397785545,0.05322180270570517,-1.3110412991182878,-0.04966843806250808,0.04982750827550447,-1.0540822283382854,-0.04489156027220396,0.028983588444414298,-0.8342022960740595,-0.018403319343856767,0.17749928308224744,-0.8838529254244509,0.011606636553290072,0.18144512674651528,-1.1522192702238128,-0.04314967473057867,0.17608182313774914,-1.0347357754712145,-0.04095864775933111,0.16744916017479652,-0.8947275388821426,-0.023064550394150278,S
0.0,0.0,0.0,-0.16948999787649555,-0.27240010815960236,-0.09457876327210216,-0.2422290235999691,-0.6881679011293657,-0.1255873709976909,-0.11407443957330202,-1.0126001724708922,-0.15113954767446883,0.05168649040138968,-1.1033283110974423,-0.15844647686572713,-0.2868594296840248,-0.9706799809238262,0.02713872694318313,-0.2737090629315136,-1.26780356438159,-0.04827096875148926,-0.23527573959572518,-1.081186953611059,-0.11651859884237155,-0.22226907799292628,-0.8893833673571391,-0.15252772192848973,-0.13220739218147448,-0.989870538847297,0.05174477533756877,-0.11116050818550291,-1.3238265056864702,-0.022099658603664033,-0.08222679493369199,-1.0898642957456994,-0.07621963147376629,-0.08279892442486865,-0.8671623530836492,-0.0951128640479816,0.017561630449297566,-0.9589898091944217,0.055822678071422376,0.048676755580449045,-1.3213781359260162,-0.017401490241355594,0.06492754748246461,-1.1755771515583673,-0.04815190826125917,0.051671151087656346,-0.9819105114627653,-0.05142695265986386,0.1550174899244778,-0.8765381722146911,0.05113102197943863,0.17493141759032063,-1.1294441655053629,-0.011044836371461489,0.17955662434707195,-1.025900299365379,-0.03333406601959382,0.16636589097947305,-0.8624114715985914,-0.03522242258068112,S
0.0,0.0,0.0,-0.17616247877913557,-0.3031535469778537,-0.08998634572125351,-0.24408756557837816,-0.7378189813931437,-0.12356234337867536,-0.09500249362229576,-1.0602065694167486,-0.15169767628844394,0.09485691168515906,-1.1151740303264521,-0.16337840411866963,-0.2567804212654531,-0.9880401584718405,0.02153184912154598,-0.2585799140265874,-1.2704038269078253,-0.07012124847859064,-0.23311696643388033,-1.100767808596778,-0.14814946385589228,-0.2254605789842369,-0.9051962570535778,-0.18800220659042394,-0.10021593837491058,-0.9941418197378636,0.04048219292386467,-0.07467158714178165,-1.319354225215357,-0.057021769626270695,-0.06704826123893069,-1.0814326381137789,-0.11655600428287846,-0.07829835547648102,-0.8464492223408063,-0.13182783426234565,0.051078700653782824,-0.9565413948785707,0.03854290920555963,0.08966513752624015,-1.3039044810507867,-0.0450423939266731,0.08929006955842614,-1.2288726897458415,-0.07896864602755684,0.06887553681249572,-1.0988577402421695,-0.08215216563631156,0.1866424334561078,-0.857859067749833,0.027988806977380848,0.1958496574956311,-1.0884505765337658,-0.02658741766999322,0.1849779651633865,-1.0523698715144303,-0.04530561436913147,0.16425532102759996,-0.9710220745455591,-0.04721794441831432,S
0.0,0.0,0.0,-0.16648079365808408,-0.3360301382739588,-0.09893335081949245,-0.22714094355105613,-0.710797447351795,-0.13863591629874572,-0.08100709123498478,-0.9896426809284276,-0.1733997357884844,0.0951279419030371,-1.0601277621887546,-0.18904907246211644,-0.2213275317390525,-1.036392482801092,0.03368282531702992,-0.17727757593931576,-1.2223385265504065,-0.06421573327832009,-0.17911277393009822,-1.0497564086208264,-0.14835992218464958,-0.19321749213318123,-0.8673778513386353,-0.19025076221410928,-0.06944037405304058,-0.9960810956574678,0.05477668596394081,-0.016618780727815766,-1.23181062529682,-0.04524546282736624,-0.032268832954329515,-1.0254702836147762,-0.10740529365678812,-0.06288252704301786,-0.8209920707319719,-0.12336066741915493,0.06928893704316742,-0.9174251810912354,0.05240503065959109,0.11587455205461196,-1.162274887559727,-0.03577731181872633,0.0855062275540858,-1.0046365061121576,-0.05359450539158804,0.04351914566203702,-0.8230362101642117,-0.03892424021091171,0.1901028855899137,-0.7888910674535328,0.038982214024564234,0.20868150061045218,-0.9761999141911818,-0.014670427906086383,0.1868750915908131,-0.9791982108660416,-0.023680861894046324,0.1537122078359266,-0.9552113170650675,-0.013639392434328008,S
0.0,0.0,0.0,-0.16938848281046331,-0.2900171960213214,-0.10087204394169207,-0.2331344083853537,-0.6957348702108398,-0.14158150497783736,-0.09210933841972516,-1.0106185198123419,-0.17385465332573025,0.08816182242132087,-1.1014788088253424,-0.18834593135010425,-0.2460963082659773,-1.002087997037822,0.008578697850426422,-0.2313021262836182,-1.2335504175440244,-0.08580713699883981,-0.212955206979422,-1.0860984157080258,-0.16650382969144945,-0.2154820071232665,-0.8895825726305943,-0.20779617650204363,-0.08966051924902975,-0.9954049193320387,0.03361603572065088,-0.041943745165293464,-1.2749864740820451,-0.06595997241662155,-0.039378225302142314,-1.0793961135262231,-0.13154627772685243,-0.06762710359266438,-0.844214975362974,-0.1519628320275112,0.05794067535156999,-0.9394332635524829,0.03810825507799456,0.11477255874117649,-1.2416634171914753,-0.04578789557442592,0.10599076394206501,-1.1472958797576414,-0.07899885481609395,0.07189791570891589,-0.9746335499112562,-0.08114284081202061,0.18831376099884853,-0.8185061648124224,0.033016212184374644,0.20532336076699156,-0.9983717162861862,-0.02351864585847672,0.1984055278399574,-1.032779737619146,-0.04895448915709797,0.17732656680286463,-1.0192061744803844,-0.05485419484952244,S
0.0,0.0,0.0,-0.18138881206469776,-0.23928836306222798,-0.10350709592659232,-0.26647243214528993,-0.6556619571640527,-0.13570284791052198,-0.1519598038234318,-1.0186003195051552,-0.1611948970493805,0.017351491160924368,-1.1502183618493438,-0.16677279343551296,-0.314397694323789,-0.9639166687008573,0.04295769215111839,-0.3048476862261186,-1.250697777516797,-0.04052534381760342,-0.24893521167260524,-1.0525459011015226,-0.11845409005010113,-0.2194352059880058,-0.8304534028044319,-0.15903025599958662,-0.15710456255714766,-0.985177279091722,0.06887586794486433,-0.14373971983428374,-1.317336261819356,-0.02231991759496524,-0.10192392964951563,-1.0957847640404665,-0.0939142053731485,-0.08834836651483802,-0.841459426469985,-0.11921567962473917,-0.006702726630225322,-0.9655484739384336,0.0707522327506831,0.007940638052187535,-1.3233432135049135,-0.01675727123779378,0.0368459691514259,-1.2737114567784513,-0.07008584376126317,0.04383154959589173,-1.1254676591390929,-0.08583401297140862,0.1403088393826376,-0.8970217416329777,0.06377926322708938,0.1432498374752829,-1.1635832045722079,0.0003327986700966942,0.15255021856219284,-1.083697875297605,-0.027089219661632725,0.14907531969567997,-0.9159297807415449,-0.03395837095504199,S
0.0,0.0,0.0,-0.18765667080804307,-0.24049048555217925,-0.0963077528134952,-0.2819989811831967,-0.6656038859699428,-0.12906293720515558,-0.15235600852741618,-1.0170107268911432,-0.15814476232527325,0.025635765017822592,-1.1166745604000101,-0.16577853200819226,-0.32090816081600665,-0.9676445221403331,0.02767202703120064,-0.3033632904848169,-1.2569646805769055,-0.0738183313909967,-0.2501149561714861,-1.002407627241121,-0.15265604902167912,-0.22458406606940323,-0.7941348329828521,-0.18945948205939828,-0.1587267202385645,-0.9863040546346221,0.04483458590879469,-0.1456129615707228,-1.3173651619023221,-0.05789282460031936,-0.10458431262121823,-1.011610840517317,-0.1078732149773894,-0.09421663624428121,-0.7766280457216237,-0.11145928528929716,0.0002211747524677872,-0.9623448235351745,0.03797774976006955,0.015215065289631697,-1.3183642565954234,-0.0567679642305045,0.03709671844934211,-1.1183295627365224,-0.06718715802960679,0.0295867370529657,-0.9265036746077886,-0.045700612143453216,0.14627648582812613,-0.8895115381274942,0.02112873081147573,0.15065281646006823,-1.1774702268129487,-0.04670159725817627,0.1465474615182357,-1.0227609775086137,-0.04824257009482353,0.1298922702906813,-0.833835847524166,-0.029066465016156902,S
0.0,0.0,0.0,-0.19153068897836314,-0.24396103720838444,-0.0960615924933957,-0.2868144362167357,-0.6831482349949604,-0.13155817104191048,-0.15900083014508923,-1.0605035688419417,-0.1621751689924904,0.030846803177815053,-1.1719195182163455,-0.1734483467449804,-0.3120111127965426,-0.9597027295252423,0.012498724494146754,-0.3108678761966955,-1.3009213714123964,-0.07523971231173729,-0.2599648134108666,-1.0755982246200897,-0.14631785941802045,-0.23294129328827795,-0.8603173406292618,-0.18227048636797416,-0.14954677655360968,-0.9881779542794562,0.033765252827330255,-0.14331688982017785,-1.3572545776181926,-0.05242991850197869,-0.10781633636612409,-1.089525371911428,-0.10093196552028737,-0.09587671865404171,-0.8422925457882969,-0.11293956947903998,0.009508742146914323,-0.9757909964734804,0.03305172847942111,0.022335973548047575,-1.3786519357906601,-0.04920830076813531,0.03716210237422928,-1.2470917028131185,-0.07546133729858785,0.03572422350100045,-1.05662836238296,-0.07442481347075264,0.16440915959069757,-0.9155831982868534,0.023085593760112634,0.16411421007824037,-1.2108814270947148,-0.04150893274219558,0.15911727375469473,-1.1032571151507633,-0.059741680431152355,0.14722712153376402,-0.9234276263619129,-0.05992576464346817,S
0.0,0.0,0.0,-0.18958542103164558,-0.21620170147482143,-0.09723458684881121,-0.29070238330407144,-0.6518507478418105,-0.13292220072035751,-0.17771165658063182,-1.0470337243408134,-0.16253136064708681,0.008679446357662289,-1.1505600916896421,-0.17220663977030334,-0.3205175373427285,-0.9559183669941622,0.01027278398536496,-0.31410642734551897,-1.2713610749643955,-0.073298422196096,-0.2645729341884904,-1.052318106811275,-0.1404327716659427,-0.23772705643797726,-0.8421325532990175,-0.1755697012550428,-0.16101361537425693,-0.9863910318402072,0.03327683833122258,-0.15058758950006446,-1.3287312465850905,-0.056230142044758506,-0.11623515534021792,-1.0686627929024557,-0.10551011201763937,-0.10363068834759892,-0.8170502622729854,-0.11678717212406739,-0.003836036493356393,-0.9688389858345829,0.03502588303874899,0.007216522773741954,-1.3461513348790242,-0.04651210763592878,0.015603809594818947,-1.2184557509810279,-0.07443313134220028,0.011943008083385335,-1.0306161502155575,-0.07447477622416937,0.15020796432258876,-0.8975113630887458,0.02736272649839216,0.1450894021296485,-1.1534072805207098,-0.033131311900686716,0.13665139738486073,-1.1117554134483605,-0.05824738956751413,0.12450399910592248,-1.0077857957423113,-0.0651425596285229,S
0.0,0.0,0.0,-0.1871997217728698,-0.22905241074194643,-0.09826676654363674,-0.2919788905621716,-0.6399220703537969,-0.13640823991682385,-0.18383250044062,-1.0282316797390676,-0.17007658749804336,-0.008489281267725435,-1.1670225665616776,-0.18405376582086083,-0.3356245273492287,-0.9456813739528827,0.010119112866297004,-0.3406358890894646,-1.2625604020000205,-0.08656633970339452,-0.2795044742658174,-1.0416920963536769,-0.16623910677320858,-0.24833295132102912,-0.8183134217988924,-0.20631446211646112,-0.1787890785673365,-0.9834430689634566,0.029566797134298644,-0.17739143823891412,-1.3332853579570219,-0.06384934888743146,-0.12336285515572809,-1.0683165245792483,-0.1206349852665805,-0.10630353737948763,-0.8191663423195917,-0.1374487859390346,-0.020252930463496886,-0.9702554659338369,0.027559388103499057,-0.020225104687644286,-1.3358463879247595,-0.060938412623854264,0.011090386401772703,-1.1565171263609801,-0.08378544451898443,0.0172459319469041,-0.935159601231576,-0.07737295005080927,0.13352742960223118,-0.9095465794674297,0.015624234445257719,0.11906830959778192,-1.1965327092156146,-0.05296918697836035,0.12684470658632718,-1.0785893775883082,-0.06836007822872973,0.1278679087570809,-0.893688911772302,-0.06342175915010685,S
0.0,0.0,0.0,-0.20341784229956839,-0.2249454532626994,-0.08370949006667197,-0.31803924096953057,-0.6562154938263551,-0.11570326184500276,-0.19578440216239237,-1.0587017627541109,-0.14660717395968056,-0.0006861949953820479,-1.1803245546346366,-0.15957167315875953,-0.3431444579630543,-0.9393089448797601,0.01073562838478215,-0.3503213931428742,-1.3001957603141943,-0.08650114047277126,-0.2932902192366451,-1.0486667998619141,-0.16068461363638664,-0.26589449101551926,-0.8224408006778976,-0.19738275844840944,-0.18078107443514943,-0.9832960247210731,0.021145469817613907,-0.18553077052050337,-1.3606291580103762,-0.0704679911507508,-0.13011573277891011,-1.053512812423575,-0.11284353701395135,-0.11314933789774596,-0.8084993501222794,-0.11950735335404179,-0.016700925588257955,-0.9770747470499523,0.011076047929035219,-0.019586266928244295,-1.3654028134181946,-0.07913551564549276,0.004083946378474907,-1.1151192585476168,-0.07935943048849964,0.005810614884080107,-0.8809996209844605,-0.0563690579651839,0.14519381359224218,-0.9187920978669963,-0.008446595767133537,0.12788080717942557,-1.2289293945589326,-0.08209901429196836,0.12913755350709455,-1.0571210863867224,-0.08415723988827753,0.1306016278384893,-0.8596668791773737,-0.06803379886124467,S
0.0,0.0,0.0,-0.199999009052443,-0.23557377473647662,-0.07956967126576192,-0.3113784345250229,-0.6678912790847293,-0.11080872789816155,-0.1876607905893866,-1.0594793261058315,-0.14284230326353584,0.006187080265728503,-1.1768063756954537,-0.15870486420068883,-0.33955007996244163,-0.9399919690365532,0.011316597675479082,-0.3423333832943745,-1.2921367488010327,-0.0799690440022251,-0.29389356409204437,-1.0462803896889716,-0.14786152247230305,-0.2743962531099349,-0.8342929667777743,-0.18084039985321843,-0.18248355633319377,-0.9830133637868447,0.01960811782050544,-0.18181389884825658,-1.3503829199726396,-0.07048308680332079,-0.13331449147989388,-1.0374799427129586,-0.11092590416446861,-0.12619670081137133,-0.8031425436013319,-0.11699390662353883,-0.021253427832909913,-0.9770660549511042,0.00866183797866277,-0.02422022488246684,-1.3436075247978279,-0.08595442305515295,-0.005148858939034457,-1.0395125612654021,-0.08297338908431344,-0.006701304068898253,-0.7892909748898298,-0.05559831663460115,0.13782364465765828,-0.922607673338836,-0.010737624958818609,0.12068369196880463,-1.2322572628456607,-0.08470696332203807,0.12031166003272842,-1.0524472919513874,-0.08347433166264658,0.12028517640338061,-0.8633303746698247,-0.0651238564156873,S
0.0,0.0,0.0,-0.20143800301208606,-0.24476378963551673,-0.08140672878833802,-0.3137372134633084,-0.6671663947341756,-0.11429642695279503,-0.18721366998639405,-1.0457457374877677,-0.14899784750847778,0.0005709103382467316,-1.156939764923712,-0.16582238920065473,-0.34352554356175014,-0.9461212462869961,0.011177946569087837,-0.34282146328969365,-1.3031146348174256,-0.08957023688389285,-0.2987957380428656,-1.041011514481994,-0.1635691133005775,-0.2770756581208181,-0.8221647285078625,-0.19968767460972559,-0.17898931151438546,-0.9836920528043503,0.01768535024163592,-0.18268621082521977,-1.3449658352240175,-0.07742201476335098,-0.13722492643545658,-1.0288398462494512,-0.11697216097199238,-0.12090491918823167,-0.7964552851619726,-0.12106944620224164,-0.011979240864071069,-0.9703930596656214,0.0031142851228674173,-0.01812640323933373,-1.3524133159840759,-0.08666717015920711,-0.0002453130359653925,-1.0750988758886395,-0.0787756270069748,0.000887268578134569,-0.8337721767576848,-0.04940762944594945,0.15011533000454197,-0.9085244748184326,-0.021555425514744205,0.1292828372489874,-1.2177767606664127,-0.09003547544601391,0.12686857466905788,-1.0655504641991347,-0.08668165597362795,0.12643019708790412,-0.8883686637361125,-0.06665619730932301,S
0.0,0.0,0.0,-0.2014694108704853,-0.244935827443599,-0.0923360901232947,-0.31400448563356453,-0.6656046930013229,-0.1246955941707257,-0.19014880611493384,-1.0688081304300476,-0.15443016687997982,-0.0016482592509833524,-1.194543389923708,-0.16483352511302704,-0.35252929540265276,-0.9451084615985049,0.023700371215315912,-0.34698489120806947,-1.304404086363818,-0.06646979764396599,-0.2862174602076948,-1.0640949904960362,-0.14177223423392832,-0.25947589664225057,-0.8383101090822832,-0.18012829997415328,-0.19042689833561724,-0.9808246033576691,0.041481246829712035,-0.18534386720955662,-1.3590395363338894,-0.046362166414366544,-0.12635850950478147,-1.070716248945398,-0.09882665593088806,-0.110572891568565,-0.8222134210565679,-0.11340098128714017,-0.027460734781533144,-0.9714595228038903,0.037855316280561074,-0.025622852784861445,-1.3548692628557617,-0.04821862323528536,0.00895761361697359,-1.1275153959141393,-0.06251082827479833,0.014642807943807087,-0.8871883841849338,-0.05007771590749772,0.13175165943566353,-0.9140393454882751,0.024180561883862722,0.11916838281835447,-1.2240186285570105,-0.04561891580488178,0.12725652224021528,-1.0771282247657394,-0.056358295531777854,0.12887275490706063,-0.8780538316179701,-0.04770252652477567,S
0.0,0.0,0.0,-0.19781233037542997,-0.23966234763580158,-0.08613751810115584,-0.30670107425448384,-0.6597097853644297,-0.11969548053667073,-0.18572084471919958,-1.052715755678408,-0.1525386618000687,0.000215605093579072,-1.1763374619031752,-0.1678044099469068,-0.3397895416698062,-0.9431094805622681,0.01858787050074908,-0.3388441479067073,-1.287252610798047,-0.07745557281530203,-0.28047394036383316,-1.0429527107448897,-0.15374704034750036,-0.2512663646329341,-0.8144752702049267,-0.19164994828765647,-0.17991836478092432,-0.9832333999014498,0.029689448172608088,-0.17768782637111283,-1.34799950306052,-0.06489116437932828,-0.12222703041899884,-1.0513790669568457,-0.11478787173934737,-0.1037337078077945,-0.7988835018559993,-0.12523296225018937,-0.016961772143258537,-0.9751703665585572,0.019959826350125283,-0.017599787216094568,-1.3490355703943153,-0.07332318768945263,0.011561901716462568,-1.1069382366615692,-0.08151036191154949,0.0186495263014504,-0.8672950609072667,-0.06212699059474981,0.14252219559797114,-0.9196935416563374,0.0008771779371630692,0.1255079365004448,-1.2259596342059913,-0.07315365600576694,0.1269879428935408,-1.0617614265214097,-0.07768730016476257,0.12902990541975543,-0.8614466941706496,-0.06259911290915393,S
0.0,0.0,0.0,-0.19742987368526496,-0.26373582574831256,-0.08004011318628797,-0.30138309712638944,-0.6916678301667666,-0.11088826208187212,-0.16974201085343404,-1.0611292554883458,-0.14219626769186075,0.024637748990303198,-1.1569495720353773,-0.15760508756187164,-0.32494834737335926,-0.9528466161749205,0.024590957598854164,-0.3223406236202427,-1.2837331275355806,-0.06539656422759163,-0.28189259122982036,-1.0383854304020008,-0.1345501678365778,-0.2579910118845182,-0.8382700861906559,-0.16804020624208443,-0.16480376109708228,-0.9857277131492808,0.03435980002481316,-0.16197828380681284,-1.3359817747454452,-0.05344379959918869,-0.12849648741961708,-1.0246258159088766,-0.09129518558732035,-0.11451865009292372,-0.799394196794764,-0.09374184289956693,-0.0024403413646441855,-0.9742660867745299,0.023395165887656832,0.004159530569608262,-1.3429099977389534,-0.06635446665227518,0.008137599858255802,-1.0654283235257274,-0.06241900067891785,0.003639863004650058,-0.8309316981293211,-0.03426810360486392,0.15188966231395176,-0.9159531912735245,0.0036939235963780194,0.14518873521806083,-1.2248209405109887,-0.0658225093874157,0.1299522449029106,-1.0421704624314194,-0.06115561072975918,0.12288276368810291,-0.848882442484083,-0.039284566986343146,S
0.0,0.0,0.0,-0.18958436162042028,-0.27344075506578125,-0.09333783137705912,-0.27970943450812635,-0.6835624848829279,-0.12989126137595833,-0.151166952731638,-1.0296492389518221,-0.1638761983287613,0.03432770326478257,-1.1251685526303326,-0.17961821574473052,-0.30553644230631916,-0.9648222672949125,0.020576175953781396,-0.29669203334550154,-1.2755909443403033,-0.07506496667344845,-0.2480541491257128,-1.0425947197236178,-0.14935762780732803,-0.22061374897322147,-0.8408174704585338,-0.1852602394116647,-0.1448976670926541,-0.9888534175505129,0.03425762206834186,-0.13398370280680352,-1.3320195162134292,-0.06320015928000589,-0.09238739874389326,-1.0376831630064975,-0.11205831073161417,-0.0758773301865014,-0.8056885267863516,-0.11879343007208666,0.01542618896712853,-0.9671082348200148,0.0254344039423722,0.0241693630892582,-1.3319143410965888,-0.07070659280474605,0.04455605915209408,-1.1132096568882648,-0.0804350874683023,0.04727000150422433,-0.9067365053603312,-0.05989445061057727,0.1655422998253205,-0.8981826161386824,0.006981465093655573,0.16720903748383786,-1.192840859760843,-0.06736201177585119,0.16096915238183815,-1.0126922519224384,-0.06950058827131071,0.1540400217014663,-0.8086840474772276,-0.05101050152680848,S
0.0,0.0,0.0,-0.18029358238455173,-0.2845130385379388,-0.08073367573918949,-0.2712515609787373,-0.7008662160797532,-0.1134982369637363,-0.13714617401032242,-1.0537713925324588,-0.14647273034422653,0.047207707415051,-1.1417947769840042,-0.16089673624233447,-0.29838159051844715,-0.9687420160977896,0.024325238761249108,-0.275998955152495,-1.2980069384440707,-0.06538443976379903,-0.23233321713113403,-1.0728474577785923,-0.135908943505079,-0.21655168881510042,-0.86045203269232,-0.17059101231315457,-0.1402558510633693,-0.9894765557168986,0.03555899223984242,-0.12560093013474602,-1.3438230074681576,-0.051547677026285786,-0.08347483873788869,-1.0718249374822486,-0.09589753478640617,-0.07521796478268139,-0.8419962783761838,-0.10488698557131422,0.017979992077634337,-0.9643628375294232,0.025954704216119596,0.027768390254285152,-1.3272651880003985,-0.056695278168413306,0.04379208651340697,-1.1157621743466368,-0.06297601094300175,0.0368308862611573,-0.9010860085640624,-0.04529068629906804,0.17017577563935238,-0.8876505009985547,0.006865913636835321,0.17054489373397252,-1.181575599704693,-0.05273519303571741,0.16068219061080893,-1.0689423868851415,-0.056324580717642576,0.1424401758270506,-0.9163717694636869,-0.04430296354314892,S
0.0,0.0,0.0,-0.183068829710172,-0.2722937110898068,-0.08282064971084765,-0.2701707625400139,-0.6968659803945941,-0.11823672573710345,-0.13452126632958036,-1.051805236565244,-0.15338279112406322,0.05072223248995463,-1.1499105680931454,-0.1715528983987204,-0.2952582409407544,-0.9773494316016654,0.009296912926393492,-0.2730247150451251,-1.3031139320113678,-0.08024689408895938,-0.2399385919666943,-1.0693010689939806,-0.14958208174798557,-0.23325581454876237,-0.8577717985766902,-0.18284247041094145,-0.13671608240110145,-0.9903899287346501,0.020892627261064934,-0.11420891866123535,-1.332030235324929,-0.06608821706394058,-0.08421400111989687,-1.045916910998382,-0.1088944365514555,-0.0866084826074325,-0.8083466395385106,-0.11717248877243341,0.022198945288940067,-0.9610956443549289,0.013145306304470278,0.039119687193387764,-1.3235462593498781,-0.07078931428823793,0.04338031863843263,-1.0847668694595936,-0.07534239148085885,0.02907627620711503,-0.851699143341128,-0.056522788996106986,0.17279628461696692,-0.8880147943834081,-0.00354084071721294,0.17488856167213115,-1.187268448550947,-0.06618065440850641,0.16309116217439348,-1.053059610485281,-0.06787158029728341,0.14770850551529865,-0.8803278262173128,-0.053928693775528794,S
0.0,0.0,0.0,-0.18179118393622049,-0.24807643161222942,-0.0858662700652775,-0.2780091329595899,-0.6836508065491979,-0.12148320606921531,-0.14805417391521555,-1.0619041843666428,-0.15535205801422627,0.0496098329662917,-1.1598307528589715,-0.17158479505623764,-0.280704691341235,-0.9718783137917089,0.01371756808307243,-0.2795811221466427,-1.3025736838958726,-0.07489911515796631,-0.23667447157921484,-1.093282173283887,-0.14452243178479113,-0.2183369687546801,-0.8747298858745325,-0.17938948500845855,-0.12723272663806207,-0.9914896494831277,0.02757006057426583,-0.11520629804978351,-1.34199255754904,-0.06284754074435045,-0.07846579285125345,-1.0858672389934871,-0.11176211711005477,-0.07010882092302409,-0.8392623244087308,-0.12452638812024701,0.0296822618935408,-0.965360367675256,0.020448466460692007,0.04626253924861172,-1.3427634368619217,-0.0662967931427765,0.060283592125892085,-1.2040045677871167,-0.09190148116795309,0.05794368740647616,-1.0218272032493256,-0.08988611041532125,0.18588742499094468,-0.8895053690828164,0.004506432872799263,0.18085700031676527,-1.1651458486519601,-0.06094568278558009,0.1709440436162834,-1.0599504602487975,-0.08031313638757656,0.16109510457500278,-0.8960960760110003,-0.08180320482873311,S
0.0,0.0,0.0,-0.1818865250599106,-0.2458678568504573,-0.09002617442833982,-0.2710895793974723,-0.698354261851913,-0.12408530889313481,-0.13399691104101025,-1.0801417382722551,-0.1561047838748844,0.06840535120125496,-1.149819750582009,-0.16973766170313057,-0.2614246901954077,-0.9793895227697976,0.019471308843411597,-0.25706522074294036,-1.3137924885944743,-0.06841844725284953,-0.21329095997079645,-1.089251204424547,-0.13759119568137584,-0.18883708851794667,-0.8742386677265765,-0.17329707843453757,-0.10698715465072318,-0.9936662130792712,0.03436867359155276,-0.09202418092158876,-1.3400797255658152,-0.06049868542678596,-0.058801784459519196,-1.0814477012910282,-0.11030061029662837,-0.04585335624530206,-0.8374559009541714,-0.12148096564187606,0.04763434827494784,-0.9682344097590723,0.026503412468867556,0.06566197797601804,-1.3496928280968365,-0.059538986171931395,0.08193355540403553,-1.247515965675113,-0.09027761668754995,0.08942487146678942,-1.0971323142124054,-0.09227961897194545,0.20167842248326417,-0.895281220590847,0.008691791890750464,0.1927033376076736,-1.1641621644853277,-0.05229157084272669,0.1864217464441338,-1.0693137761862506,-0.07441218136184487,0.18606056008688604,-0.910725384917777,-0.07967457086229088,S
0.0,0.0,0.0,-0.17326311967811553,-0.2776909507014103,-0.0793881370740853,-0.2610058527917053,-0.7022443023590305,-0.11313066525721291,-0.12996994236456466,-1.0539943685149413,-0.14663843621260597,0.05954547177459299,-1.1434826061030912,-0.1633559342288641,-0.2732585067574897,-0.972477413850547,0.018561119478778643,-0.2676492690700687,-1.2967971032148053,-0.0628270390658456,-0.2353167515999461,-1.1018134624848768,-0.12727186720595457,-0.22794655217194132,-0.8893017195538953,-0.1595912332404214,-0.12131562327047997,-0.9921618046619022,0.029957852401875682,-0.10649618820517952,-1.335224304019451,-0.05231011941590824,-0.07431795174876492,-1.099032467009995,-0.09991544103724792,-0.07122358207874273,-0.857060487447271,-0.11401324233693019,0.033490354189254355,-0.9614837979493701,0.02152189908921446,0.05170018015125679,-1.3268540486443674,-0.05587095492377869,0.0652249962754424,-1.2126191656221093,-0.08100688467608809,0.05889160025713872,-1.0461909281684805,-0.08148072825971828,0.18510484368489322,-0.8781360322007568,0.004611344457044749,0.1869515495049291,-1.1523186209845864,-0.05195537698345574,0.17280406804186532,-1.0685144284184813,-0.06753142061293915,0.15376829911044695,-0.9207107382907356,-0.06839279863559801,S
0.0,0.0,0.0,-0.16504033033948384,-0.30271397029989244,-0.09831299559154938,-0.22141370171734598,-0.728003330427526,-0.1287256148205031,-0.057500211841552344,-1.0141197032208833,-0.1546518945473315,0.11756080855624143,-1.0634258927031603,-0.158492136487851,-0.2564671950389577,-1.0128015258112908,0.020946638812718084,-0.19342371888128715,-1.3065754714750064,-0.08423515033366155,-0.16462772033511006,-1.0404613641606193,-0.15568818533090376,-0.16492199796998855,-0.8544639193176696,-0.1852335751478583,-0.0931018749225683,-0.9948093573248806,0.04106559953002771,-0.037906178916532814,-1.317353036832236,-0.06397764242791801,-0.026236178505352977,-0.9761101599911398,-0.10161842076155536,-0.04450483240879401,-0.7759612651795631,-0.09453197278880685,0.06202988457266201,-0.934118266541222,0.03705835697332575,0.10924788899515826,-1.2430211044905648,-0.06670529709513622,0.08954597309842705,-0.9344057661883489,-0.056267469548446594,0.045385123568022684,-0.7360166064467606,-0.014537702419111896,0.19282725595915337,-0.8323078070225755,0.022832166010205664,0.2266516741684895,-1.0734797666598372,-0.05304034425777848,0.20445150495301045,-0.8867395673257834,-0.04650420181661628,0.16975696256607295,-0.7338369185523342,-0.01642154504835459,S
0.0,0.0,0.0,-0.18900942632477627,-0.31424826799900946,-0.0648882590329207,-0.25602781484555576,-0.7966642902394513,-0.10470747019780896,-0.09088730102998796,-1.109254899511597,-0.1504233206055652,0.12614455356123822,-1.0817883140109243,-0.18560596132963622,-0.15116863492696167,-0.9997703239375887,-0.012959611236194149,-0.16113976184470055,-1.33164163974935,-0.11355944682734405,-0.16297063868514033,-1.072663252445623,-0.18415745882620468,-0.14905425825076002,-0.8349939829685646,-0.22270335236346833,0.006253874782633471,-0.9998209591252071,-0.017858856182696076,-0.0034028562526611378,-1.340631674147669,-0.12058374707497879,-0.018611721306589404,-1.0354303693737357,-0.15259155080758133,-0.01111685531554534,-0.7827813805223103,-0.15294310061653374,0.1593784011092962,-0.9539386133547734,-0.04102226537765951,0.15851130928064416,-1.3133876546129122,-0.1328463397281589,0.11716753555295689,-1.042701954212598,-0.12120815832398933,0.11196870354962685,-0.7866227889931581,-0.09130749000664723,0.3129512061873604,-0.8500177578169047,-0.07331078418950146,0.2615521996370765,-1.1371503106972414,-0.14421157923381547,0.22979592691415468,-0.9676681871365276,-0.1481089867892751,0.24324257300915966,-0.7703949265477225,-0.13563714851437947,S
0.0,0.0,0.0,-0.2293142362737278,-0.22514720154259146,-0.07298111930942316,-0.363174439463245,-0.6420002827781697,-0.11173658151544048,-0.28804222450603306,-1.057141985999863,-0.16078001207638473,-0.1755939241540833,-1.3583284559972184,-0.19710329782921163,-0.280182444621839,-0.9796169092237784,0.0449190831330844,-0.3353699002197378,-1.3559902865091917,-0.07761576533055449,-0.34027831988012214,-1.3244848995450942,-0.13378368585818257,-0.3195667103793151,-1.1236866368819916,-0.142627439373225,-0.1331651186461707,-0.9904242874254277,0.03642501961269404,-0.1724223477198295,-1.3244841761015644,-0.10389257270019416,-0.18986428184375395,-0.9617588503815642,-0.12345879023258596,-0.14561095175390978,-0.7179184467860598,-0.08643974170810345,0.009918700169752024,-0.9598214686089976,-2.9080597579586664e-05,-0.0357045425879532,-1.2094437775826596,-0.14881507901197702,-0.0761412739924531,-0.8558779703923324,-0.11959789871713515,-0.04249507293523412,-0.6428467117079317,-0.049432960072971606,0.1635708714451074,-0.8826702674490677,-0.043697015966560955,0.0914426834006681,-1.0950220679703637,-0.1376586935655069,0.0659763136451874,-0.8714210099394709,-0.11585769566852841,0.1087083866807549,-0.7266136592583643,-0.06809098920577432,T
0.0,0.0,0.0,-0.21698325048144976,-0.228003429038083,-0.08889773545008839,-0.34579424690723953,-0.6461904746827973,-0.1382841700954372,-0.2793364423499043,-1.0532015100703775,-0.1957990921334101,-0.1588004795702776,-1.3444300193121677,-0.237594874196599,-0.25841511068374523,-0.9825217205012979,0.03161992351462573,-0.313515148814075,-1.3584105728519007,-0.09708946715260498,-0.31716765015250775,-1.3045212929064505,-0.15306338780813888,-0.2926909626869851,-1.1143023506492484,-0.16146227489450812,-0.11126668300046855,-0.9933456137898413,0.029735783469694806,-0.15146157566423543,-1.3131575598181258,-0.11600969152080341,-0.17482664467389938,-0.9457611078184067,-0.1330675828453493,-0.13185042679625533,-0.7214728546600915,-0.09363411463773219,0.028628021176125756,-0.9628718273714018,-0.0023901907146538547,-0.019534514996984206,-1.1982917912814985,-0.15542016422554153,-0.06522340097731578,-0.8452710273162015,-0.12667271421816462,-0.030202576585026612,-0.6528203016189184,-0.05610772856212271,0.1787230069549808,-0.887339888765883,-0.04336222849467001,0.1046157746277167,-1.076660590892044,-0.1352047847048706,0.08000091828697839,-0.8571507017419597,-0.11643846906829126,0.12732333072192142,-0.7293473410102685,-0.07140952642242239,T
0.0,0.0,0.0,-0.2243714977259191,-0.24786147069677233,-0.06861079990761028,-0.3406403396624621,-0.7023550814138396,-0.10343965615642095,-0.26118660335200417,-1.1162359121250978,-0.1500871772021211,-0.14382440384415401,-1.4088326040435484,-0.18687246431413024,-0.25520915761948093,-1.0001172296433067,0.05299109864177621,-0.3073387916828321,-1.4018626303543251,-0.05188969292173816,-0.30708360740712615,-1.3644509374532903,-0.10606470707250819,-0.28303147678582313,-1.1852577615366273,-0.12124906657491967,-0.10179798396181496,-0.9938579817741197,0.04339910742381343,-0.12989111093094718,-1.3617010520242117,-0.09116459088286757,-0.1530006220848465,-1.0321113198656633,-0.12563278596536903,-0.13013385424990107,-0.7568713539015656,-0.10382635653453691,0.04047592948153598,-0.9505611376801877,0.008527817092272655,-0.00027080780279001613,-1.2394000820103512,-0.13230503562487556,-0.050440557190821175,-0.9003132706567363,-0.12282696143787075,-0.032110688026335404,-0.6553019363544986,-0.07039624898800419,0.19443739848205088,-0.8595063538606792,-0.03258507569986423,0.11685096298271128,-1.1111157351101673,-0.12103499351313217,0.08680489512807411,-0.8976705799829287,-0.11265123528509124,0.12394462292801642,-0.725069953846579,-0.0794287271629663,T
0.0,0.0,0.0,-0.21375182375342291,-0.238949865196383,-0.07268975431699849,-0.33493938971161186,-0.6700226711035383,-0.11886915250408027,-0.25873687611932383,-1.0871998193451156,-0.17503287220710292,-0.1258574517541436,-1.3778547128248229,-0.22028026680023738,-0.2552811313244762,-0.9950625476562328,0.03942791479351177,-0.2987384701883808,-1.3721051998388902,-0.08412273682828629,-0.29847442455912726,-1.3469199064368542,-0.14370324287350522,-0.27029304848153785,-1.1561113327041086,-0.15723561800505062,-0.10273338469323377,-0.9943146625886912,0.028003632453831594,-0.1165833252465326,-1.3932565441991118,-0.11132078287848114,-0.15282615212268624,-1.0386839992308832,-0.13251488629263522,-0.12551076365269304,-0.7631018325287373,-0.09619068075868654,0.0440293888842186,-0.9435121076852631,-0.010105847149241023,0.014260808446987476,-1.2294020179143066,-0.1572118802736749,-0.05070789703633724,-0.8739511768851759,-0.12910462965818237,-0.03280701005332512,-0.6414960722165586,-0.060009620521909314,0.2023764684314414,-0.8407725687653763,-0.05489152935895627,0.13713961450109446,-1.075277030909432,-0.1420956801123017,0.08989977071291082,-0.8525461904693284,-0.11849898309736454,0.11613465281769002,-0.6962470031054839,-0.0724808906709257,T
0.0,0.0,0.0,-0.21055381600336323,-0.23141645114124934,-0.06901102066271494,-0.32005042713554466,-0.673291178904269,-0.10426283976568133,-0.23301631179159124,-1.0723331710155377,-0.14676129357969192,-0.11230512975794069,-1.3521017357217715,-0.17742379068630582,-0.25363303195318804,-1.0025029282197133,0.028771016740712925,-0.28623005137345825,-1.3709925284750666,-0.08997130188915674,-0.2632364357686238,-1.3242941224604048,-0.15250997130863994,-0.23274071742161184,-1.1282386902746497,-0.1705527637187696,-0.0989601437113078,-0.99489256635579,0.01989148980411729,-0.10358447590911586,-1.313551312588162,-0.11368387430667494,-0.11904433075183675,-0.9618707076144132,-0.138128564934674,-0.09765368506715934,-0.7052100948439438,-0.11154302720795523,0.04578654197614548,-0.9379869928597684,-0.013866345027262505,0.02934472319362109,-1.1961247914533273,-0.15058713525624912,-0.019997692807489257,-0.8588456176111324,-0.12067561514152328,-0.011708662141186005,-0.6385162573089309,-0.05709640472888664,0.19588399835458326,-0.8261273366680713,-0.05478038295874877,0.14659472260122278,-1.0394707330174104,-0.14101567212164173,0.10791144884823846,-0.8271220203480276,-0.1188510125823549,0.12549747892273883,-0.6808848637755474,-0.07561810860550214,T
0.0,0.0,0.0,-0.20878675226061966,-0.2553178182438902,-0.06540108259519617,-0.3135669268265406,-0.6804698362827205,-0.09476758600202473,-0.2293094797916083,-1.067207443546951,-0.13429209591742783,-0.11304235213561926,-1.3541316999494908,-0.16603091394887454,-0.24126821637612758,-0.9976556131832934,0.05515085548219868,-0.2796922316265552,-1.3406550196170934,-0.051558581785044584,-0.26744652494608967,-1.344856977791763,-0.11464548576100533,-0.23605240391217933,-1.1989517474323828,-0.13754455706698307,-0.080707283515305,-0.9957772105471503,0.04375021534251505,-0.08055215667844967,-1.3869554326581355,-0.08458475883574744,-0.11329497895436304,-1.1115303532239902,-0.12166299238654014,-0.10779859937835372,-0.8383578144161897,-0.1035575549848747,0.06585556239355868,-0.9445082275335458,0.007747879767003819,0.05217034851780893,-1.219721862977118,-0.13330228010316134,-0.004383424558870865,-0.8850128654510557,-0.12375382128919325,0.00026339547345980563,-0.6303807485723272,-0.07064708185391008,0.22232702586478598,-0.8288575325988693,-0.033886835126044505,0.1720924157933651,-1.0887348574584736,-0.1237658086936829,0.1314564606553192,-0.872522972248786,-0.1113646477510497,0.15065173320901484,-0.6952569454761707,-0.07544843299093063,T
0.0,0.0,0.0,-0.20609168912482273,-0.21575636389944863,-0.08105253336093576,-0.3114782705644175,-0.6375733609539539,-0.11578510079082445,-0.22565125173435863,-1.0016573102133701,-0.15370259681733417,-0.09381780532601001,-1.277322919128762,-0.18319800410264125,-0.23117949926986955,-0.9855743067147091,0.010375365732662383,-0.2803858314026778,-1.3033992493389768,-0.10136149041063772,-0.29268228592711115,-1.2936032277564413,-0.1691894111716332,-0.2913850581257824,-1.1448338783494805,-0.19304835582494523,-0.0770678107702634,-0.9970108812689228,0.005463988876711951,-0.10039169881602926,-1.4021711941355566,-0.09677403931703048,-0.14553539725256115,-1.426414224919536,-0.13680951152474402,-0.16777375094228433,-1.3713692280121332,-0.13731499017025958,0.06716323575212362,-0.9274871068974255,-0.023461966401907796,0.02462424993578658,-1.1936401867983297,-0.14987824289825935,-0.02681811202017735,-0.8670610221644582,-0.1494034818833897,-0.02039636429029637,-0.5991918862461143,-0.11050410792286032,0.21758724152987657,-0.7937962855633439,-0.059455207652656585,0.14912506847350132,-1.0277511628285447,-0.15361368485802115,0.10759896313898366,-0.8148462498044965,-0.1489255600688449,0.12429282901542835,-0.638744085538988,-0.12030168764608078,T
0.0,0.0,0.0,-0.2036096574314093,-0.2396523830381131,-0.0732461089745923,-0.29412397132260726,-0.6859285742860409,-0.10402941382087956,-0.1906482640298756,-1.0544234959418384,-0.1393650747915241,-0.0526433611111071,-1.302687738346824,-0.16695633762924006,-0.2282162813172477,-1.0158124166738551,0.030750228355053057,-0.23669560640605591,-1.3211960642173068,-0.08414459253239863,-0.20131182287016178,-1.3236490958444262,-0.1609549122741092,-0.1646477352585064,-1.1874709857453862,-0.19464667844593117,-0.06457976538812923,-0.9976408770424365,0.023283778825873094,-0.03838330390698075,-1.3360539600263819,-0.10515374986567724,-0.07582079501141056,-1.0858791585479994,-0.1485887039232557,-0.09231700956946004,-0.8375311498893452,-0.1386919953724658,0.08259123115123607,-0.918430704335503,-0.007518830963894926,0.08353962579037268,-1.165011589286631,-0.14784460606867073,0.021737629697694067,-0.8544344340157355,-0.13488413603230487,0.00855018215954829,-0.6077373664182523,-0.08114487493768394,0.23343044373737687,-0.7756086680893353,-0.04462433923313397,0.20348372118017488,-1.0128309691588682,-0.1367537980970078,0.15394573574016693,-0.8172476679308476,-0.1194623330470197,0.15207648605214086,-0.6517720237405359,-0.0793863842462411,T
0.0,0.0,0.0,-0.1972921091616622,-0.2698448343511743,-0.06985619957156251,-0.2897769267119556,-0.669295761619968,-0.09657064720668529,-0.2048189709427488,-1.021645148007949,-0.12847323181191456,-0.07321818997840931,-1.2360574764106398,-0.1491335139947132,-0.2208853954080259,-1.0191375686164528,0.05153629998601119,-0.2089553749404027,-1.324429494056219,-0.06481751667937916,-0.15791195053869067,-1.3160011265568399,-0.1467249455969817,-0.11039463635814815,-1.1664436029854286,-0.18328698348072148,-0.05718731384587249,-0.9973150159205457,0.045742432756635865,-0.013250712125588456,-1.3612457647286336,-0.07243054317548651,-0.029885625528047383,-1.179806932229138,-0.11739807765002853,-0.03477366347316079,-0.9959445565967441,-0.11246167619822203,0.08658322554209037,-0.9197172713485393,0.015037297072417645,0.10815708210214674,-1.1666058455760548,-0.11837399491582942,0.04845237752494169,-0.8566152837080153,-0.10115483577770153,0.03375470606349467,-0.6186951272508684,-0.04514454944656622,0.23558761705606365,-0.7689650394103941,-0.022974669543849902,0.22335500918015558,-0.9808419185287203,-0.10876158354953865,0.17016759373421445,-0.7829762014699616,-0.08788697158156591,0.1634384365398187,-0.6345212449868215,-0.04555725225905559,T
0.0,0.0,0.0,-0.20491412550232713,-0.28598404546043943,-0.055329364942681904,-0.29853080243515545,-0.7074546690753797,-0.08620932423617288,-0.1996809609702546,-1.0964432507750193,-0.12831681978172307,-0.052813926336357786,-1.3553633935376677,-0.1622147204095089,-0.22333307651883655,-1.0025874392566025,0.06876072726462029,-0.24937424544075595,-1.3496608432042845,-0.04518645501773353,-0.24202139423451077,-1.3252022036399587,-0.11366761452697978,-0.20680141175839054,-1.161821270985348,-0.13871807278859322,-0.06716458051452343,-0.9963912887750158,0.05189719431309386,-0.05135246871322943,-1.3620631737785973,-0.08086895032503114,-0.0991968660103143,-1.0399685163728842,-0.11830519925758773,-0.09269108710484705,-0.765153016036487,-0.09795422275532652,0.07572929530669209,-0.9342251798919096,0.010840324041267169,0.06711901742392001,-1.1987972950917682,-0.1319749413445168,-0.010398414268717356,-0.8624713358804449,-0.11407873007857414,-0.009242143384536395,-0.6292059354505416,-0.05314668872855165,0.22066004187010296,-0.806603106391908,-0.034993280621960283,0.1688591062587959,-1.0281596522176888,-0.11883238069308752,0.11334434892283327,-0.8041899819518367,-0.09541766245816448,0.1272754787950656,-0.6416758942599639,-0.05036988342456799,T
0.0,0.0,0.0,-0.21215441274124056,-0.23566314440901048,-0.08083343450831071,-0.33138801256409023,-0.6597139764863845,-0.12708371853509864,-0.2635391342428816,-1.0689572855456937,-0.17976168843353799,-0.13763778801364351,-1.351249068437361,-0.21946728629718995,-0.26293253924553467,-0.9968804485610319,0.021036747377216364,-0.30035795455881176,-1.3689220400899385,-0.0954244928737045,-0.28822069151045443,-1.298880076691072,-0.15241743952029954,-0.2566404922069772,-1.1132972910648844,-0.1680659285960812,-0.1047622585832119,-0.9943425725158267,0.017541882999043183,-0.12820465715448276,-1.318169317750261,-0.11070493029371167,-0.1509885233251904,-0.9586432290540043,-0.12983240504216978,-0.12289095272216279,-0.7231772491892688,-0.10302868265649393,0.04108982492498372,-0.9517410586619033,-0.012174591149019214,0.005872313785390955,-1.2049692070238702,-0.15416402876303847,-0.04428482202827348,-0.8539545014139329,-0.12749441919640145,-0.025196979540795472,-0.6358425298015877,-0.06600695098613338,0.19396249045924374,-0.8617439828223952,-0.04910393281236761,0.12904581727179026,-1.084083348561202,-0.13471469736231195,0.09582225078611027,-0.8657496550454524,-0.11378633196924676,0.12334004189888635,-0.7177046275938468,-0.07305948227755944,T
0.0,0.0,0.0,-0.22145243906531742,-0.23621249107555628,-0.09338874494874264,-0.3451306486974995,-0.6661467480237471,-0.14405386660466646,-0.28057197035325343,-1.079233989385443,-0.20095773693531885,-0.16009548409208385,-1.371933100985275,-0.24267147893677696,-0.2699322105598457,-0.9902441744048602,0.01489302930950263,-0.32323997313305725,-1.3727355078519743,-0.10617688384837516,-0.3145570416245956,-1.3068019402749196,-0.15814904830777848,-0.28268038790378175,-1.1190583525621878,-0.16743247937901448,-0.11498116366696227,-0.9932358746593118,0.016181139995163362,-0.14775380310278166,-1.322464752939408,-0.12540897798092843,-0.16608424809455513,-0.9557251532343584,-0.14391540378386927,-0.13240658969140492,-0.718956552562532,-0.11042212429365751,0.030919975841748264,-0.9602925914412868,-0.011041601314547931,-0.0108387736336973,-1.2189813668921796,-0.16065097691272323,-0.05741873924858229,-0.8630583811237171,-0.13453230700484997,-0.03439777798694961,-0.6506981928128469,-0.06941745731358558,0.18656658316367195,-0.8795155554145526,-0.04680009012141593,0.1185334901438465,-1.118625885607119,-0.135070376561076,0.08938431404697227,-0.8991713478959138,-0.11675586326236827,0.12332139616533676,-0.749055631599228,-0.07570246612033893,T
0.0,0.0,0.0,-0.20919275425097889,-0.21389369604129957,-0.08906943556858199,-0.3389815961091816,-0.6358622016785677,-0.14275977631441067,-0.27434688405548874,-1.0393889841803257,-0.20261751662855249,-0.14935048033937662,-1.333138725355763,-0.24807102147445945,-0.25744004741182375,-0.9922092422992087,0.013544612611444856,-0.30732357686955103,-1.3589319692105595,-0.11404218588888158,-0.30601250453049705,-1.3070363645956022,-0.16759640821600022,-0.282907282727083,-1.1085588184822086,-0.17468980365058184,-0.1071087261814735,-0.9941830297523132,0.011305933322524562,-0.14125234938964765,-1.314945872297067,-0.127307766854792,-0.16403663014377648,-0.9505969830414827,-0.13927453071414994,-0.12409720572364089,-0.7202879969109498,-0.09921973291352294,0.036859516455941765,-0.9501808857863567,-0.01946007566688439,-0.004217841052975471,-1.1836609947056171,-0.16693247901574357,-0.05480209180164232,-0.8321260991336017,-0.13384159171649146,-0.02668455908465359,-0.6387999383884728,-0.06362998347244672,0.1902910156114933,-0.8583683789301613,-0.05846483846051178,0.12227910283216341,-1.0657067132761908,-0.1471687391698717,0.08603866476865878,-0.8364610555168427,-0.12311253595797507,0.12050998567978737,-0.6984237471647721,-0.07644149619724663,T
0.0,0.0,0.0,-0.19659982808802484,-0.22012988758235294,-0.06958713937748696,-0.3128540861759113,-0.6205638474224924,-0.10839478654083466,-0.24805039385461505,-1.0034804817962562,-0.15296426194387858,-0.13027768615682397,-1.2793486698942944,-0.18488225354538468,-0.24862389279920097,-0.9897696922589354,0.022010091491598886,-0.2937229155440793,-1.3325138230354487,-0.09526804855380247,-0.28266153354516704,-1.304157705199782,-0.15257017488391364,-0.2639398040145973,-1.1049841669315887,-0.1651174517041379,-0.0968354937753053,-0.995194012992909,0.014552101166587103,-0.11765873955620262,-1.3073291149669475,-0.10820075929731553,-0.1366390782771916,-0.9497429553217908,-0.12178930569140932,-0.10963397537428082,-0.703409118661471,-0.08761649486023057,0.04873502856577857,-0.9449740217526555,-0.01743423064837094,0.02620141645259803,-1.1639903983812663,-0.14813783426134017,-0.024397342981675403,-0.8312698360081633,-0.11114555185701692,-0.009426431622050573,-0.6341632014435933,-0.04329374377543333,0.20506555048690744,-0.8343773673354755,-0.05630108342585923,0.1596420702920254,-1.0436766232302805,-0.13591475107597703,0.1220497491397741,-0.8360846382367527,-0.10429346357147672,0.14119161307871808,-0.7076535173764806,-0.05459486778515238,T
0.0,0.0,0.0,-0.20214301806666446,-0.2512229212847224,-0.06864025660864806,-0.299386358832825,-0.67921778514015,-0.10781618644430929,-0.21260441546935277,-1.057697942882973,-0.15381239887741782,-0.07654064540119777,-1.3225576574971798,-0.18816914052800057,-0.21362965286276422,-1.0137927905085025,0.02610280554553175,-0.2568742229167154,-1.3697310735623371,-0.09772168060882694,-0.24999036441840503,-1.2774162562657783,-0.167756426175783,-0.2160836906235588,-1.0806822884470126,-0.1915245209971995,-0.0638154897539436,-0.997827203099801,0.01638462759701421,-0.07143405438431923,-1.3049238583297804,-0.11357081056361269,-0.10303976602918768,-0.972441643640666,-0.14161928037749946,-0.08249696225771264,-0.7277867736571699,-0.1213121782567708,0.07278816294160063,-0.9325156051495993,-0.018328259132471585,0.05517225572871244,-1.173193917243193,-0.15160251174588874,-0.006394243743118875,-0.850686041195077,-0.1264595852948777,0.006116492449280533,-0.6378251743777323,-0.06848411025563834,0.2153640364532251,-0.8091088309019896,-0.060006931495724225,0.1681133725844645,-1.0296430742103548,-0.13919746765977514,0.1182726353007696,-0.8284497497291663,-0.11639374563651377,0.13277363843306583,-0.6802986863920403,-0.0752095992190913,T
0.0,0.0,0.0,-0.19548691196775309,-0.2491588883739057,-0.10165784795480826,-0.2840320521629477,-0.6924560645452454,-0.14642479243546505,-0.18961690209133472,-1.0700307287120934,-0.1907279146139174,-0.05509765663038327,-1.334142501897098,-0.221025731975092,-0.20296621891062266,-1.0287229547408345,0.012671840830508619,-0.23927566171197975,-1.370282364089103,-0.10895872107767088,-0.19531102937629685,-1.3150558032793138,-0.17790484910705454,-0.1310585979244977,-1.169747850909542,-0.20594575122377043,-0.04407262539265196,-0.9988521324739424,0.018762226500516205,-0.026984514463125258,-1.328216919996669,-0.13100924904044803,-0.0483075573667379,-0.9925484316472558,-0.16895553322492526,-0.04573520285325767,-0.7501108936413122,-0.1496320895493112,0.09726622406634224,-0.9308185117595665,-0.0027500820345851286,0.09894197839862055,-1.1906394944927425,-0.16243998196005646,0.04275894857763856,-0.8458468818712389,-0.1476771771035067,0.03504503602825001,-0.6213579618057903,-0.08727084353962268,0.24238167952820094,-0.808941615307294,-0.032841734113042156,0.21862779025472268,-1.048972369056861,-0.1370275703366163,0.17757209556763573,-0.83414496046476,-0.12856976430022637,0.18154349010826937,-0.6840721367166775,-0.09200844810331736,T
0.0,0.0,0.0,-0.1991297924172127,-0.22947661286788068,-0.0797037758379471,-0.31061464812392564,-0.6292385210790334,-0.12462265457369007,-0.24701638497515482,-0.9972893081051758,-0.1723273589935906,-0.11875283748071493,-1.2569797479464466,-0.20536981194168566,-0.23326832396060282,-1.0102343790909545,0.007830864122177763,-0.2700267711267514,-1.3670888475982954,-0.12780081625453052,-0.25437545051720833,-1.238107526483842,-0.2128185293367255,-0.21954708515995555,-1.0312473485008318,-0.24703169508729586,-0.07863742260555032,-0.9968995478093724,0.0027289821224845477,-0.09369166955765124,-1.2883175933212827,-0.13920903200941734,-0.11366946914964231,-0.952193622783635,-0.18057094641124125,-0.09774936760492878,-0.7070603807430426,-0.1706086068934678,0.06092218851564928,-0.933710323422649,-0.027511840324350546,0.03945184447908362,-1.1593678441877797,-0.16754233540507177,-0.013772648043964704,-0.8365373540186107,-0.14726774522224403,-0.005235360876532856,-0.6282002778824706,-0.09265961238028322,0.20628685316079612,-0.8113004447148586,-0.06580379212745022,0.15585270907802604,-1.006844721808742,-0.14942106608228453,0.11093639731197316,-0.8019861515383737,-0.12877090378646439,0.12368141928571225,-0.6632454561354534,-0.08870782366069596,T
0.0,0.0,0.0,-0.21119495619067014,-0.2042855574560845,-0.07327548724802692,-0.33893021529703393,-0.6128417414974037,-0.11313504548357677,-0.2778090364874048,-0.999058024776004,-0.15760247092416527,-0.1626129439188559,-1.272910380488191,-0.18947756452118691,-0.26558673620873724,-0.9786364644198864,0.009651630079744847,-0.3301041351414972,-1.3190329465339001,-0.1099851156050669,-0.3284426610130357,-1.2679168336817315,-0.16882915515853408,-0.30348488089463815,-1.0724897066013583,-0.18472472616388014,-0.11266033300254444,-0.9936312062172897,0.002162267081014138,-0.15407386828076683,-1.301616638682733,-0.12940566821352342,-0.1724241850528763,-0.9441544476849161,-0.1490614079595163,-0.13347534945531725,-0.6914195968090162,-0.11962495414357281,0.02994966793920705,-0.956661816997773,-0.02959539306743633,-0.015205709472559985,-1.1650309676312993,-0.1664382457770941,-0.06260873594245045,-0.828493839134371,-0.13637443616894787,-0.03561925139803606,-0.6311002610635472,-0.07394758380947772,0.18133210850047904,-0.8610251652425654,-0.0682782293252306,0.10941452757834577,-1.05462132516057,-0.15071197771354927,0.07015048470728928,-0.8355550350559304,-0.12560573566057845,0.0999381250480143,-0.700900423301081,-0.08184505538798474,T
0.0,0.0,0.0,-0.20664808527323858,-0.25335261913260637,-0.05680575995496694,-0.3119580660927758,-0.6905951789071514,-0.08812353801096201,-0.23943561448308723,-1.0877796414522354,-0.1300544983015931,-0.11528973497782276,-1.3532218847022257,-0.1623771931792159,-0.23824563859258904,-1.008654612653803,0.043972000462397284,-0.2799781854080252,-1.37437223455616,-0.058478306921269776,-0.27018771936423214,-1.3462176473680956,-0.11749649611012933,-0.24249163646569294,-1.1800772185962378,-0.1399175885105025,-0.07527376589579432,-0.996717630933624,0.029796381557653705,-0.08454686366323842,-1.3428873596037445,-0.0921268121099659,-0.11515123147941365,-1.0225921042791284,-0.1242661251095193,-0.10371747913678764,-0.7540990329277226,-0.10847766407498599,0.06923039658187737,-0.9359016104290543,-0.006119082571828648,0.04264089892583585,-1.2085913377822557,-0.13374687893587375,-0.018730578317145308,-0.8934713522403822,-0.11639222827642663,-0.014905861918369085,-0.653867802265474,-0.06571251326397252,0.2149868615243313,-0.8168113971646769,-0.04738716588553196,0.1463419307721874,-1.039209350049715,-0.12595524560642601,0.10046841790327422,-0.8523652452062922,-0.11071581207890019,0.11592627397259456,-0.6910499320602613,-0.07660383414835971,T
0.0,0.0,0.0,-0.19445535629291028,-0.24968701256219303,-0.052600796777658096,-0.2832412708416793,-0.672302926802419,-0.07469594899987292,-0.19032257208412812,-1.029993328857033,-0.10281503993763988,-0.05936330556547154,-1.2564576180694726,-0.12048460050198129,-0.20692918060671636,-1.0204575095193316,0.04893359536576655,-0.20662133556576287,-1.3294354769691683,-0.0635552346908192,-0.18446018108303947,-1.3136451543293663,-0.13746735275073227,-0.15698309601293842,-1.151409257242057,-0.16918810653659028,-0.051930195535149194,-0.9980889497601685,0.03349183718945788,-0.029789753207254927,-1.3078416369190593,-0.09372810513013288,-0.0732075368357803,-0.9733453016712158,-0.12844614534209015,-0.07714568353479832,-0.6988570442059563,-0.11243464774414928,0.08914341201568277,-0.9202430251552566,-0.004353637545207673,0.09759198508892915,-1.1547537027906647,-0.13587612549627606,0.02802638276529549,-0.8457765865252729,-0.10665835936957849,0.0196226387394875,-0.6240850303602058,-0.046181203592492226,0.23428709985451282,-0.7700396132470038,-0.04780489555367226,0.21014325307115989,-0.9861215801911568,-0.12897633571979453,0.15086137748426315,-0.7860580533180743,-0.09941660624230506,0.14554885163466563,-0.6377734948770736,-0.05392100158491311,T
0.0,0.0,0.0,-0.18558193811303803,-0.2671579529975256,-0.08306138400137239,-0.28236565762130583,-0.7073542239029827,-0.12706079447812474,-0.19637641766644998,-1.093758159775349,-0.17559993992168474,-0.060613336474249144,-1.3561831356757006,-0.2104615271266699,-0.18063387045317783,-1.0331031837938696,0.01045569264574207,-0.22183419342140814,-1.4118311015867473,-0.10241237785282988,-0.2070766456325501,-1.3321792258235303,-0.1574166282820635,-0.1723445136861078,-1.1548054755732653,-0.174791838065994,-0.029016546883039798,-0.9995473679266833,0.007943505386414616,-0.03649927887153367,-1.3306333591176054,-0.13235564115913728,-0.0705412641204359,-0.9832983942741237,-0.1628403323570725,-0.06548262668799795,-0.7316376530148377,-0.1419682304256108,0.10844812714516684,-0.9300710060688602,-0.0190942999778219,0.08168545926497801,-1.2032491033634154,-0.16324568451951882,0.018595134806569602,-0.86425835815126,-0.14582563489460973,0.02082509922756533,-0.632178595167023,-0.09019547303806931,0.24903717095575523,-0.8033873068890178,-0.053393696686381054,0.1913273460667541,-1.0520637896807916,-0.14297135042105563,0.13765570933502674,-0.8479373594051127,-0.1332031053615067,0.1465063554056404,-0.6884816799468924,-0.10034164762006219,T
0.0,0.0,0.0,-0.20884240778513907,-0.26497627799019097,-0.07048888315395484,-0.306369294946729,-0.706616157519346,-0.10327348607657486,-0.21666996270321118,-1.0903059274843823,-0.14430726199141153,-0.09352733570799163,-1.3560952744380028,-0.17468360124203913,-0.23039180377007035,-1.0102418263904265,0.03540626691264296,-0.2636101737040847,-1.3756097858730696,-0.07877582310675557,-0.2368315611455079,-1.3466441505313447,-0.14270994434080353,-0.19303316165261017,-1.185189091725388,-0.16606012145554047,-0.06856068094469332,-0.9972983736203104,0.026370191555691494,-0.0609831693518676,-1.3517828833902608,-0.11698385612045079,-0.08634001729508803,-1.0018933478780911,-0.1532047261806737,-0.07717490184949942,-0.7209148679473044,-0.13324833952278828,0.07906335691779846,-0.9425591514599545,-0.006936987934711687,0.07349903661830909,-1.2224994948908314,-0.15632743121024345,0.014915541051083284,-0.8728838367423307,-0.13847160650675272,0.01354515520118852,-0.6213619448010128,-0.0790450085901062,0.23238273093170667,-0.8300844688000749,-0.046630453197791126,0.1952795554536249,-1.0832145161003404,-0.13927510439113014,0.15434780563589753,-0.8714015593587641,-0.12385072624356143,0.16623142864957566,-0.7056921960537953,-0.08537520253218185,T
0.0,0.0,0.0,-0.19300159762791386,-0.24719077694221422,-0.06986713006880058,-0.2970208465221381,-0.6671409177982397,-0.10984306772795999,-0.22273370865534609,-1.03809978486541,-0.15686129833051923,-0.09326803526700862,-1.2909264352989105,-0.1926444846231164,-0.2223577361549896,-1.0116837170079156,0.02319949135873135,-0.23899823330982595,-1.3551624511890368,-0.10347767616702308,-0.22159893451293272,-1.301402811885592,-0.17730955269000145,-0.19193253296504606,-1.1023739408230118,-0.20279563499772085,-0.06704309628697484,-0.997657028672047,0.013626312102616354,-0.058470866140168797,-1.3502882362737008,-0.12179620237199965,-0.088022133252156,-1.0372284200279578,-0.15721093347154702,-0.07708350476154079,-0.7648009175393976,-0.13831160153398372,0.07685009326245928,-0.933566002177005,-0.01992291928390109,0.0669659590718561,-1.183328019623177,-0.16165475129585943,0.006386675718441894,-0.8481631059182141,-0.14071752377262284,0.008432526079424333,-0.6047080557348612,-0.08072910791585076,0.22763506444266834,-0.8076503548444653,-0.059810602237533594,0.18479362655250184,-1.0334289836432762,-0.14693500650915325,0.14057171820509928,-0.8258810214043049,-0.1249353388385139,0.15245627750778165,-0.6678928627989527,-0.08129812879612767,T
0.0,0.0,0.0,-0.2003986402847169,-0.21734861665583138,-0.084370697060326,-0.2932338390708648,-0.6722271759437655,-0.11779249250813924,-0.19957040806273266,-1.0575666288675458,-0.15100527720485796,-0.05320618180215296,-1.2987508605070202,-0.17352944916821417,-0.21348748655914132,-1.0145159106185737,0.02421624396000902,-0.23219170679826573,-1.3225983363083722,-0.08698033912380802,-0.20096159519354728,-1.3148523544795736,-0.15764282403355045,-0.16715739685770212,-1.1698281113318933,-0.18840372819867948,-0.04868055662551255,-0.9984896315875904,0.0254687851832042,-0.0296323726728222,-1.2948043903804713,-0.10268010213800789,-0.06127472001499352,-0.9956314638079172,-0.1406487312063226,-0.07059934775205887,-0.7358639344123047,-0.12805397115985323,0.09757750085215824,-0.9186738498990328,0.0020619661347772112,0.09652940957019915,-1.1579207182165971,-0.1347674742312229,0.03810822872308987,-0.8613609322871388,-0.1198552442001912,0.021679260466468443,-0.6361008609310542,-0.06814071842947089,0.24540668274393887,-0.7786676005070419,-0.028381496878204057,0.210503767684693,-1.0156805850599668,-0.1213293033705942,0.1631131473071119,-0.8188494473115788,-0.1071575879439918,0.15826785862879753,-0.6579771266867896,-0.07004774716767428,T
0.0,0.0,0.0,-0.19353199446614827,-0.2974573571182183,-0.06613193060284187,-0.31210601141553185,-0.6834108848224143,-0.11637416616597356,-0.2603412314616619,-1.018900616693085,-0.17381920630165354,-0.12048451621462532,-1.2101950871232101,-0.22010144627784478,-0.16883147886226282,-1.0152511678207632,-0.011999973091960875,-0.22097677756634096,-1.3745968428615125,-0.12138524104049013,-0.2545464895523286,-1.3091075632204259,-0.1883035906017988,-0.2585234902297119,-1.1321049448800091,-0.21653846396709645,-0.02511002123949726,-0.9994556869300245,-0.021396651527395102,-0.06663505216595156,-1.2895203342017474,-0.13564882268201933,-0.12596962548441937,-1.0475915723484954,-0.17414425469388464,-0.1353200041642225,-0.8053075893904783,-0.1736313679902735,0.1067489488075273,-0.9369955368136212,-0.049108533953743455,0.05162379828395214,-1.143357917310853,-0.16108413112615586,-0.032129327298565435,-0.8942991721997188,-0.15225941973125548,-0.05024323198731745,-0.6694244490980046,-0.11721425880839986,0.2346035123946052,-0.8169674322855337,-0.08391839054037056,0.17048241374457174,-1.0024450253665629,-0.1491820665699461,0.08056193301671377,-0.859370502322579,-0.133892835044854,0.04377783895659936,-0.7046503663091018,-0.10437139688771793,T
0.0,0.0,0.0,-0.2162051895639077,-0.19107696892149847,-0.07683777447628606,-0.348840596397257,-0.5873619373245538,-0.1128828825169065,-0.30132870518911126,-0.9865254392214401,-0.14940879288527864,-0.19281585212883104,-1.2669957220759696,-0.16887745046626745,-0.28550336464514503,-0.9638780217715335,-0.010532228142553593,-0.35838295866652636,-1.3449999180567733,-0.11715581281898357,-0.348783099576508,-1.2421905913666687,-0.1596621673017294,-0.324049444272817,-1.0315770994940483,-0.1658989733875163,-0.13055523515790085,-0.9913754806744416,-0.011401179341857129,-0.18460092792758914,-1.2951008538000053,-0.1307869770968188,-0.18947206913132422,-0.9479830520501464,-0.1429654235366459,-0.15657043657177364,-0.7249589505429085,-0.11476013393334675,0.01537776208152979,-0.9643828333078348,-0.03436042802975386,-0.040191860184892576,-1.1647874745348883,-0.1611829483200337,-0.06913175079732611,-0.8245096844790933,-0.13079405705224076,-0.03504721346227324,-0.6437539223758181,-0.07365016260256839,0.17719570666074905,-0.884686964811965,-0.06417630034437209,0.10544468555673102,-1.0829726635715968,-0.14425997566505339,0.07730711296594252,-0.8720756437984939,-0.12208867079361442,0.11006131101724208,-0.7582248175494978,-0.0827990639731969,T
0.0,0.0,0.0,-0.21580482487558145,-0.1891747090085966,-0.07321240285321493,-0.35266994578877503,-0.6087933111601584,-0.11509856050990828,-0.28465533102653034,-1.0292388045239647,-0.16313397886732664,-0.1735009017038499,-1.3417166341706466,-0.19787833390232218,-0.27841623995128634,-0.9797009895226665,0.01164248580941017,-0.332523613294535,-1.3553353074319001,-0.107862357111583,-0.331105241735573,-1.296372479516345,-0.1569018840230026,-0.3132466415952091,-1.0768905200459054,-0.16154882278834387,-0.12404549456826185,-0.992268892182238,0.003893698081437917,-0.1623949652079675,-1.3095785509380193,-0.1197721130782967,-0.17158217658482566,-0.9447358664873611,-0.1251701183270555,-0.13207702703657842,-0.7204019681385445,-0.08562488986801069,0.025309621227023155,-0.9547589692529234,-0.029502551481723413,-0.018546269872995666,-1.196061012783612,-0.1614904446906427,-0.053844118181799426,-0.8397985903098037,-0.11734260157747418,-0.02243378359260177,-0.6623837368679971,-0.04645432012180965,0.1899889437226944,-0.864329696273054,-0.07021312041569008,0.12522423642898164,-1.084090379958233,-0.15246094734346685,0.09361871051281201,-0.8432580331365406,-0.11784240141574244,0.12349732757075697,-0.7172232183151479,-0.0666026126154154,T
0.0,0.0,0.0,-0.20542927190872146,-0.21829548513660213,-0.06990970103648961,-0.3246228633065334,-0.65398934791742,-0.10707700219147287,-0.25523859033942603,-1.074913593167637,-0.15164630331530696,-0.12357929040565185,-1.3629417788445601,-0.184197937150103,-0.24508125044086457,-0.9918671326693499,0.023034558941067623,-0.2999762879336027,-1.3705302206527523,-0.09515793256882259,-0.2915999279509718,-1.3332917720115274,-0.15190373979023086,-0.2677793935051229,-1.1374576372944645,-0.1648212209274443,-0.08839069498107424,-0.9959858285492441,0.014117874126031266,-0.11718646443601367,-1.3243468795064604,-0.11679173153711878,-0.13833092550576076,-0.9740895580254862,-0.137476795455086,-0.1110212241066826,-0.7276954462992596,-0.10809644415849647,0.06275120172609569,-0.9441060850014094,-0.019102971363917996,0.02679324599534711,-1.1914219041849354,-0.1566448975016067,-0.025963464722722932,-0.8471951705937679,-0.1249254006378293,-0.00959686350498591,-0.6451811218840926,-0.05945658612119526,0.2204292084090643,-0.8388087404500615,-0.058980137129701335,0.16478034743010028,-1.0539160125901488,-0.14081745450609692,0.12422435615226192,-0.8417394450419303,-0.11297392667543238,0.14668858376067997,-0.711673244590306,-0.06610386797790328,T
0.0,0.0,0.0,-0.1884871712240156,-0.24424307411560725,-0.051284551430588965,-0.2893054379135259,-0.649630806853382,-0.07606456765596611,-0.2159665417121955,-1.0052632201074962,-0.10783457397125368,-0.09585582794923866,-1.2430477307130765,-0.12980284844920828,-0.21218587787492954,-1.0134346235557383,0.051222732930388544,-0.2283638909453977,-1.296839652390504,-0.052985231122331555,-0.19718597135175092,-1.3131153001592624,-0.1216291170059925,-0.16231712154527847,-1.1747632643261294,-0.15152927599478294,-0.05292336791633596,-0.9979778656552994,0.03520364740314765,-0.035451836184125216,-1.3036320362706972,-0.08651108355570783,-0.06914116853726347,-0.9852816865218387,-0.12091973108306393,-0.07472384157476683,-0.7102653406661926,-0.10547224107170587,0.09004966739426146,-0.9207849385023809,-0.002262365320004904,0.09375357794269802,-1.1463140370228515,-0.12960058624954376,0.033537801043941974,-0.8548964727604723,-0.10699758041474856,0.02216505178037053,-0.6352454910032566,-0.05176534411979456,0.23620711764765231,-0.7713581367623082,-0.044307656312405554,0.21031134810399674,-0.9975303262579339,-0.12194055687902522,0.15968070251023025,-0.8114518538333587,-0.09634222396590911,0.15465082246102396,-0.6583973304712609,-0.05429469743146017,T
0.0,0.0,0.0,-0.1861810829208922,-0.2634684147796557,-0.09409656207490562,-0.26472818237378903,-0.6599856844210392,-0.13624353645140647,-0.17003295328744628,-1.0040701700453942,-0.1771157455921781,-0.028931848360407766,-1.2341589967710447,-0.2066304182544676,-0.21737123825139731,-1.0174029619494114,0.01187705212871221,-0.1985886000857637,-1.313259834190607,-0.10386723831278434,-0.13330980868050818,-1.3033509978604507,-0.1837875437821543,-0.07903690236196412,-1.1655163432580828,-0.22009672261111388,-0.05438815406185402,-0.9984035482665996,0.015240849924061845,-0.02093749656614086,-1.332053173932405,-0.11023321838390594,-0.03853939416162515,-1.1502967811564484,-0.16116777316292422,-0.056900280466622113,-0.9658638967418126,-0.16057939227341858,0.0946222388489131,-0.9211645107002706,-0.004933479237186003,0.12005686699864154,-1.1422009015883132,-0.1452244140733951,0.05912318991555999,-0.8291636092128812,-0.13224030661775688,0.02706703011389723,-0.5995947693290699,-0.07765792066351344,0.2407196078478268,-0.7757303650241668,-0.03415377334107919,0.24256933412795154,-0.9716861029740759,-0.12817610009492,0.1885206121100842,-0.761628706032639,-0.10887989774814233,0.1646640548455356,-0.6172734987534274,-0.06560864905072548,T
0.0,0.0,0.0,-0.1254551844064582,-0.15274608028165126,-0.13516442877509705,-0.1535829298672492,-0.400786181459475,-0.19676741564368724,-0.02136792068609988,-0.5736287800503402,-0.2496213665319499,0.10727596255761815,-0.7049942952950762,-0.2932160076956911,-0.1327752313366637,-0.9860872456002718,-0.09543174974553949,-0.13558614793731685,-1.374223657236868,-0.1688502534591673,-0.13574613768232788,-1.6104296782433931,-0.2253046187301173,-0.13033951649285894,-1.820540468670707,-0.2708042829473823,-0.0040110977362115855,-0.9960071258869063,-0.08918360991491006,-0.03969655231294216,-1.4403355486430316,-0.17715315674529175,-0.056544246606529285,-1.7011931508280198,-0.24159962264348442,-0.06600299516036585,-1.9304473593658409,-0.28173325984347736,0.10212764739194924,-0.8836104592970324,-0.0979396938305773,0.13939158143679653,-1.1871631312740403,-0.2337376427080511,0.12193102320062692,-0.9517521560810294,-0.26946425593692563,0.1013215055154744,-0.7638852301937509,-0.26250289569311586,0.1894614043298963,-0.7057054755164478,-0.1168239188773676,0.20331135528833352,-0.8817917371634234,-0.2506452686440234,0.1837856391016427,-0.7482970680701617,-0.2830495303121597,0.16198135928842408,-0.6219131689987122,-0.27986834712219577,U
0.0,0.0,0.0,-0.12193615259974742,-0.16038129460789116,-0.13444754869804387,-0.1515547776380132,-0.41210051094100236,-0.1960762411999151,-0.024647822188404965,-0.5764634542442784,-0.24937595346521452,0.10537498175093536,-0.7098126857993754,-0.29292947797586844,-0.13142201965172456,-0.986495334947274,-0.08863386307303964,-0.13652262801676968,-1.3613073406973415,-0.16278498136604283,-0.13737862184155364,-1.5915335507926005,-0.2223095680793796,-0.12982538600869223,-1.7993529547906284,-0.2708455082593442,-0.00713388401939323,-0.9966261005727016,-0.08176504972204804,-0.038472754712169044,-1.4332601119461912,-0.16725072334332894,-0.054009416822846566,-1.6861953195070327,-0.23185643469130046,-0.0617665221527171,-1.9077279148994515,-0.274630061602399,0.09593969497922883,-0.8876147579580248,-0.09027544800469257,0.13449373942754708,-1.206422264503755,-0.22094846499527324,0.11343943970224626,-0.9730337546409642,-0.25253476938691116,0.09096889212936801,-0.7861907154465956,-0.24656353827035843,0.18347790218044557,-0.7134036276359351,-0.1096576146316209,0.19933404585732223,-0.8801386828588414,-0.2390044960277721,0.1754441536850133,-0.7413479421721815,-0.2684217838088255,0.15122239293909198,-0.6156169782388653,-0.2655104983594863,U
0.0,0.0,0.0,-0.12192477254275139,-0.1630202780407164,-0.13131442942795216,-0.14923178329213263,-0.42238123568510355,-0.189481679095487,-0.020363559233078664,-0.5896328123254293,-0.23934043262505458,0.10952249500966213,-0.7184788816399129,-0.2795382845479609,-0.12737535493365146,-0.9876412528501652,-0.08403582614548535,-0.13492368249938372,-1.3618869265301425,-0.15543257383241627,-0.13762681895026352,-1.589037204089163,-0.21181850797267646,-0.13117566646737666,-1.7952305101579233,-0.25824126348987864,-0.0025694351435314004,-0.9970147707098538,-0.07716829005116588,-0.03518997800344789,-1.4343867824564407,-0.16055151128969855,-0.050788206247450576,-1.684801602720698,-0.22215572501950737,-0.05724914803607776,-1.903265288308362,-0.2626032203396243,0.100365372329497,-0.8878949253020906,-0.08554447408606143,0.1377610354842298,-1.202562884246333,-0.21566605934693153,0.11463405828597555,-0.973873109552989,-0.24747518468696253,0.09168766801729976,-0.7906621308095038,-0.24169468015144832,0.18736705425687933,-0.7149681274654548,-0.10445207535066152,0.19762985325908547,-0.8735803841766178,-0.23486605976761307,0.17357778666836868,-0.735015079941826,-0.26619000264188825,0.15203178234718,-0.6115593115039466,-0.2645718690450057,U
0.0,0.0,0.0,-0.1227881228257579,-0.16280818749301382,-0.13508864365887543,-0.14956723468832764,-0.41516037327077954,-0.1980303118166471,-0.016683937091508377,-0.5685889592364929,-0.2518160355374287,0.11583536051228344,-0.6926044817542445,-0.2959019102263758,-0.12363391797314102,-0.9912568970860797,-0.09431125157013778,-0.12756698190918156,-1.3707100619370032,-0.16969216157711345,-0.12652520668020398,-1.6064671100525694,-0.22863998317198614,-0.11699544868351813,-1.8160203009175908,-0.27646250483772056,0.003722585988436456,-0.9961284389557791,-0.08783094817364448,-0.026944542869358164,-1.4409343593116033,-0.17542347867927674,-0.04100643733683953,-1.6959901382097002,-0.23975492748254615,-0.04691379995483404,-1.9190215549900833,-0.28099117864855394,0.10849814585908936,-0.8807073031866279,-0.09635518369670386,0.14621589762592344,-1.1870819032923057,-0.2304095965804783,0.1250355509477147,-0.9516792762225819,-0.26202099604607415,0.10413661820437144,-0.7693025940830726,-0.25458902748288853,0.19658562639080257,-0.7002093891476878,-0.11525447076355734,0.2137410030180883,-0.8573385554123587,-0.24702733861635567,0.18786930223344261,-0.7105769166873586,-0.27495948388500363,0.1630802813711588,-0.584128341584634,-0.2696838301809398,U
0.0,0.0,0.0,-0.12403911287280531,-0.15250967334170595,-0.13857949081122678,-0.14991350708925413,-0.40489832074480975,-0.20171882026025614,-0.013909408244196396,-0.5640635867418314,-0.25422558733796013,0.12004032607977828,-0.6881327557690777,-0.2972389268889107,-0.12908169190645963,-0.9895828022873944,-0.10232870361870376,-0.12720713701106684,-1.3855916198805927,-0.1763470097666403,-0.12369293979577989,-1.6324989738553959,-0.23231951180622626,-0.11278097383086906,-1.84871187558315,-0.2781923220459286,0.0018205065474946663,-0.9955753139916675,-0.09394934766299998,-0.02637058441520116,-1.448738809409484,-0.18238328745018706,-0.035957970380892115,-1.7133568842138245,-0.2464078068994415,-0.03750718058698606,-1.939677881600434,-0.28658461335318725,0.1092876050033087,-0.879231631257642,-0.10010714349946581,0.15217009152661934,-1.18174656205479,-0.2361143484767122,0.14030107432819575,-0.9541587241235445,-0.27107830712276976,0.12391677905122131,-0.7698480574805044,-0.2649193660545421,0.19793480507052544,-0.6988907498550982,-0.11631442219799654,0.21371850455963706,-0.8621963829515923,-0.2525425745145087,0.19384584981417574,-0.7208712901685856,-0.2833100414656851,0.1708201990076733,-0.5917381864190034,-0.27853117882220196,U
0.0,0.0,0.0,-0.11939972950769599,-0.15234311945781878,-0.13369826783871863,-0.14154361155352047,-0.4021736743560688,-0.19275145918282904,-0.0014180798139205898,-0.5564839697824526,-0.24005341946545997,0.1332936863720876,-0.6764338529241474,-0.27876327738001466,-0.11978544510212369,-0.9836078120204323,-0.10684875963650022,-0.12187898985351019,-1.3807362523778322,-0.17825794457086191,-0.12134390530030822,-1.6234880404793748,-0.23049107978994737,-0.11096104426154663,-1.835944631303435,-0.2734959396707435,0.008151050861819468,-0.9949749219680728,-0.0997921090290982,-0.01620216992467138,-1.4633972985333463,-0.18434484530271739,-0.023260844613649707,-1.7254420043419143,-0.24365512805324907,-0.020601019668113715,-1.948919512810049,-0.28007276728275554,0.11167590030495476,-0.8758593900368057,-0.105911510727979,0.16424637143801538,-1.164605713907602,-0.23991133720036042,0.14991038820358737,-0.9251537901306971,-0.2730522279429864,0.13363472346380229,-0.7444546261610758,-0.26591017761617897,0.19405063392533184,-0.6873272121211268,-0.12104998034573322,0.21162223961363275,-0.8337933900682344,-0.2567502418811518,0.19248477137166822,-0.6774601366373538,-0.285634183391171,0.17280032193376754,-0.5481269748164117,-0.27957284391807924,U
0.0,0.0,0.0,-0.11604387960981137,-0.16274657414265617,-0.13407108777499818,-0.1406448811669946,-0.407522085914711,-0.19437493151360313,-0.006305216402672453,-0.5640010586667912,-0.2435087084406644,0.12657451570465506,-0.6869543458110747,-0.2842016374709713,-0.11688656036691723,-0.9876709558160869,-0.10544990833318314,-0.1185546816672514,-1.3826904908698687,-0.17685696407667595,-0.1193250057691439,-1.6218545742401416,-0.23057342168102446,-0.10822465897025559,-1.8319963248397244,-0.2748023251080016,0.007647340931503801,-0.995184293266997,-0.09772277427163527,-0.018928187545382853,-1.4628744643990073,-0.18196778956356438,-0.027689089564159528,-1.72289189253099,-0.24213177696487573,-0.02672781703280504,-1.9439941091032271,-0.28024912252802087,0.10948894132127616,-0.8747514731485394,-0.10342411789873018,0.1600424727174981,-1.1754328190797112,-0.23660793733909113,0.14490216913330314,-0.9409902033736317,-0.2705704729875465,0.12767162022413572,-0.7608061977552775,-0.26507252633449846,0.19104403428440392,-0.6882661693579395,-0.11837623214072197,0.20979276687624313,-0.8552632398674979,-0.25225496607322123,0.18908256813278954,-0.710620980019167,-0.2815090295217316,0.16783426574406687,-0.584736072869614,-0.27698402846151765,U
0.0,0.0,0.0,-0.12136902687740717,-0.1580712254716311,-0.13923754674484434,-0.14302503562395452,-0.412400698737614,-0.2015062805156992,-0.004090274569046224,-0.5660189523232733,-0.2522817000880103,0.13219115179129265,-0.6868146665830042,-0.29351550833752327,-0.11702789537446429,-0.9884912956475319,-0.1034965581014334,-0.11705872987258908,-1.3719849137024545,-0.1778905989595689,-0.11452063258202842,-1.6096674163113327,-0.23341101989929755,-0.10263550141075586,-1.8208988844059515,-0.279244982501467,0.013139154531449704,-0.9954517916352458,-0.09435620355004848,-0.013967243722614816,-1.4584046048112405,-0.18414124821714703,-0.022743578078711822,-1.7182205282689882,-0.24705837203569922,-0.02064474173177646,-1.9407372920226298,-0.28651303954251034,0.11933604047561967,-0.8765994346852956,-0.09973051121989912,0.16970001221357803,-1.174793072008252,-0.238854615364855,0.15205954357452017,-0.944977024751483,-0.2736665187702768,0.13281698757950358,-0.7647449409538375,-0.267942522087397,0.20718953574720886,-0.6933899926534641,-0.11503674465676643,0.22091480705233585,-0.8377806307113186,-0.2540881803168673,0.19519151895568282,-0.6899428002868342,-0.28666668941452206,0.1711701383699349,-0.5669019164687283,-0.2838817528206467,U
0.0,0.0,0.0,-0.12104278595280402,-0.15952292219802153,-0.136791300197579,-0.1428844318080859,-0.41124498890535227,-0.19925763050083703,-0.005206798949391427,-0.5711241917932182,-0.251740716927039,0.12853639163825295,-0.6920308675920496,-0.2949137907468504,-0.11335503461752024,-0.9873123475524087,-0.10081514022961957,-0.11429167026598626,-1.3759823093139607,-0.17730604576760323,-0.1141511358813873,-1.6165220029889802,-0.23515082801177714,-0.10622551708772675,-1.8287260609959441,-0.2813775318347217,0.01515064765520924,-0.9955960687779362,-0.09251446216428366,-0.009835064682183805,-1.4453087019832083,-0.18131319506401877,-0.021237868499227108,-1.7079609605771533,-0.24400623465576526,-0.025752405480038477,-1.935606494340788,-0.2830678807139223,0.11948077229287263,-0.8808455797711203,-0.09883584192041804,0.16343576381366107,-1.1877149004882448,-0.23305712593011302,0.14342600968651265,-0.9579794382514212,-0.26538743521484026,0.12102743127004228,-0.7731855709650427,-0.2575325227834311,0.20457434216754222,-0.7007931864717946,-0.11566192294201799,0.22070742927064235,-0.8650932367507392,-0.24989062404423346,0.19603453606341217,-0.7313227200327562,-0.28082095711571625,0.1695490095437158,-0.6081599468633909,-0.27648094952688945,U
0.0,0.0,0.0,-0.12072325994234874,-0.15789116487458144,-0.13407963000482145,-0.13952378853120828,-0.40845161481798076,-0.19490763696758487,-0.0019839989666829883,-0.5633023690783986,-0.245500132173986,0.1294035161995793,-0.6846825287837697,-0.2873758296069623,-0.10927197673717216,-0.9883997039334905,-0.10260969161072657,-0.11264201073381311,-1.368836721354803,-0.177453831126319,-0.11484141232227318,-1.6064842274452524,-0.23388930173329367,-0.1088023155727405,-1.817303676004755,-0.2794731481287679,0.018517062911048758,-0.9951778455136725,-0.09632327953258873,-0.007380017186793976,-1.447362972780208,-0.18521197640218898,-0.019192477911536263,-1.7071359268634614,-0.2481669946125663,-0.02289709007251136,-1.9341009232705249,-0.2871314806280214,0.12102810941554175,-0.8777737678594337,-0.10392994539208492,0.170234048036,-1.1795421490714546,-0.2395136636830579,0.15112006430019606,-0.9459870320167773,-0.2747480138915253,0.12912604841559522,-0.7633469925451819,-0.2689941919671261,0.2033236459440535,-0.6952156126774728,-0.1213241308648232,0.2193810508301609,-0.8445073624724881,-0.257354105495404,0.19647587663988308,-0.7090540576256851,-0.29065439572274565,0.17186860449277827,-0.590595393769913,-0.288231507394742,U
0.0,0.0,0.0,-0.1208193805918977,-0.16087798746621762,-0.13876042594087906,-0.14014940627692088,-0.41016091533702126,-0.201090944404458,-0.0014596232385523577,-0.5688174987255422,-0.25189018157241516,0.13293114789052365,-0.6898065119126587,-0.2937872958732046,-0.10663418103325058,-0.9873076354610324,-0.10919949144461158,-0.1092047672838747,-1.3685367982771968,-0.18337836551484657,-0.11126567282917203,-1.6051711369288126,-0.23933539591621814,-0.10415154275891683,-1.8153242616274254,-0.2850077325560825,0.020648984356155586,-0.994786084151173,-0.09987124823608881,-0.007161366223693053,-1.4488489590237266,-0.18715828537194293,-0.020025258352197043,-1.7075624152958047,-0.24918773860066132,-0.022991219036292795,-1.9332105641613775,-0.28882560770635907,0.12273936059655167,-0.8762277755669309,-0.10452146486079018,0.17000996249990688,-1.176434669495657,-0.23864340910351048,0.14939829731469945,-0.9353452569471472,-0.27307616726822365,0.12800162467346385,-0.7489858439468241,-0.2680278686128577,0.2042963636187644,-0.6942824636674256,-0.11939789277871445,0.2178481811641867,-0.8492825512226984,-0.2550609573044112,0.19497805370355784,-0.7037393503642648,-0.2886215918889555,0.17380868873991548,-0.5773938617665838,-0.2873901571126254,U
0.0,0.0,0.0,-0.11660077909442228,-0.1631350579719248,-0.13903979450228565,-0.13508443075721477,-0.41436793102360764,-0.2006501331196291,0.002704880044529653,-0.5676192209849865,-0.24979594207922848,0.1385205712173747,-0.6865349616237469,-0.2897440619968036,-0.10406802022825554,-0.9895410721020551,-0.10937252679461006,-0.10422289073770867,-1.3743436221928613,-0.180459853493528,-0.10498810252977894,-1.6087478426009836,-0.23410208154761986,-0.09402520307730997,-1.8188892341651437,-0.2787786161911016,0.021640607342842146,-0.994830957715838,-0.09921214484135249,-0.007102889115677607,-1.4576529873724118,-0.18258029650275315,-0.017206035250912678,-1.7158075014224696,-0.24109707710643774,-0.015193240956890274,-1.9373489817018719,-0.27917157072784005,0.12303587075196892,-0.8750437113603066,-0.10318208908214543,0.17870411454956223,-1.1685880955536612,-0.2355499118794593,0.160302468519094,-0.935890323558299,-0.26942527314632175,0.13896794589307995,-0.7569237387524124,-0.26534792503198307,0.20533923053115932,-0.6914866392953007,-0.11731625929021114,0.2272300334019207,-0.8409849963378911,-0.2515665063605733,0.20086966240505325,-0.696316875504973,-0.2835602758160213,0.17502274068573195,-0.5747226324295324,-0.28219187211771884,U
0.0,0.0,0.0,-0.11982880923568892,-0.16034533872921822,-0.1359540595646915,-0.1409035888267663,-0.4143306838561803,-0.1976187626001508,-0.005725136228058018,-0.5706842012531357,-0.24964969550340446,0.12876254977439017,-0.6957380264780024,-0.2925568780865991,-0.11185430714994166,-0.991538907922614,-0.09741248269595155,-0.11467770135492,-1.3742288254385713,-0.1732792131063288,-0.11377435101221164,-1.6137004984216552,-0.23065717240299105,-0.10425926966319851,-1.8256867121772173,-0.27682636639283464,0.01698371768921946,-0.9957602883619138,-0.09040465394464685,-0.008356578278688097,-1.4488958630455029,-0.18030237681078065,-0.020198850984704465,-1.7107332265025805,-0.24385179373928484,-0.022788768691740836,-1.9363463456808105,-0.2830585435837051,0.12108159084712923,-0.8760698936048705,-0.0980983362311182,0.16516843041153623,-1.1795963922330608,-0.23569580219739825,0.14000023848405793,-0.9446767274816641,-0.2682128888830847,0.11672466868251413,-0.762441530693721,-0.25989762275598294,0.20563194454815026,-0.6923907465293199,-0.11587565202785574,0.22138795192772184,-0.8469563667172028,-0.25161790695134467,0.1943300106276394,-0.7050266826327027,-0.2814852214614577,0.16950028127435887,-0.5841396555338585,-0.2763532761511994,U
0.0,0.0,0.0,-0.11442290798981132,-0.16411811808242108,-0.142056896053306,-0.1347118893670254,-0.40359561195982063,-0.20545748462590843,0.003636325148855493,-0.5582866707620378,-0.25588185642122785,0.1397238641287512,-0.6767495581971791,-0.29670237192314053,-0.10835699106695679,-0.9928214461230794,-0.11174488209818115,-0.10683119368696305,-1.3928098108466918,-0.18282563304485716,-0.10589012669583732,-1.63682002261646,-0.23691278097661622,-0.09238819447512693,-1.8497142244071807,-0.2814998113726454,0.017881065865370176,-0.9948352237462244,-0.09991568984558025,-0.008561330517300295,-1.462070226636262,-0.18199735861602806,-0.017294485063879164,-1.7285029455375636,-0.24110097516874018,-0.01653237940786358,-1.952651753418361,-0.2792204004088524,0.1193513498388417,-0.8710307237578028,-0.10229731958525277,0.16875551646031958,-1.1661879264952546,-0.23244198582095282,0.1521945878291297,-0.932079008326499,-0.26520193872166453,0.1309108774947229,-0.7504832143305218,-0.2591706674708674,0.1998561944490624,-0.6829214773288654,-0.11512653594902562,0.22327025840186313,-0.8523695767995079,-0.2458822926927008,0.2019920993053253,-0.7101992028384903,-0.27435753255714956,0.1752607742088064,-0.582757055977911,-0.2696251518384508,U
0.0,0.0,0.0,-0.11659875090183923,-0.16201759074044936,-0.1375550331601704,-0.13473279374365194,-0.4100344740507002,-0.20033808817347049,0.004026783302496146,-0.552162521869349,-0.252320941118618,0.14027647820677158,-0.6756029458550525,-0.2951626206134638,-0.10567622259315859,-0.9914262822398955,-0.10523898815826115,-0.10411049921141102,-1.377347303786384,-0.179125784603406,-0.1010530732347814,-1.6133082482997085,-0.23456294093561106,-0.08537169079180344,-1.822749933493162,-0.28052018684783364,0.02263697404279839,-0.9950333519317605,-0.09693397727129018,-0.004511593207959309,-1.455857110144718,-0.18459800750899324,-0.011213361754946572,-1.7134672974207878,-0.2467941377259072,-0.006824086584857233,-1.9389773992779045,-0.28696839482704756,0.12541431163545066,-0.87308331811564,-0.10287252129094045,0.18095405041009147,-1.1665781004029576,-0.24121690439108098,0.16159157748838293,-0.9231875162718015,-0.2762419756686751,0.1390727217224976,-0.7417599428138186,-0.27138821677994135,0.20888849792991074,-0.686309711444572,-0.11858438481148846,0.2328105988255232,-0.8213679866623843,-0.25819821128211967,0.20715688399036525,-0.6706173046290821,-0.29176711387980303,0.17989649810412986,-0.5511175688462581,-0.29022104406690846,U
0.0,0.0,0.0,-0.11735330412325351,-0.17152395296157127,-0.13298030980271486,-0.14206971322805587,-0.42313886295715064,-0.19403849573812054,-0.010142682818104518,-0.5820345691840029,-0.24548894727429663,0.12612132391726757,-0.6995901711123179,-0.2874425757862853,-0.11029105300784939,-0.9930227364997566,-0.10110899378052862,-0.11219377476747695,-1.3833872171473227,-0.1731779375812123,-0.1100139290661733,-1.617877631306254,-0.22743608957348624,-0.09882341309926265,-1.8289614946054413,-0.27217380154220383,0.016885853908087955,-0.9954901283546219,-0.0933502666642854,-0.003322547701888957,-1.4700334782211713,-0.1786984362371036,-0.009166201735284422,-1.7364909541228564,-0.23906906517991844,-0.009547280559614324,-1.9654852549293467,-0.2790822582232448,0.11970845677319701,-0.8758778766142151,-0.09930356270076264,0.17187002384341366,-1.1865648146325685,-0.23060287197402088,0.15292404605260537,-0.9614752355944487,-0.26085385974211767,0.12847353696898692,-0.7843633736449824,-0.254596824708452,0.20356557360473754,-0.69374865496854,-0.11524727537801255,0.22732794946770418,-0.8642910493594494,-0.24348589502300752,0.20600677631178776,-0.729947669209252,-0.27022878965357894,0.1805816567987646,-0.6108888636435907,-0.2661999032647636,U
0.0,0.0,0.0,-0.12153981440942635,-0.18326133164942887,-0.12489149439590029,-0.174871697350596,-0.4190982540980465,-0.18478993667537172,-0.07354715202928264,-0.6164841254279279,-0.23831703785786348,0.054400683712444116,-0.752054939519923,-0.2833975370226407,-0.15406569128721123,-0.9754045379896848,-0.09272703866405808,-0.17267829069567323,-1.3732484849549433,-0.15978959511383803,-0.17521662609279248,-1.6054681731672138,-0.20864932942749048,-0.16914795299145116,-1.8193857775605884,-0.24767587076758213,-0.03431961263265873,-0.9956102404871051,-0.08707705338350023,-0.06668710928675402,-1.464557341298302,-0.15873011180329027,-0.0843138183766113,-1.7041285558499364,-0.20401250589247721,-0.0978271592072549,-1.9159797766536963,-0.23449382296566507,0.07052012329094665,-0.9026918052597065,-0.09572371506820858,0.09114462986980122,-1.204169092530123,-0.21127266796899347,0.06679473343204645,-0.9597809666954185,-0.22988772545978622,0.04617687031895068,-0.7757569651768803,-0.21841147053476098,0.1618752181559864,-0.7407150749469257,-0.11496416351253741,0.15783173915655524,-0.9214008677909861,-0.21730730991698535,0.12933472565353216,-0.779069397204214,-0.22921004212639626,0.10879126935693487,-0.6442354763341842,-0.21997610637294288,U
0.0,0.0,0.0,-0.11951995570085783,-0.19258990928062716,-0.12141063030397506,-0.16482045802630396,-0.4566838110387776,-0.17571761127354607,-0.0703875099340367,-0.6777137824851611,-0.2254153387555849,0.05198746698264538,-0.8298542284041391,-0.26588921823647527,-0.15169401937512367,-0.9833825087372622,-0.07823021186649569,-0.1702416688655644,-1.387570276127835,-0.1421972188537459,-0.17329895543283044,-1.6188681968108187,-0.18798423143016724,-0.1638882062007287,-1.8318722014243405,-0.22527621196249353,-0.028586003969402956,-0.9969531542850931,-0.07257581234863653,-0.06725558772954456,-1.4718824653387008,-0.14608395116496659,-0.08678654093124683,-1.716458454322471,-0.19370747035808178,-0.10092014450112896,-1.9166863083591543,-0.22495509143968845,0.08040838469126939,-0.9023276517979005,-0.0817136967083725,0.10902823828052954,-1.2438475647731808,-0.20034055654760874,0.08387353143222459,-1.0331264673087166,-0.22220916241572977,0.054293957883242754,-0.8504761382064848,-0.21101130238771454,0.17698911890906585,-0.7469401394757358,-0.10121164132841587,0.18127387038000597,-0.9619817802223005,-0.20781296417704767,0.15485701664046833,-0.8788903969734976,-0.22645833016743477,0.1259297419134887,-0.7800758653010266,-0.22044703999185225,U
0.0,0.0,0.0,-0.11857718117370468,-0.20985704901021274,-0.12129210673145557,-0.15197818935890875,-0.48276430710481677,-0.17139884873540331,-0.03938612753395981,-0.6984691185024771,-0.21619640254438985,0.08644490279846119,-0.8507632288723945,-0.2527294823278107,-0.14115530176881413,-0.9833754882885002,-0.06797331423536611,-0.15305938486863432,-1.382490667398135,-0.12654424097941422,-0.15511637544430618,-1.6163542092408973,-0.17062868615094606,-0.14885177672733774,-1.8261448223330896,-0.20799722563550724,-0.013514523391075957,-0.9981136099165355,-0.0598880568802674,-0.04440694495026649,-1.4565208836171377,-0.12757412034887558,-0.06170803534818018,-1.696356509913348,-0.17781835947429608,-0.07764060189893798,-1.885664396871203,-0.21235904499790514,0.09586478714090828,-0.9032593775623943,-0.06692930934931615,0.13426811160069183,-1.2288368632714315,-0.17967369461314944,0.11625472724628014,-1.0541078759946259,-0.21431769569808942,0.08805085796444975,-0.8883208268989808,-0.2151839205553595,0.18893534124034791,-0.7482755936337999,-0.08411301998938236,0.189936084815593,-0.930138452968424,-0.19348220394947424,0.17039691690934405,-0.8565055908160628,-0.22650089024569023,0.14610043269623674,-0.7663730740869716,-0.23200580335050527,U
0.0,0.0,0.0,-0.0985904233461754,-0.21730515858072277,-0.1164196478355861,-0.11339147994710294,-0.4891447093177981,-0.16886062948034844,0.0057849023940306065,-0.6880140004246649,-0.21570202071682149,0.12683372095254594,-0.8249225232836783,-0.25287262074839917,-0.09273659350937936,-0.9919095369126918,-0.07199433457069025,-0.09151257553381913,-1.3667961704505538,-0.1360409266213062,-0.0873888800970827,-1.5918462166123306,-0.18480770904221505,-0.07525542670447195,-1.7974214808605047,-0.22333642983618487,0.029975933405562743,-0.9974309585980868,-0.06506094255824257,0.012113720132786776,-1.437660390977718,-0.13428017613811302,-0.003260434802746855,-1.677929783262043,-0.18105067702833463,-0.013010332755211238,-1.872476100801275,-0.2108841696499567,0.13594854145856272,-0.8903268843374335,-0.07236805923484771,0.19782731940151363,-1.193761885451822,-0.17653818773474947,0.16554787532804824,-1.0304997330645111,-0.19961350787899818,0.1266422249522823,-0.8842848936992173,-0.19287838648946495,0.22441079971677477,-0.7154265555857698,-0.0902483511961464,0.2466148860172987,-0.8784118864690712,-0.1830967346646782,0.22353947901891344,-0.8482102712750991,-0.2047193325210054,0.1978817943159573,-0.8162251584995714,-0.20320647242893722,U
0.0,0.0,0.0,-0.0871250078972405,-0.21436012701961454,-0.12625235840213916,-0.06833894649218476,-0.48314824057472705,-0.17636556756220553,0.08631579813912539,-0.6486782533324823,-0.21679168715798694,0.21949617618978076,-0.7800347155359921,-0.2472655902268292,-0.04425510269355719,-1.0090375434155,-0.07507038484244603,-0.017052933619452145,-1.379941839664563,-0.13489490107834828,-0.0003321647042044523,-1.6106889399719595,-0.18070485975290754,0.013839471153736077,-1.8213266205580816,-0.21886440374639038,0.08451824888470309,-0.9943663013985351,-0.06397127674559268,0.08781896574489513,-1.4206248126852048,-0.12978802165026057,0.08216781664472282,-1.6533238563157535,-0.1726197785395366,0.07392349955919006,-1.859055040180728,-0.19923620831988342,0.18442480238022654,-0.8621359361475479,-0.06824272847470178,0.26788431024784587,-1.1326357036653245,-0.17779736528651235,0.22754940343320573,-0.923032707978183,-0.19650470066664566,0.18430601680270006,-0.7724634261162615,-0.18619198214383814,0.25976747699723285,-0.662115973722868,-0.08355643533510468,0.29051690416451964,-0.7711703757906473,-0.19212025228814827,0.24338811468466992,-0.6642562886826927,-0.21470704444323574,0.2009066410377036,-0.589278125414572,-0.21093487183905957,U
0.0,0.0,0.0,-0.0873606354897853,-0.1955987760940002,-0.1497002647585475,-0.061935849705240395,-0.46568742339500163,-0.20185931360286263,0.10998864990997623,-0.6136624622004039,-0.23840702196763927,0.25493244906897267,-0.720930718437904,-0.26466313470222236,-0.024373750120209873,-1.0191510667797128,-0.0828034189605161,0.016724748918904395,-1.4156973038018712,-0.13604323320492945,0.03711338064524762,-1.658225538349292,-0.18201713688387314,0.05604578181982983,-1.8678867953596425,-0.22367553424651265,0.10076211241098594,-0.9931205946665622,-0.059653006224410256,0.11210363805418448,-1.4444782152236408,-0.12868709798092476,0.12466692596709228,-1.7148678804867497,-0.19479751855793218,0.13334983401212783,-1.92866476487202,-0.23885016000070866,0.1911056898890777,-0.8456518388701891,-0.053033462936483027,0.29925762478959217,-1.148944283713436,-0.18296255652115823,0.31565215251125955,-0.9717328753383745,-0.2519391587960162,0.3042822660339446,-0.8026736623699318,-0.2714449367103374,0.2573886096235916,-0.640965521444403,-0.0551715732335059,0.32580701592697214,-0.7906705711309081,-0.20158735847571638,0.33550305159074156,-0.7186986365528388,-0.2672079755135185,0.32274516904374767,-0.6453752099490029,-0.2884899208644663,U
0.0,0.0,0.0,-0.08675300668280582,-0.1940507569407269,-0.1346107692289124,-0.06290325320154104,-0.45705020798520063,-0.18515398874706543,0.10254801121716073,-0.5929428694565686,-0.2234066689906325,0.24930996203496766,-0.6877115492189986,-0.25287522901274684,-0.01014382565862472,-1.0202240037885724,-0.08434092077281988,0.026299675615707473,-1.4207449062483775,-0.1399094147252361,0.04877853987709436,-1.6645381642888257,-0.18309352837091883,0.07172415863599028,-1.8767996228283828,-0.22159115703600993,0.11825677935474724,-0.9904541216691559,-0.07082349190221765,0.1368294043312648,-1.4533748723643665,-0.13989610029718033,0.1536137020297974,-1.7158073191000878,-0.19519005259582212,0.1667876590798723,-1.9304813755836112,-0.23093071039344548,0.20938655266229,-0.8403987489610153,-0.07208014316094676,0.3184963452073074,-1.125134083810968,-0.20020448010830427,0.31329251763981336,-0.9227879244785994,-0.25041809805451176,0.2900391427399502,-0.7545814071831468,-0.25745392691890107,0.27235421367266743,-0.6327013517204266,-0.08135312437810356,0.331919579341791,-0.7706539851196,-0.22112893331794048,0.3204886754613977,-0.6720017031264525,-0.26942433041353053,0.29578437318590595,-0.588955514060989,-0.278998945324345,U
0.0,0.0,0.0,-0.11031642583603324,-0.17193526589449332,-0.12658955983936765,-0.12067104005645858,-0.43444632294853924,-0.18645101425735477,0.019650979716472814,-0.557825156261424,-0.23740119758201395,0.15706828551724655,-0.6561334208914118,-0.27887897416102697,-0.06688393431701371,-1.0069498106088604,-0.10204239534542987,-0.05446191941164648,-1.3844849793900638,-0.17407769587044417,-0.049315564609055555,-1.6086231799002926,-0.22662117257757838,-0.03491340250661116,-1.808820837786056,-0.2685204575483692,0.05710727439235298,-0.9934551381462569,-0.09892243275556002,0.04526081231060729,-1.459807686817812,-0.1785500875222175,0.0413530834733623,-1.70574164849851,-0.22901584054957258,0.05037968359867201,-1.9180634053287815,-0.26011442117247363,0.15568930684665028,-0.8617341242688362,-0.10892639035087297,0.22744796278385032,-1.1403836077847633,-0.23428855614680247,0.18351356358692994,-0.9076353291509278,-0.2536649842251413,0.14729269291353828,-0.7442207532502716,-0.24053378457752478,0.23707119532159293,-0.6620047534509707,-0.128845225934192,0.2675554827056756,-0.7669010566601034,-0.24908567703233186,0.22379799195662778,-0.6314182700856885,-0.2668543528646676,0.18932699398481703,-0.5323978355501626,-0.2567747405584031,U
0.0,0.0,0.0,-0.1168377495674474,-0.16340372794671787,-0.1251537790464421,-0.16251150811720513,-0.39778417397210963,-0.18773690617596966,-0.061943472140352875,-0.5619841546492839,-0.24447755631494494,0.0640624256875177,-0.688351162961318,-0.29250910652964407,-0.14342447469002634,-0.9868335182806964,-0.10534197980911295,-0.15155535570550585,-1.3894667726722691,-0.1816769094732169,-0.15467702834195404,-1.6254416435005548,-0.23492214653586535,-0.1519883044181059,-1.8472901573477414,-0.2767726615441269,-0.011403084901590414,-0.994382290292471,-0.10523226885051314,-0.04314077551809254,-1.4900416634419111,-0.18919570890351844,-0.06538046524512915,-1.7466692023705523,-0.23984363070416997,-0.08316892672621937,-1.9693153399067536,-0.2717456307038422,0.10311472859409694,-0.8810095013843822,-0.1183505000245157,0.13149686104416491,-1.172539725856405,-0.25187027896886116,0.09045447469486799,-0.9216268905807151,-0.2706098943604739,0.05758848518517444,-0.7395649650437447,-0.25491053380394924,0.2019611148138778,-0.6990742524181661,-0.1410081007624699,0.2001807880305262,-0.8415442657601488,-0.261319970706141,0.16025874901478457,-0.6891740122877985,-0.2730544334281695,0.12940011702563886,-0.5600604256007709,-0.258838981277786,U
0.0,0.0,0.0,-0.12295748099479782,-0.16246773931661365,-0.12403141569623762,-0.1883808137110285,-0.3861454732565196,-0.18522200937842884,-0.10353448372981865,-0.5682704802313993,-0.24293618685334353,0.010339386720175073,-0.733701753596116,-0.2929761426573202,-0.16415676641630197,-0.9817547383174933,-0.09188779735649123,-0.19659982263055015,-1.3937155601960254,-0.16803063781161048,-0.20798297489207873,-1.6420942974920774,-0.21984854098839368,-0.20559846604545992,-1.8609743746582221,-0.25889375357730154,-0.03303348275584605,-0.9951944751671349,-0.09217779349621141,-0.08492885396679409,-1.4887709758675403,-0.17683147136880503,-0.1125961059758322,-1.7530160352340816,-0.22518899995598649,-0.13007055992329886,-1.9689625747350412,-0.2545075290918665,0.0786127830043305,-0.8905527041439011,-0.1081161374250076,0.07776446900778179,-1.205765825725483,-0.24209750970379562,0.04534530131567645,-0.9427914728606521,-0.2607736004273735,0.024606263649011483,-0.7348513887242388,-0.24391261322965105,0.17486696815064842,-0.7215050342793373,-0.1343398559218186,0.14171892907270844,-0.8857378096297301,-0.25670242279397676,0.10612367377752474,-0.7469672128183066,-0.27427059847178215,0.08327538818984108,-0.6190325039429583,-0.26426692353260123,U
0.0,0.0,0.0,-0.1259296027900726,-0.1761433748802676,-0.1179693839841285,-0.16811030041030664,-0.4279094052371403,-0.17436982818553257,-0.05197423572049654,-0.6127460284487319,-0.2266565263321615,0.07271202592843688,-0.7401699973932307,-0.2701223740494186,-0.13714625540343534,-0.9915150949767313,-0.0767542403067533,-0.1445493009372096,-1.3959953162772276,-0.14991427805782598,-0.14333336427350352,-1.6345603358098078,-0.20664003909805842,-0.13384703036526593,-1.8445438556035492,-0.2504924098417108,-0.01388749298399145,-0.9969683119411413,-0.07655927457761529,-0.040441061392781634,-1.4463181581876063,-0.1542161986696753,-0.05743951065497718,-1.7011678773676373,-0.20916760543510726,-0.06569017667575686,-1.9206592435844012,-0.24505991751335945,0.08957180853482101,-0.8871533640160472,-0.09144505272719973,0.11987677585942655,-1.2043229202147268,-0.21043191100148276,0.09009824854631061,-0.984924592198848,-0.23188077888761813,0.06345369727244259,-0.7945117059191718,-0.21937753744216712,0.17622723258121284,-0.709067285730548,-0.11685753295127295,0.18360068127935938,-0.9085113175482983,-0.2277856764413967,0.14795375916872208,-0.7941063936979363,-0.24393415870820662,0.11559263390231198,-0.6638296186526531,-0.23360133474765776,U
0.0,0.0,0.0,-0.1113037419358194,-0.18326829742779235,-0.12436617632235468,-0.12178380770283992,-0.4447937709627723,-0.1818854574405575,0.01709013347592373,-0.5853991192526984,-0.23292617694639367,0.15148074078567425,-0.6900580305975382,-0.2748310796712327,-0.07271101427764141,-1.0076595361576994,-0.08607314378223141,-0.05616037917316472,-1.3938393152240176,-0.1609884515276511,-0.04270229317494483,-1.6360792041181493,-0.21815434369637524,-0.02633409583144198,-1.849245735969171,-0.2629151081331796,0.05345776720151523,-0.9950726780490341,-0.08350229054434286,0.05048082488913992,-1.4481367811894834,-0.16850166362879032,0.04913827699376075,-1.7127495489764528,-0.22823867851510904,0.04874052494767892,-1.939983325701147,-0.2653458487664207,0.15345737442931262,-0.8649317657031795,-0.0952402623153306,0.2131932103419175,-1.1667449942471875,-0.2246687292671606,0.17724084484329897,-0.9453569060452779,-0.2514120637171534,0.1394907802258377,-0.7713786520027327,-0.24034719330311166,0.23319291620371216,-0.6684654301934742,-0.11686170546917939,0.26237002293363876,-0.8246122120888414,-0.23886481912527266,0.2268331951416992,-0.7002742757323677,-0.2598518986299154,0.19023219199069655,-0.5901656762927359,-0.2505442716938506,U
0.0,0.0,0.0,-0.11539715263976091,-0.16815697923258166,-0.14017477578120002,-0.11978190162708396,-0.4281109465804504,-0.20429103350169805,0.03091804706685569,-0.5472157658576683,-0.2582124928504233,0.17302524404624836,-0.646936966963502,-0.30234642780492843,-0.07232125897753716,-1.0044062780139735,-0.10645945883467514,-0.0573560303203228,-1.3927888303417513,-0.1854211675825734,-0.04303504445105281,-1.6358224136506747,-0.24360314292141264,-0.02257145857256761,-1.8497402544679677,-0.29026043443803345,0.058577768819134846,-0.9933393456463472,-0.09922494339156208,0.04891305904673595,-1.4578036872741638,-0.1922720542001881,0.04970761625225707,-1.7181407828444528,-0.2562907110072307,0.058411702091368,-1.9490864704947846,-0.2958633843290835,0.15979837626441976,-0.861477824998229,-0.10671420739772303,0.22668188436667175,-1.146716119119371,-0.24720169477461842,0.19181000744210022,-0.8999257433242622,-0.2759702857183729,0.15747451002891713,-0.7240861755201515,-0.2645668145881258,0.24049479148523384,-0.6633626216671548,-0.12482844634403156,0.2740282560202632,-0.7948161841801801,-0.2584761771784148,0.23778085533129492,-0.6487954725776258,-0.283649904044972,0.20116260788208845,-0.5414544251527151,-0.2759597063066563,U
0.0,0.0,0.0,-0.1218943227585914,-0.16460014486480426,-0.1441844424258185,-0.1334355709825656,-0.41985528613076545,-0.21067490030056843,0.01257470119355558,-0.5479684808793929,-0.2659823044569307,0.15374635243950538,-0.6502274641890633,-0.3118438323380093,-0.09502214279134363,-0.9903360088616132,-0.11366285663100585,-0.0834982478205399,-1.3765334590892357,-0.19370448659237638,-0.07160112442000877,-1.61974037016552,-0.2507306136745287,-0.05372540484257089,-1.8363940006732042,-0.2966079763991253,0.03856586984599616,-0.9937511290855567,-0.10474429399352886,0.027430153799958987,-1.458813775510336,-0.1990481539330891,0.024636813985768797,-1.721766285936455,-0.26111111280542404,0.02867264672696282,-1.9566963626832516,-0.2992527790405046,0.14225743094816823,-0.8736954502436554,-0.11064038713168436,0.20494592453983662,-1.160813033142433,-0.2542645869968694,0.17102618800038275,-0.9070852451285965,-0.28294205592591515,0.1382571056326922,-0.7232024323139199,-0.2709042210023202,0.22357450833174608,-0.6852460621138948,-0.12725070415076933,0.24606138773625966,-0.81929433641994,-0.2649377554168124,0.21155671307839893,-0.6509306714021549,-0.2914528588284376,0.1793496091403051,-0.5199766156229628,-0.28418514954245183,U
0.0,0.0,0.0,-0.15345979960628045,-0.17333503161627872,-0.11004759489947755,-0.2012964503415768,-0.44413318815734154,-0.16072919526350438,-0.05380444954036262,-0.5960219828508521,-0.20598704143448895,0.10902976080968897,-0.6469748340452641,-0.2437236033977807,-0.15389721225985023,-0.9794432372956551,-0.08349719808219401,-0.23841076811794548,-1.3525257084095195,-0.15830751924412875,-0.2899428712666231,-1.5824501324179554,-0.21703545610062344,-0.32289514817051784,-1.7730681257235255,-0.25964192289105814,-0.003865569802506917,-0.9964118857877559,-0.08454827751639975,0.02460934309999367,-1.4691701300314042,-0.14207325944142962,0.03982138367034442,-1.7347307806225654,-0.18591090314444067,0.052398400143433575,-1.9445960528315722,-0.21800987189776896,0.1124617332562714,-0.879169809011199,-0.09935083986428589,0.196885068546519,-1.1143683209410766,-0.1994845398858978,0.16064378064310386,-0.8822709727090067,-0.22089921644211477,0.12503874972936055,-0.6931666426368904,-0.21305015328083612,0.19772578060412413,-0.6860652515726241,-0.1233031452265875,0.2154056454631631,-0.8330823600316353,-0.21755500986820378,0.17564351112095744,-0.6860820837681181,-0.2235622100375555,0.13741579971998144,-0.5433080351492251,-0.20971415240222846,V
0.0,0.0,0.0,-0.15466264925774906,-0.18217096964431606,-0.10666477649767665,-0.19641812933138322,-0.4426938894341923,-0.1559946741096624,-0.047767468337187785,-0.6034896626679221,-0.2003162599744506,0.11445793486113022,-0.6487976189269431,-0.2351349063329191,-0.1462007483498436,-0.9830142493246861,-0.0872299942107891,-0.22899517933020802,-1.3721037575462864,-0.1682064967002622,-0.2840010778797872,-1.6117463088829438,-0.23330344292604607,-0.3191062073411715,-1.8082746031452512,-0.2808196689389215,0.004130727793765376,-0.9960050259717307,-0.08920159935195061,0.03716352234085377,-1.4843954201765026,-0.1470077470255132,0.055497983811570915,-1.7591047032392844,-0.19366226671990489,0.07207597745209457,-1.9740955657021495,-0.23083651699944177,0.11929079267107703,-0.8759092522078831,-0.10410925579648826,0.20458221923307632,-1.1226626984219614,-0.19047519755384432,0.16327699831695433,-0.8898156319945184,-0.20095213675546256,0.12531672296945717,-0.7048352280536847,-0.19067697136729164,0.2031594460069274,-0.6748061420588933,-0.13013768489722005,0.21689715002795665,-0.8176340607704591,-0.2117448001924658,0.18088578830284854,-0.6728026030869381,-0.21215813295650815,0.1451212691615542,-0.5340738711723171,-0.197134019095041,V
0.0,0.0,0.0,-0.1514861135113205,-0.16779763242360995,-0.12313155755986656,-0.19917057315055217,-0.4271981439374404,-0.17834507333119035,-0.04663658748746057,-0.5688183733798641,-0.2261946395959475,0.11259935199668406,-0.6315003462729782,-0.2651360800198322,-0.14249942864273346,-0.9861024735829701,-0.09524334523134848,-0.22283363075515158,-1.3785275131156347,-0.1801114603019062,-0.2815852271608996,-1.610219783372973,-0.24589352620861274,-0.32445828515357616,-1.799752603192092,-0.2894894071419645,0.01038765181861339,-0.9960028226257108,-0.08871569202408348,0.04756851125040576,-1.4594891603479,-0.15267711287728636,0.06569275083996946,-1.72742100823483,-0.20201549183252135,0.08180272954097297,-1.9497397185860619,-0.23673289022617935,0.12563076402744394,-0.8774857661465678,-0.09759467384940827,0.20493033218996481,-1.1005104378494504,-0.20162907328472165,0.1570819927413296,-0.8652198873758907,-0.2273252219788225,0.11288374509211137,-0.6781476612688538,-0.21967317039785522,0.20681654771212474,-0.6829193483097875,-0.11710416715692502,0.22340698184320407,-0.8031909230269318,-0.2078001010310549,0.18556786423547883,-0.6559090798348498,-0.21536573340194498,0.14942506242648212,-0.5149936705197773,-0.20215591948257083,V
0.0,0.0,0.0,-0.14765806008024737,-0.1672485368197603,-0.12111841200178056,-0.19047066910854332,-0.4328641666289434,-0.17336428205054935,-0.03452137243664335,-0.5694285262869451,-0.21884146350273295,0.12199009580266613,-0.6351685699179607,-0.25474623059095713,-0.13482725405200707,-0.9880936638355712,-0.08752566906635671,-0.21405170188951436,-1.3782287077706845,-0.1738015502347539,-0.2711155189571688,-1.6099271067429062,-0.23971888889399012,-0.3142641151086825,-1.8013603642132405,-0.2828761059169976,0.018371530883301755,-0.9964824523941269,-0.08176312691911014,0.05955093849360699,-1.452303999810979,-0.15063633271270768,0.07834398461994622,-1.727456695575184,-0.20206253937445043,0.0960231234032747,-1.9543675616228524,-0.2362220195361999,0.1316463793358454,-0.878354733885709,-0.09206557171097085,0.21674504363619945,-1.1036469178779025,-0.20089992694331288,0.1674867451110355,-0.8779441081645584,-0.227358345734109,0.12450217238294276,-0.6938726212198245,-0.21767500854499208,0.21027144973949638,-0.6862547200648431,-0.11268886572100627,0.22703178511362043,-0.8013102322109288,-0.20557591316385046,0.18611281856844278,-0.6605200574657049,-0.21440184229502618,0.15193786904682538,-0.5247581194517417,-0.2006414567682143,V
0.0,0.0,0.0,-0.1447876550235969,-0.15070372738959037,-0.11642366698128212,-0.18422942895018848,-0.413454328237113,-0.16595222691854838,-0.028285836402783333,-0.5553334034188573,-0.2090790965225725,0.1300514886378813,-0.6148193538014314,-0.24204251708941332,-0.13498208073149032,-0.9895133572364739,-0.08999109728147515,-0.2093908553034532,-1.3856107888260423,-0.17656744937616048,-0.26263527868798825,-1.6188797126164796,-0.24028442393002997,-0.30331482859962144,-1.8145148677996654,-0.2828307228104497,0.023745653121985275,-0.9958777274044517,-0.08754253833168804,0.06610990936420727,-1.44693984257651,-0.1595214496473407,0.08665297951034924,-1.7231250191909724,-0.2097047648199276,0.1033589668938028,-1.9572979456410797,-0.24194198055260585,0.13797293586897902,-0.8727378194188209,-0.10033930250322372,0.23253892996239683,-1.0846992649147404,-0.21412563752658292,0.18188993889560326,-0.8286498843375509,-0.2335013699385352,0.13735575719700469,-0.6364545658220568,-0.21654399848004927,0.21539740770370583,-0.6715466887314288,-0.12288672192214209,0.24094308931581424,-0.7748851437786741,-0.22355635782285133,0.199358283242777,-0.6176023555604708,-0.23043121657202872,0.16301653305924124,-0.4821113531249485,-0.21245385081045776,V
0.0,0.0,0.0,-0.14371897866014005,-0.16333895684889857,-0.12153808834814173,-0.17453716471172523,-0.4249207758402895,-0.17451107387347667,-0.009167520726720613,-0.5376772442104093,-0.22077822534055488,0.15101276486005277,-0.5900344698086945,-0.2581445317562475,-0.11092580560821987,-0.9959775103212615,-0.09174217314617118,-0.1804199559743125,-1.3851106106687254,-0.18076186375574557,-0.23063644720468482,-1.621789282318144,-0.24745134597463234,-0.26906525626087224,-1.8206711272210847,-0.291612364246196,0.04662191566684868,-0.9949936249270548,-0.08839730388463526,0.09881722751013945,-1.4437418815197305,-0.16172724438248368,0.12358800246467233,-1.7149738054101094,-0.21502356412207047,0.1439492209217685,-1.9452367008945322,-0.24896215578076608,0.15936079452040922,-0.8631622278748915,-0.10092408401424356,0.25892332141809227,-1.0580053619211869,-0.21716663812119227,0.20491471082283833,-0.8161346257940667,-0.24419849750926267,0.1555159066058497,-0.6297231843650956,-0.2324473051254399,0.23453117208282892,-0.6562035250252164,-0.12329068353614597,0.26243784213060894,-0.742453493966999,-0.22447857760422066,0.21436501685424267,-0.59111712710358,-0.23451773780377125,0.1710618821515331,-0.45963165721041577,-0.21936776598145802,V
0.0,0.0,0.0,-0.14215155021852166,-0.1509834132009191,-0.11131282498204326,-0.18148162430227674,-0.4564400060421548,-0.1601235699552876,-0.03898741784475085,-0.5607517433692177,-0.20410022798624763,0.11481760470238223,-0.5950200760146126,-0.241513089059484,-0.12340771219599607,-0.9899088185922126,-0.09233287468942647,-0.20174551971179472,-1.376787802286528,-0.1802221472732109,-0.2512654409240931,-1.6198574838392341,-0.24257576357145508,-0.2859669470363188,-1.8188661553495753,-0.28186382389204506,0.028461460610886533,-0.995143242522561,-0.09423307339558755,0.07442592831820762,-1.4968215468906954,-0.16164493939062596,0.09436229131481709,-1.7634802211708718,-0.20349899946675637,0.11472099279836787,-1.97784059194772,-0.22736201278588433,0.14837782626625126,-0.8673110211429538,-0.10987572290982955,0.23616847654936216,-1.0851074349172476,-0.2321934826855,0.17178905760491017,-0.8235085833810757,-0.2575951054730717,0.12427338194341452,-0.634381977851793,-0.24351668564013706,0.23748312077595016,-0.665893485301563,-0.13294158221048852,0.23749892178828896,-0.6977745107113131,-0.24135033863239436,0.17805596482722527,-0.51678362070653,-0.24826703427104907,0.13911956167945397,-0.3796655958329063,-0.22956495606684743,V
0.0,0.0,0.0,-0.1643250600486588,-0.1682419041744674,-0.0848697109487944,-0.2443927666571726,-0.41769310319714803,-0.12786937299785198,-0.12988939714286468,-0.6270330835975149,-0.17164060088196004,0.01847299377869735,-0.6628188162832371,-0.20536641169342473,-0.1914690417275945,-0.9685465372168667,-0.06387705217441059,-0.28081676321686394,-1.3765078030798399,-0.13571746885321342,-0.333066015504429,-1.6035546582008788,-0.1990692346422855,-0.3644117885707373,-1.7959968386820546,-0.24984312019404323,-0.04451699356630725,-0.996307642246814,-0.07341198324804779,-0.024099746373070656,-1.481964603062645,-0.13196789349282573,-0.006350703056073921,-1.758209615740382,-0.18305888688894437,0.01046613315817381,-1.978112660845674,-0.2268656347873565,0.06830345538108373,-0.8916739732642649,-0.09329371035226021,0.1171182722847935,-1.1773685748047773,-0.1645806079795077,0.07236558437742933,-0.9347437406047121,-0.15974249247359693,0.04051333835686508,-0.739710046867812,-0.14432863357146594,0.1553412373884871,-0.69340960280095,-0.12442871071793946,0.1581776658516645,-0.9001056684365599,-0.19064151737424373,0.11747473748572407,-0.7506707333236806,-0.1791282676883364,0.08529166477079461,-0.5919506106488965,-0.1594592038434883,V
0.0,0.0,0.0,-0.1424286545489826,-0.14869377423288097,-0.10334241349553028,-0.20130048769201142,-0.44699626932685826,-0.14790034259861,-0.07260395908407778,-0.6035975377356717,-0.18989121228812017,0.0754260258994717,-0.6619333118022189,-0.2252324270980524,-0.1392419679139286,-0.9841505640990814,-0.06656331419879023,-0.21432262410844277,-1.3483696416654392,-0.1398355353529686,-0.2619729992115106,-1.565092075661477,-0.19310712795763063,-0.29624975345087234,-1.7390937492218637,-0.22834103753259227,0.007256160883173216,-0.9973405162213315,-0.07252063728764131,0.04606937450614426,-1.450526829784748,-0.1335518025066924,0.06448607247804332,-1.7023444876029126,-0.17054653139709322,0.08123525757282614,-1.8984029425894817,-0.19039046967472928,0.12123790181247714,-0.8744679399627012,-0.09360368138603715,0.1822417417767979,-1.0675522522277263,-0.20229229187896047,0.1272869672678316,-0.8533376552335555,-0.22258361131498144,0.08804889228977837,-0.690635232823722,-0.20860104987435,0.206466539062363,-0.6767119645672736,-0.12260969760185608,0.1958506669837505,-0.7700725296833298,-0.2170053668635615,0.14394579005948127,-0.6324369272233447,-0.21963030401170366,0.11502804128137196,-0.5183920006234288,-0.20166595542632232,V
0.0,0.0,0.0,-0.13304516932754393,-0.19921201699783425,-0.11459158236898924,-0.13267847582115688,-0.5027496187079098,-0.16184904773647865,0.03807667975380841,-0.621963472637516,-0.20172543672381563,0.19527979445127566,-0.6543094299072095,-0.23620143043527067,-0.07856099493925407,-1.0038368779790452,-0.09352162525866921,-0.1362575256644883,-1.3910806064652905,-0.17599291514884008,-0.17582429117343082,-1.6394188299233792,-0.23703861292402623,-0.2047546138241905,-1.8362361494994965,-0.2778268110744558,0.07516004670995935,-0.9931085869062938,-0.08992386775234508,0.13419373824424385,-1.4435436538984783,-0.15680023705224588,0.16500508435529407,-1.709670825086312,-0.2013434303250568,0.1849680839862251,-1.9140990746962991,-0.228487171160011,0.19113100593686358,-0.8607445863172514,-0.10045981520126601,0.3029750896751665,-1.0795293645927477,-0.21684772656656148,0.26400160768418646,-0.8748290670984926,-0.25087757748323436,0.22495376127582722,-0.6988553477384157,-0.24600586309469988,0.27376759055962985,-0.6640873017647417,-0.11842034454567917,0.3022666462130494,-0.7732067105490384,-0.22589802477388513,0.24891868552477886,-0.6692051588780419,-0.24297271567894754,0.20421448104968395,-0.5675793055691498,-0.23348096616242092,V
0.0,0.0,0.0,-0.12513113138706677,-0.18212280535505854,-0.14483036494807958,-0.11917347346262157,-0.4486073919116246,-0.20085684415904798,0.0693578888312313,-0.5578272287690362,-0.24351458206672957,0.23094412380151946,-0.6035970980598708,-0.27513553917425815,-0.04572550325627927,-1.0200489221475753,-0.10650974258225832,-0.097444157264648,-1.4455105538316861,-0.19483781808483133,-0.13677091081082413,-1.6998146791065323,-0.2605314956904118,-0.1648128132096855,-1.9041129128122904,-0.30204861787549275,0.11345305707032485,-0.9894125407490073,-0.09050540342980469,0.18652905310273749,-1.4243439857562301,-0.16050075482891735,0.23085679276507898,-1.7027090958503774,-0.20822782297770598,0.2663967885092355,-1.9340129347899624,-0.23655163941916776,0.21962167827755522,-0.8443988877286936,-0.09402750470102048,0.3482722037320845,-1.0397308626035429,-0.21511452609746615,0.30170397932469906,-0.8197166616728956,-0.24882143112770103,0.24784664894531858,-0.6435965807931727,-0.23788605006705138,0.2864446319975622,-0.6331427755247128,-0.10882816706662556,0.3582716074045199,-0.7484827900963091,-0.21692016532750666,0.31803464963362454,-0.6285329110289694,-0.2324978535466683,0.2602752097623806,-0.5127142102950655,-0.21811800447822952,V
0.0,0.0,0.0,-0.13626501979332656,-0.15187211658921196,-0.10959204758094607,-0.1702335345447357,-0.46096229262224503,-0.1560512939978039,-0.028927000672911242,-0.5665826874682591,-0.19624191835058735,0.12357614880296677,-0.5933876050494178,-0.22948738462920176,-0.10326691696006775,-0.9947319930926004,-0.09614796484398926,-0.17416242532115164,-1.386810706882028,-0.18957339456064887,-0.22822058789721963,-1.6415739649269867,-0.2572417741048175,-0.2743720385629335,-1.8516305435524791,-0.2989261000613709,0.044591464094857196,-0.9938852327675973,-0.10101359025584589,0.10478930187686794,-1.4970874398887049,-0.1700472744095843,0.13076601892380796,-1.7820755582621337,-0.2133590469557704,0.15115262340101554,-2.0084618603428797,-0.23776351471294266,0.159328090723376,-0.8622264155961915,-0.1197799114392957,0.253909748705125,-1.0709835678305393,-0.2395522145497792,0.19323490019633346,-0.834443855009564,-0.262964305961071,0.14492448789354245,-0.6652528022199202,-0.247938980269494,0.24317423543575142,-0.652345311356296,-0.1461366899162695,0.25617500732578496,-0.7300973367128356,-0.24850446636257043,0.1972426098245217,-0.5649453282630938,-0.24597233542556,0.1520186666255347,-0.43711055110198493,-0.22139389975931545,V
0.0,0.0,0.0,-0.14214689536985364,-0.15343687382533697,-0.0895533374371789,-0.21315323556195442,-0.44384773296221003,-0.13700637123238008,-0.100335253571369,-0.6063862441904728,-0.18575961270108599,0.04042148804198588,-0.6637041253532016,-0.22795597453086558,-0.1495382713771433,-0.9819851671128759,-0.07473298287786255,-0.23300039902418723,-1.3624253813151788,-0.15701661937266234,-0.28578754474972945,-1.6027684176931067,-0.21874293011772353,-0.320237445601625,-1.802078283681118,-0.2611349966226357,-0.004111436065952199,-0.9958891538564337,-0.09048695665449186,0.03345602418807032,-1.4890596694565055,-0.15858458349336443,0.052335027361466,-1.7784636712831308,-0.20407495273389462,0.06941657838212306,-1.9994519515503835,-0.2335258658206956,0.11267739914065054,-0.8744926790055373,-0.1178457354844497,0.1786759039100716,-1.1273483237812394,-0.22451604199942368,0.1185015457808092,-0.8944076847141672,-0.23355758268318091,0.0736808431908616,-0.6979909109123155,-0.21378839494367982,0.20203396485282057,-0.6729429167560638,-0.15303197421982104,0.20485076512651545,-0.8174189809462669,-0.24246215305539445,0.15173640914398198,-0.6707393907963705,-0.23238580381095597,0.1168868023494145,-0.528209933733837,-0.2060283410247306,V
0.0,0.0,0.0,-0.1315765679804428,-0.1533540414415218,-0.09975422417656196,-0.20640407790101453,-0.42398633949790915,-0.15404366670354092,-0.09976714538771576,-0.5571137532569794,-0.20640213385847728,0.04666401292438984,-0.5985849278435176,-0.2524000039500538,-0.14635446408434657,-0.9816089294582899,-0.10147584981011125,-0.23526347668817668,-1.3757680971732442,-0.19633228315233373,-0.29213101749734216,-1.6243943139742707,-0.26573524352851097,-0.3320980511234394,-1.8279410402615959,-0.31052399654900087,-0.005037974993338231,-0.9936137884360727,-0.11272203971576207,0.029469511201578622,-1.5233071429357024,-0.18722555032359134,0.04925047659259696,-1.8066795321340625,-0.23396301579263581,0.06675814641209092,-2.037979490462025,-0.26245598148158467,0.11386683836858366,-0.8679933138485836,-0.1353176003030312,0.18841338193553814,-1.0796947013912883,-0.25386048205086104,0.13348925319260013,-0.808114295525713,-0.27070343783625594,0.08846826660904819,-0.6132937499794717,-0.25289974550465033,0.20855717001941654,-0.6637192214717104,-0.16571490886325732,0.21615604393837556,-0.7160959711048185,-0.26539331509641856,0.16493659053696477,-0.5370451845118647,-0.2618699896476132,0.12592110612771126,-0.3983847246866783,-0.23778893930032377,V
0.0,0.0,0.0,-0.12612245656470167,-0.19160680498624402,-0.1477551375374902,-0.10461616934053657,-0.45620328997414505,-0.2152950050875437,0.10880214782001878,-0.4927393010340274,-0.27152034448070733,0.2859419001109483,-0.49494093612404955,-0.31848883505538084,0.012027540375203412,-1.0544754517685069,-0.11987687443966893,-0.01515094973182028,-1.5146842791608488,-0.21024784940562202,-0.027928718294227352,-1.8000581711422576,-0.2736694356419678,-0.029886885022684065,-2.029139534849408,-0.31318329603332445,0.18000241160687194,-0.9780319773684428,-0.10513126585599505,0.31663517877794034,-1.3798615137341113,-0.18415097321305532,0.4164854168194829,-1.6383044502474993,-0.24069877158378544,0.4947566829276665,-1.8545028304635494,-0.2733367950869115,0.27789575363165697,-0.7975756675426191,-0.10851121602078279,0.42947590252033496,-0.9203401413710328,-0.24189301820647968,0.39108770208770854,-0.7088352618871226,-0.29005049783419207,0.3321116848470939,-0.5392892827105716,-0.28464435021335205,0.33556776652655956,-0.5721008377801188,-0.12128973112631314,0.42699979370328706,-0.6181931091026136,-0.23503520954048138,0.38904744738348396,-0.5171918604039418,-0.2571086789315814,0.3239438041870199,-0.4289017949746394,-0.24583271687476202,V
0.0,0.0,0.0,-0.11387029697220545,-0.18152608908179646,-0.10737850465889989,-0.13438269038217743,-0.47769134171771505,-0.14110730337613378,-0.024068729814503757,-0.7540161051986038,-0.16991163448141602,0.10220854068189063,-0.9313228878190757,-0.19531803054457647,-0.19652687054518542,-0.9574094325626765,-0.04183728451590087,-0.28949771311112255,-1.3135604681969197,-0.0915913248920419,-0.3466153557329536,-1.518978968065036,-0.13856317549098146,-0.3757613378016589,-1.6958558580922012,-0.17689467930152136,-0.057600614862966686,-0.9977591618812726,-0.034041504804996806,-0.08916539969535713,-1.4832006577230648,-0.07504074745500208,-0.10339915397056608,-1.7361335882845343,-0.11743405142658737,-0.11556937124379571,-1.931390226069301,-0.1501563815182896,0.06979343040210365,-0.9054878144763273,-0.04046981023481555,0.12962522986761793,-1.2475585538271043,-0.13455094863345443,0.12577853202323042,-1.070100678149694,-0.16922223956281734,0.1086314408397132,-0.9048679387870787,-0.1742050586564323,0.17716698869648703,-0.736971494523271,-0.054111131918400286,0.20526057477729887,-0.9768972836613385,-0.1515707767628177,0.19226972512699275,-0.8575482210592758,-0.16794443572639337,0.16665459072104008,-0.7250661499481179,-0.16294097272271627,V
0.0,0.0,0.0,-0.10451862962348435,-0.17777910139865577,-0.12958432283906698,-0.11951448248027091,-0.47565368911549194,-0.1740013866644928,-0.006864574220372511,-0.7305912606825192,-0.20978011008837721,0.12252344156613577,-0.9359045956344891,-0.23883987290573774,-0.16894269652387564,-0.9596046579639436,-0.06949585990111763,-0.27153793350288663,-1.3226810958344386,-0.13274363369697878,-0.3384956615166627,-1.5086124152175528,-0.18679386193461758,-0.38244760534337563,-1.6666505047549756,-0.22443886782329373,-0.03461249003626122,-0.9979062574755634,-0.05463585658342325,-0.06234526897404547,-1.4922761918046163,-0.0963164054193878,-0.07690114324059573,-1.7289435514995608,-0.1324138231976965,-0.08987243865091081,-1.8980012882970303,-0.1624977692622187,0.08767229341842758,-0.9062474149270245,-0.05841548774336278,0.15608290944893008,-1.244167875075718,-0.1485515169937442,0.14313103969884908,-1.0810808798465525,-0.17859943413486148,0.12214350592571384,-0.9216880397187805,-0.18380437581173084,0.1951895385944054,-0.7504193095928529,-0.07270256810859403,0.22587854982599065,-1.004529146208868,-0.15713288124004554,0.20644002324554514,-0.9367174459886987,-0.16997188664276017,0.17515613270445463,-0.8426399826003689,-0.16819670926305966,V
0.0,0.0,0.0,-0.1117304710932373,-0.1838531823023396,-0.12116563904954546,-0.12130446359892703,-0.48425106202025103,-0.16191258856387936,0.011880804080617686,-0.7101664577180606,-0.19492306782198432,0.14539932783997114,-0.8847301892500194,-0.2211655164311587,-0.1617611021631146,-0.9666534771210232,-0.06244521595718632,-0.25867316929382195,-1.34228928792451,-0.12262074588789701,-0.31903323993486243,-1.552504425115768,-0.17268334574635225,-0.3603390069962538,-1.7241323054858735,-0.20787185583789985,-0.027766426913419698,-0.9982253686999051,-0.05267958637271321,-0.04342071906413558,-1.4920661617063766,-0.09619640697223217,-0.05350858545001016,-1.7430247275514927,-0.13311988156585375,-0.062477021180994956,-1.9230463392960613,-0.16163129445153704,0.09121598626435125,-0.8974461320673692,-0.060161215810884704,0.17507535705778215,-1.2168121284477378,-0.15807616218523032,0.15880826343497417,-1.0403972518247875,-0.19172831240997226,0.13422675538323486,-0.8762266632375685,-0.19547809907784267,0.19234072001710864,-0.7307311557943541,-0.07644950876101465,0.23648865680862297,-0.9574397209474806,-0.1698458757013878,0.21240928123095829,-0.8637607873886508,-0.18483129804312098,0.17777313247446475,-0.7517572661490635,-0.1812425185292511,V
0.0,0.0,0.0,-0.1022025995459557,-0.18692741052636863,-0.12026917595327218,-0.1041787645163718,-0.47527625011673874,-0.1626940045579738,0.04537151494773731,-0.6862054530205546,-0.19695875656828568,0.18241536186922688,-0.8376975985284143,-0.22379895600057934,-0.1332302039450005,-0.9864411075870435,-0.0538453510792754,-0.2232092128218537,-1.3392281857499153,-0.11441142257827147,-0.28013300393924767,-1.5511622477878517,-0.16673893228044237,-0.3237346445624556,-1.7220397489783392,-0.2041793796584123,0.00544507887962218,-0.9990568990262777,-0.04307741431414525,-0.003271322266459153,-1.4701004627581358,-0.093198732548589,-0.013127541366801363,-1.7206177105079286,-0.1406451073175437,-0.023313079871721782,-1.8999561106951341,-0.1725942312938429,0.12138588981279333,-0.874369861793403,-0.04852637667731199,0.2041690832924025,-1.1663429546347615,-0.14995824454508125,0.19963715119951264,-1.028984203799611,-0.1942277356004133,0.1823174359481674,-0.8869506086771312,-0.20271634713570524,0.2089363855559607,-0.6841450319911558,-0.06195347054732255,0.2539524840897004,-0.8741116256716244,-0.15997186900045135,0.24233633238270286,-0.8247646662889977,-0.18502375532834606,0.2210004116531846,-0.7628106144702766,-0.18613042386707063,V
0.0,0.0,0.0,-0.10178411063541107,-0.1877622254450342,-0.12760513649131985,-0.10054058678964445,-0.47756202667913705,-0.16877206493779767,0.0530504339088916,-0.6887957330615238,-0.19815675687280168,0.19471491894066853,-0.8340287339879023,-0.21968656116383778,-0.13174718612253322,-0.9901209822467077,-0.06604656373676265,-0.2173092737119172,-1.3652830868481807,-0.12579126065971138,-0.2673393955800219,-1.5968426222159835,-0.1753795672538878,-0.3035238884751029,-1.7876675727020421,-0.2127716753762509,0.012640340130456153,-0.9985618023238062,-0.05210133147260307,0.008317759073424563,-1.4845666747755755,-0.10396994612077493,0.003808814027290093,-1.7501960035072193,-0.15171819318599486,-0.0022325696901088123,-1.9459841612628506,-0.18406646186109504,0.13051201827084322,-0.8690669364228356,-0.0543082476278668,0.2235170176750234,-1.1444754369495171,-0.16287755997234032,0.22179112508028806,-0.9915931564758438,-0.21063420259600277,0.20433874520946355,-0.8490290094151505,-0.22001212841789894,0.21682969029430732,-0.6705158565651718,-0.06415336135153853,0.26669699688388876,-0.8464457411857651,-0.1726109162316738,0.25557491555596096,-0.7663732884927812,-0.20068387535411147,0.2296761449453202,-0.6874321867553838,-0.20176823966876334,V
0.0,0.0,0.0,-0.09766253285905112,-0.19030207530335125,-0.11708715933229204,-0.09603667340959363,-0.47698700807280137,-0.15940945197161283,0.05700374441733657,-0.6706854762091294,-0.19404091333748832,0.19510879294932604,-0.8077271221169429,-0.22119706268862147,-0.11499191130096845,-0.9910334253672637,-0.06079303302642833,-0.19960820150747208,-1.3638918614872273,-0.12343294436949245,-0.248613790185778,-1.5912832403710635,-0.17410480524159203,-0.2833967993429141,-1.7780046358063828,-0.21183139381095814,0.02737117652162502,-0.998181990809839,-0.05369852808716874,0.024439807048132815,-1.4762653714169598,-0.1113818501684665,0.022350154459718403,-1.7379867922596193,-0.15910878607463386,0.01888954411519365,-1.9353354477237965,-0.1900141708838555,0.14285739043063828,-0.8667452296263963,-0.061738253746719464,0.23415476227917711,-1.1387467422649864,-0.17225885933972235,0.22334309219321147,-0.9631822167957157,-0.21004399102845217,0.20070654239463584,-0.8114915969318187,-0.21135302255874755,0.22974540586366143,-0.6643901917245927,-0.07728789521779428,0.287864222167339,-0.8317365980244732,-0.18356790758505215,0.2691119706630408,-0.7407182401916251,-0.2042190044739127,0.23944889329824137,-0.6590812980591955,-0.19958405636912321,V
0.0,0.0,0.0,-0.11226143534325482,-0.17172515092968124,-0.12368969064808177,-0.11323874831079961,-0.45176985098027067,-0.1682149088442658,0.04308691433288862,-0.6435614479269772,-0.20278987012461883,0.18831051759180883,-0.7734915632016818,-0.2297915453766247,-0.1279627300440307,-0.9843610061286983,-0.0727547513681044,-0.21835399664256205,-1.372045086697124,-0.1391340358326134,-0.27099786873917187,-1.599223853833723,-0.19089208769900542,-0.3098322570764495,-1.7909407352899405,-0.2279352825687921,0.01370961773427802,-0.9978971465172434,-0.06335085914431955,0.004764124674328245,-1.4720085240656504,-0.12559155413550566,0.0033637919839496246,-1.7357454948186055,-0.17529944637468972,-0.002583511984754949,-1.936641585277928,-0.2052510799672044,0.12922933550184293,-0.8782497966281524,-0.06973919460588655,0.2071142840881248,-1.140853766470327,-0.19127656882832558,0.19899053873801872,-0.9369926120140649,-0.2372723571833692,0.18216250008872023,-0.7652299193108375,-0.23850227966637652,0.2160136473871159,-0.6947210704276346,-0.08300715208393802,0.25470915569937963,-0.8538297317351172,-0.20268345575916263,0.2425122506050498,-0.742653572629736,-0.23101214375901272,0.22209075265128397,-0.6388535132274338,-0.22695116055408457,V
0.0,0.0,0.0,-0.1050247468661833,-0.18588974559934882,-0.12544423157976065,-0.10141266039102911,-0.45982645390969495,-0.17440921809614468,0.05450394537454871,-0.63723958857316,-0.21473728304530398,0.19797605832267615,-0.7614472403204652,-0.24759948694469178,-0.10238847460218188,-0.9938267113055526,-0.06839867859116983,-0.18065154057437774,-1.365384188078399,-0.13705499286071185,-0.23021727463794125,-1.5923320558651906,-0.19399199039342943,-0.26771195797952485,-1.781138036065758,-0.2352144026598302,0.03586260307249038,-0.9975914177941813,-0.05937370499017302,0.033406136261863645,-1.4569886279159792,-0.12499173708668576,0.032953999471945356,-1.7199600651957225,-0.1806312856532916,0.029978386146734166,-1.917175288904351,-0.21619645855108494,0.14728999797270118,-0.8691831386447608,-0.06654677482805943,0.2293511560614733,-1.1435633988692673,-0.18420891339102846,0.21848747272733957,-0.9659981211298698,-0.2293593981585281,0.19595575089430708,-0.7928738473138099,-0.23279855006177358,0.23098585948704814,-0.6762072935135439,-0.08177560665988845,0.2774763002790999,-0.8662025174753575,-0.19232388643560885,0.26225460015395524,-0.7777108105063446,-0.21748161147118925,0.2355193892935548,-0.6725143661250025,-0.21417096442694544,V
0.0,0.0,0.0,-0.10516379002005277,-0.18204456359867033,-0.1211448574686505,-0.10282808829815211,-0.45277093956356496,-0.16977775412736215,0.0499405829995488,-0.6282036412558628,-0.21089163497781768,0.18870600970162932,-0.7545725420401767,-0.24450653185664892,-0.10360236459869644,-0.9909766417736144,-0.06972500267153696,-0.17942971238540964,-1.3652960853003455,-0.14077228044659898,-0.2264705734268854,-1.5942924729336403,-0.19841469863067063,-0.2632641927641744,-1.784639052062716,-0.23967794293388472,0.03500310539228024,-0.9973658515664683,-0.06353062837710946,0.03353822612293144,-1.45635054915035,-0.13147901305829032,0.03590253411209359,-1.7218236225182324,-0.1873910798531875,0.0341001008890592,-1.9243655301520024,-0.22280085611260442,0.14690867744918468,-0.8713488078694708,-0.07294397504197749,0.230225622776077,-1.1442747674012135,-0.19102754728512172,0.221586530063107,-0.9652035868988145,-0.23435083020769892,0.19901046394033906,-0.7945314448499495,-0.23630615796960697,0.23112195248360368,-0.6789332804607078,-0.09021237921038769,0.2811218934877201,-0.862683254359284,-0.20066814243509698,0.2649378977845321,-0.77652308445216,-0.22459516932748386,0.2345687693030527,-0.6755660844184699,-0.22006673762359985,V
0.0,0.0,0.0,-0.10790763000338591,-0.17797191133135265,-0.13029479484560713,-0.10804636740398396,-0.44588874734053596,-0.1831922760638216,0.048308078784352296,-0.6232503088105545,-0.2264328440364615,0.19340325097910166,-0.7514403524177546,-0.2619641937111079,-0.10644165392061596,-0.9876187588843202,-0.08173358985142862,-0.18473973954550987,-1.37432085266221,-0.15771011016481104,-0.23351019741410792,-1.59849965774326,-0.2154304177177446,-0.27250511386513965,-1.7859591001716542,-0.25451081688670024,0.035029773131549966,-0.996902327062223,-0.07041779102099398,0.034367811063167414,-1.4615154149121437,-0.14160584381409724,0.035830235847287235,-1.7178004456993423,-0.19356977739966116,0.0315511577271348,-1.919802100970117,-0.22367823484726201,0.147745388000713,-0.8709496016045991,-0.07568430773081256,0.22469303312558755,-1.1258019201397174,-0.20119715306084704,0.21191782811488571,-0.916055592772759,-0.24178828947264186,0.19116569607628212,-0.745521758087463,-0.23812169199301364,0.22900217890764435,-0.6824374358796874,-0.08889971840481346,0.2683839501582959,-0.8482984718011541,-0.20525939480425417,0.2515034439080542,-0.7356406247233664,-0.2286013261805362,0.22911653072417826,-0.6340588046288194,-0.2213226584526368,V
0.0,0.0,0.0,-0.10764084784654869,-0.17062976983842995,-0.11907128258767975,-0.1098194538382242,-0.44064989076984235,-0.16910387525724827,0.04592285849126714,-0.6141762378857833,-0.21227069685725083,0.19023888573407854,-0.7315574203888804,-0.24839954794600266,-0.10771753591709263,-0.989739324956852,-0.07786124584496297,-0.1892096511030941,-1.3758609110531823,-0.15289515114590402,-0.23844671633344125,-1.5991244578285753,-0.21013938283167896,-0.2784781265817446,-1.7876246849230462,-0.24952799628435104,0.03278949220579176,-0.9967127160402763,-0.07408515967791261,0.03245211218027184,-1.4630279434594353,-0.1441763199893894,0.03544817026755967,-1.7194161069346532,-0.1958874658361549,0.02979058502609982,-1.9227934635780979,-0.226704213815491,0.1443454678643205,-0.8676652124154531,-0.08545194028261091,0.22922705331374388,-1.1218486532186245,-0.2091505696991778,0.21904510933455862,-0.9145296959462783,-0.24847035976346313,0.19472098293447632,-0.7469771833286534,-0.24488807123598394,0.22355451033716248,-0.6716766207855153,-0.10400548970107144,0.2735541826343429,-0.825709477672541,-0.21981585033350184,0.25794115625982444,-0.7081727822090531,-0.2415996547187703,0.22901265911033467,-0.6012382718543564,-0.23325265979903778,V
0.0,0.0,0.0,-0.11249737320526718,-0.16547736379282763,-0.12116077546544908,-0.11742523508298569,-0.43016472829310315,-0.17348201417890008,0.0378312194413411,-0.601274614406067,-0.21790429351811974,0.18215305793825887,-0.7219784250339772,-0.2546170132952229,-0.10509915274276194,-0.9884424384807945,-0.08236353440492696,-0.18388709397291111,-1.3641992865466002,-0.15912717633520204,-0.2280995374544573,-1.5910301971437453,-0.2159705987318458,-0.2621377316157168,-1.7852235452394163,-0.2558892408245592,0.03487331200990861,-0.9962153668947745,-0.07961654898429922,0.03510708787289989,-1.4617516687876444,-0.15633095693222718,0.04142689218535369,-1.7243357647038793,-0.20970167994965105,0.0407510371191294,-1.9326279160804711,-0.2399920506556614,0.146361782865525,-0.8653468293849886,-0.09205694522188564,0.22959694089459495,-1.1057660215337421,-0.22252013187096617,0.22120195919141303,-0.8886170501910324,-0.26062852866411895,0.19988455244251532,-0.7143728534750714,-0.2541976093984562,0.22868445323385606,-0.6658036563595094,-0.11167646400506805,0.274107436698407,-0.8114719676477498,-0.23261268164544804,0.2541196004126522,-0.6796816580997741,-0.25351101183139946,0.22276197266410333,-0.5629096622917865,-0.2429382484636103,V
0.0,0.0,0.0,-0.10979521487425442,-0.17309227849106448,-0.1197777188515606,-0.11202562870188931,-0.4329196367272224,-0.1731850419521477,0.04588353685427278,-0.5824705630802995,-0.22093156266318723,0.1896488209367607,-0.6923637123092052,-0.26127216476398113,-0.08778746306210214,-0.9893079561036524,-0.08032938796637606,-0.1700065243285611,-1.3714215042416091,-0.16037027586806046,-0.21601406439447873,-1.6032266026189879,-0.21953284225115477,-0.24981550802324062,-1.7998529527564469,-0.26060890610851417,0.051650390759461234,-0.9954646685909062,-0.07988949068302086,0.05009142614033515,-1.4632057223335828,-0.15949479675402803,0.05557950767389018,-1.7298581891561258,-0.21489355448139894,0.05550012683007207,-1.943421546138646,-0.24700563049242527,0.16087443932553327,-0.8618425184245732,-0.09494341892738273,0.24512358347354177,-1.1044038385665895,-0.22565265321448863,0.23066664086137784,-0.8780730827305666,-0.2608405607825411,0.2039770632459296,-0.6992883992322141,-0.2524575737794048,0.23985955319739052,-0.6583400962595797,-0.11792765199600687,0.29183874035136464,-0.7964592416845788,-0.2349947275576906,0.2680301237155518,-0.6661440786833429,-0.2534362127622157,0.23256520518512222,-0.5554425600330705,-0.24245642412771967,V
0.0,0.0,0.0,-0.11821850533028959,-0.16775855413912222,-0.12724953291146412,-0.12156159755798876,-0.4303815658792253,-0.18455093376888654,0.040631355018113345,-0.5889082869559947,-0.23425186455594454,0.18862411853602898,-0.7039977708565955,-0.27689721916841176,-0.09558320927474749,-0.9828361073791726,-0.09639387336509009,-0.1687674375201364,-1.3728549232751064,-0.17984524802387966,-0.20790555902765906,-1.619223144666622,-0.2402835783732917,-0.23634659863639154,-1.827831190771104,-0.2834615985356685,0.04810852509252875,-0.9944155436621641,-0.09393240301676667,0.048507964458648634,-1.474207280759921,-0.17987813599564104,0.05615328176323306,-1.7512663182138957,-0.23895798382421554,0.05909549951331731,-1.972873723833088,-0.2734603364248804,0.1615402160311074,-0.862514924523398,-0.1064488250897786,0.24068111372191522,-1.1186734765340867,-0.24196771161087904,0.23052028515177223,-0.8955313387635719,-0.27984132050233324,0.2077613303224074,-0.7090826100687767,-0.27252123534031264,0.24522611182671167,-0.6576666313506757,-0.12710044575583862,0.29696786085418714,-0.8279148647484458,-0.2508540116826445,0.2803229593641975,-0.7005401088945422,-0.2727158723368276,0.2483333673987257,-0.5802098369992991,-0.26286604438692257,V
0.0,0.0,0.0,-0.12516041923621304,-0.15109892932792,-0.1306720853971889,-0.13330435841324462,-0.39904356591730367,-0.1928783546018454,0.0369500101844888,-0.5568430820351715,-0.24620753098377562,0.18651554008758492,-0.6669119958964302,-0.29117475568375195,-0.10409626637902639,-0.9778831776177583,-0.1134802210497498,-0.18161093082988689,-1.3826729735313232,-0.20228494645915712,-0.22250481219224802,-1.6401231266846699,-0.26559288858403934,-0.25098212879157794,-1.8566406380709586,-0.3112467958042625,0.042574050368383486,-0.9928106603045456,-0.11186797138092056,0.044035837582091196,-1.4702398180587264,-0.20838168927670034,0.05088106685785779,-1.7597452985839688,-0.2724795075907357,0.053760208626230835,-2.003183329095587,-0.30974031004459,0.15553912276105283,-0.863489406161732,-0.12400981586706683,0.24404968860524415,-1.1007541331936341,-0.26420436798896535,0.22101702714612192,-0.8583980851984836,-0.2941074588955052,0.18909428871955983,-0.6727102215575282,-0.2792688710697941,0.2388524855608735,-0.660525510190883,-0.14500248945659858,0.2966277048882307,-0.8135792401727362,-0.27157377856086806,0.26648345454301875,-0.6644703267444797,-0.2879545400798442,0.22321833452016776,-0.5329957430456288,-0.27207834331072484,V
0.0,0.0,0.0,-0.12872123638480168,-0.1051600835407878,-0.12439388280633361,-0.1594527490485986,-0.3428419412481106,-0.16799813401933006,-0.0013382237989797861,-0.5034141060460554,-0.19225719661778942,0.15554714778830264,-0.6151208462987185,-0.21957541222095875,-0.16835376256716209,-0.9521914191735843,-0.10159848161999756,-0.26652133738853023,-1.3458266552801776,-0.15617484773514262,-0.31904617631425564,-1.6033392445661945,-0.20683353001171687,-0.35765500135697736,-1.818173134567882,-0.2505449036803452,-0.034880184514326756,-0.9948990554329418,-0.09465327372514264,-0.0769106955580327,-1.445438630339666,-0.12842993695837768,-0.10977820216311542,-1.7147207777379678,-0.17230737825724993,-0.13164453863896028,-1.9430960590921063,-0.20912119265576873,0.08123721850892593,-0.9019748604866181,-0.10163854820080534,0.11323995474490743,-1.2597638622971858,-0.1820024613241976,0.11643103531413136,-1.5130543243345256,-0.2644539059117076,0.13226267694397806,-1.75980569779192,-0.32616962893853496,0.16867162410823713,-0.7003046230172106,-0.11501974279006133,0.170215077837799,-0.757936170259003,-0.22427021382711013,0.1520920729699786,-0.6083738566828043,-0.2675295168209646,0.15185145089301633,-0.4644099574060303,-0.2908573374798021,W
0.0,0.0,0.0,-0.12406372143909247,-0.10957849834751596,-0.12425411049527649,-0.1471728505209865,-0.34576737795263507,-0.16576047783871517,0.010303703837784051,-0.5065118536454818,-0.18744799429439793,0.16457951978869464,-0.6148727457148515,-0.21258002600078918,-0.16297476908957664,-0.9542945951749368,-0.10114727046375313,-0.26024508572380706,-1.349203025619857,-0.15543955697176282,-0.3133775679863432,-1.60533916762555,-0.20739671719336783,-0.35053242248864674,-1.8198755967797442,-0.2523921169020855,-0.029745633793340248,-0.9951710242823216,-0.0935405243683571,-0.07236994244265163,-1.4486977936572334,-0.12365575553703632,-0.10790409310951157,-1.7149688957629565,-0.16829715290376854,-0.13015692074722487,-1.9377266950803234,-0.2073257566318773,0.08600942461691086,-0.9024358922057778,-0.10010147637431768,0.11864302546930508,-1.2676649730153304,-0.17810435750317996,0.12289981656350704,-1.5160272190971806,-0.26439525105615935,0.1399898947173735,-1.7596188033414963,-0.3301685154551635,0.17131668654343474,-0.7017236420999221,-0.11290182498217616,0.1766542464506803,-0.766021971638007,-0.22145885917747857,0.1676501614932797,-0.6195133108491113,-0.2680783471458075,0.17204176782403593,-0.4796672190507291,-0.2949632297059732,W
0.0,0.0,0.0,-0.12729934480437524,-0.10606098318558596,-0.12041316928975053,-0.16000244104197942,-0.34985196993750955,-0.1611475032216537,-0.008336118434263339,-0.5178092363047702,-0.18339777314337882,0.14455168391612755,-0.6246694814091258,-0.20863813300320677,-0.17202111292234787,-0.9566581487312236,-0.09090045368862577,-0.26937295896060176,-1.3445213517009418,-0.14398376444046726,-0.31862708334821743,-1.5942054974017792,-0.19465234928760958,-0.3566363036895282,-1.8018172471031844,-0.23767107341155583,-0.042418355201540824,-0.9954411369065979,-0.08542614410176735,-0.0822448117912909,-1.4468910597798652,-0.11877412607087183,-0.11145879654130583,-1.7110600946079069,-0.16258153150935387,-0.13186368049606198,-1.934124949574545,-0.1968039857425151,0.07121079302461654,-0.8996735022372764,-0.0938366342601104,0.09563591523167314,-1.257565054150099,-0.17216883085405546,0.09980531624273671,-1.5092209660338662,-0.2518638148641288,0.11671415610792212,-1.7562734065695997,-0.30964269154960106,0.15663051289110963,-0.694885334233237,-0.1085930409802432,0.1552956515611891,-0.7627561785290273,-0.21492429780396655,0.13391438888865223,-0.6166654569730082,-0.2538247907875231,0.13168566916776298,-0.47555144911041364,-0.2725700433727579,W
0.0,0.0,0.0,-0.12858324282905642,-0.10242887862353572,-0.12373715769119777,-0.15270588387052586,-0.33558545557719527,-0.16891764486595384,0.0037654448634491635,-0.4977474572416124,-0.19521291005468927,0.15876432294959444,-0.6010319927838117,-0.22584682534661232,-0.1767693866368393,-0.9542739196372736,-0.10370777756235161,-0.2739019245006021,-1.3560963224691875,-0.1603864722188691,-0.32515725238542703,-1.616191538800847,-0.21293611402328286,-0.36112140899133843,-1.8301785362662404,-0.25758785073105567,-0.04261998466761064,-0.9943375599577107,-0.09734656524130082,-0.0818901094600755,-1.456483544546517,-0.13203219594126678,-0.11559268905904413,-1.7294364845379748,-0.17826524623502274,-0.138936368132443,-1.9582572556853721,-0.21602642097546,0.07649674496762472,-0.8980100880662866,-0.10430301527471902,0.11236618792973159,-1.2651682213012847,-0.18467899142085747,0.11656154033249848,-1.5226338634684877,-0.26972315184795725,0.13330945365490343,-1.7725870966197783,-0.3332642542636671,0.1645044317819248,-0.6920176151646592,-0.11721758877788352,0.17114016207042648,-0.7510417719303305,-0.22693636432564018,0.15228983686444783,-0.6013951387546915,-0.27077343375419477,0.15073191292830665,-0.45830730990807406,-0.29438681570354924,W
0.0,0.0,0.0,-0.1283533809072071,-0.08237422943125773,-0.14026782364911014,-0.15384765612106802,-0.2953631172818847,-0.19708905453876183,0.004924586238377583,-0.4545674780470069,-0.23344024546849365,0.15738088742713255,-0.5720863901785503,-0.2734125009821982,-0.17986668038568213,-0.9476486935350494,-0.12368813752220502,-0.2801482376942903,-1.3546307905060588,-0.191370222706946,-0.3327806859383446,-1.621288831723131,-0.25113266906473153,-0.37286938125270164,-1.8403759431924656,-0.29979366724126266,-0.0442724732991431,-0.992593035144773,-0.11313273041018534,-0.08364665703920145,-1.4604341766521185,-0.1602750805508672,-0.11168981488830095,-1.742149317381028,-0.21321994992841165,-0.13153433147355606,-1.9781617771270938,-0.252915631302189,0.07482258124082505,-0.8933777963361378,-0.11656432120104401,0.10737739639129862,-1.2622318404957398,-0.2045915149090308,0.11648576061446228,-1.520539383048727,-0.290132628552286,0.1364300150554136,-1.7741116280728408,-0.3519897919800236,0.1631111944427614,-0.6818487295467935,-0.1276070682645864,0.17552393779003583,-0.7267345551224151,-0.24424943922639114,0.1590295233838781,-0.5792322166425992,-0.28951160641101376,0.15965353647628616,-0.44126230595292115,-0.3116061474249498,W
0.0,0.0,0.0,-0.13077548784541712,-0.0839120467494307,-0.1400401808557527,-0.15853357381857763,-0.3019909052951641,-0.1967347618363528,0.00016073401547142885,-0.4563753422427514,-0.23180966725287563,0.15477305295879265,-0.5709433665455887,-0.2711732697153941,-0.17506507900806847,-0.9457264258866521,-0.13044294756788946,-0.27521594062187393,-1.3584417770186206,-0.19355581969411964,-0.32707055894064346,-1.6240600017996374,-0.24831537779141202,-0.3657538786641007,-1.8446665021738213,-0.29387449276730926,-0.040812402024461576,-0.9919574593497139,-0.11981129613460692,-0.08362777916748342,-1.463882355307526,-0.16113374205095746,-0.11424257886539813,-1.742027772796529,-0.21027193796087823,-0.13344690122045755,-1.9764873460325227,-0.2491050099634878,0.07607094078944604,-0.8957760494192974,-0.12260700346265929,0.1100251241887053,-1.2614793916243852,-0.20979723742009868,0.11751996181841673,-1.5254881705648955,-0.2988287327518208,0.13844416153552924,-1.7836674753722381,-0.3648701751304641,0.16322714744939615,-0.6900751138553922,-0.1322339649395194,0.17320295087249774,-0.7285153438523941,-0.2499519050908571,0.15011129857994518,-0.5682981572604069,-0.2972883943491889,0.1454352723307283,-0.42147921539911376,-0.3223469033998383,W
0.0,0.0,0.0,-0.12615279928551526,-0.09254041499272579,-0.12860111437109434,-0.15175846157713765,-0.3250986721385403,-0.17825577298544243,0.005823153585926665,-0.48469304321165785,-0.20848958640357368,0.16177223051425413,-0.5978216173356147,-0.2424364309442372,-0.16308575127606786,-0.9560186377386338,-0.10797334209580026,-0.2561895278333615,-1.3532383230131786,-0.1699442916741766,-0.3012022766936105,-1.60959660812105,-0.2258007087645834,-0.33797377889650626,-1.828131227098686,-0.27198899248255604,-0.030821152673935297,-0.9942890881822363,-0.10217272468514854,-0.0661069514560452,-1.4563924059418534,-0.1468499214562261,-0.09135134986637598,-1.7343568744431543,-0.19833756038609723,-0.11025102281665239,-1.974054432064797,-0.23616239685602375,0.08433639084652965,-0.8960029332924321,-0.10999753022649646,0.11996861017726115,-1.2660858094207021,-0.1984231521803492,0.13024225161558486,-1.5290142102862478,-0.283966876870361,0.15036387338304927,-1.7906256650055175,-0.34447155494855747,0.17019662106085887,-0.6865669347030653,-0.12405889757728368,0.18398356516269165,-0.7509289953140099,-0.23777759408192015,0.15898556607468303,-0.600285382199872,-0.279176933417749,0.15083132418267248,-0.4593904132654678,-0.29870345172462814,W
0.0,0.0,0.0,-0.12656928521334532,-0.08772625843256934,-0.13281694893265536,-0.15134604224515902,-0.31564620068361193,-0.18311757256170386,0.010269076181852955,-0.46797213416913236,-0.21312714433525257,0.16696725677929572,-0.5788822513143833,-0.24676034413974743,-0.16350658454661096,-0.9532032353680289,-0.11361064214324433,-0.25688837958170735,-1.3542402870280155,-0.17502168123105377,-0.30241467866030025,-1.6140920325368533,-0.22941201378911935,-0.33919832368639186,-1.8340509335135047,-0.27478802262377533,-0.02831609658942887,-0.9939296775187765,-0.10631084056369478,-0.06389396934275654,-1.4592494347178133,-0.15064567901462025,-0.08884048218099905,-1.741444310656816,-0.20237091154291126,-0.10661676737967699,-1.9826915788517363,-0.24074335763162813,0.08797974203512292,-0.8958938591347994,-0.11270775057253342,0.1230485773905821,-1.2665492218723888,-0.20218956840755448,0.13464694734662483,-1.5313314764744534,-0.290173263935798,0.15679110925028453,-1.7939848828536202,-0.3527877391413456,0.17432702206723064,-0.6855544538557803,-0.12550832028119294,0.18686962994385634,-0.7381182582157949,-0.2419834606010174,0.1668448853849595,-0.5858236076431124,-0.28638714014942634,0.1624155929613917,-0.44313787178283737,-0.30796930222374025,W
0.0,0.0,0.0,-0.12672670259012456,-0.08880939850268889,-0.14178113192365296,-0.14572426561113633,-0.3085192503587703,-0.19422585515692278,0.021192511621479965,-0.45617867317894645,-0.22304698222629116,0.18053492650845115,-0.5685205532314208,-0.25480482005007604,-0.15607643297677426,-0.9486881910150059,-0.13012476847447932,-0.25299547955429136,-1.3671375336110703,-0.18997384945341456,-0.3050239592470726,-1.6331867800761735,-0.2417325790847627,-0.3421708952617927,-1.8556165900690895,-0.28540836142317944,-0.02194024897743115,-0.9928344844290097,-0.11746621643430549,-0.06351241382232185,-1.4627936476377235,-0.15572228849616376,-0.09311131301906153,-1.7436168264134162,-0.20377512279449625,-0.1119573887931604,-1.9831355986716503,-0.24306265327745566,0.09210771000826355,-0.8986556019854384,-0.118646975524775,0.13537001991436695,-1.263859255622749,-0.20590995855355895,0.1445975792122216,-1.5247891106597848,-0.29582492818818146,0.16366257253216412,-1.7856106615523053,-0.36233897174706675,0.17576400193341982,-0.693523164685186,-0.1266016796838988,0.196287060004899,-0.7411781429004011,-0.24254996939932683,0.17670548593595625,-0.5821878896773661,-0.28905617894735575,0.16747446275288252,-0.43583319695636363,-0.31406473745181696,W
0.0,0.0,0.0,-0.12261998218248428,-0.08471717127758929,-0.14499374748565325,-0.14076024073373306,-0.29353934752601124,-0.20313568898068426,0.025636951203575536,-0.4453900501872513,-0.23835447483086536,0.18401991757452696,-0.5618509668714611,-0.2775438041599892,-0.16313470965486757,-0.9481344258807989,-0.13824573223895936,-0.2626750313431868,-1.3643486169036572,-0.20741837391320694,-0.3125847000361012,-1.6342382642699584,-0.26591865044169566,-0.3532378758039576,-1.8615707186212211,-0.3134344939509346,-0.025804831534650914,-0.9914661523447472,-0.12778489513307406,-0.0631929350009333,-1.4712850914106856,-0.17724166366214064,-0.08783578977000639,-1.7627592518625566,-0.23255742337049878,-0.10602926144162408,-2.0129073024845607,-0.2738842248532023,0.09140012700958433,-0.8901886341870393,-0.13093198911993637,0.1292523148132434,-1.2690029489293742,-0.226327632690672,0.14576392224240467,-1.5411932396546342,-0.31986009596362336,0.16977646053701945,-1.814335715595699,-0.3865898786828821,0.17594164789869926,-0.6754322531923441,-0.1407377132613684,0.20062076293563433,-0.7311520411694326,-0.26275264637195894,0.19005536852327196,-0.5755924311097361,-0.3097583738401392,0.18858353128687336,-0.4298332179930278,-0.333070194231135,W
0.0,0.0,0.0,-0.12591807420173015,-0.07937545914461247,-0.14555623402609516,-0.142057350258262,-0.285794308893127,-0.20542274257765117,0.02766440136162413,-0.43656832465235923,-0.2418774852601888,0.18857592714301916,-0.5493094740384583,-0.28321104898776056,-0.1642754559017305,-0.9449820331232164,-0.14485195387203953,-0.2604314447008455,-1.372796928010995,-0.21249559183365818,-0.30666957624139646,-1.649309438684323,-0.2675885936369801,-0.3410010354077208,-1.8837823674218943,-0.3129567259810561,-0.025742525914564024,-0.9907106496770666,-0.1335280156970162,-0.06011098501285509,-1.4689543308202488,-0.1830037738481039,-0.08452127770826146,-1.765551912842583,-0.23775215486789683,-0.10327953621030882,-2.0182152571772733,-0.27826937813790875,0.09153736034890234,-0.8934868475547598,-0.1350339512241688,0.13142187299886585,-1.2717552985137806,-0.23211333283177277,0.14605876328286452,-1.5499212583761424,-0.32854059063846364,0.1677261119772491,-1.8216138798228274,-0.3971111269753739,0.17596649172978174,-0.6830611644094439,-0.14264178237864814,0.19727963088438322,-0.7219259400809366,-0.2680857654935104,0.18252891278420674,-0.5573811152477542,-0.31851897053059786,0.17840636622437567,-0.40062371558595805,-0.34368752616296505,W
0.0,0.0,0.0,-0.12683293781230243,-0.0785117836487281,-0.14286709817109614,-0.1469771283302843,-0.2847535338081301,-0.20424274440586382,0.019676492794637842,-0.43423509282607453,-0.24344395478717082,0.17916541789496546,-0.5470639321239948,-0.2874762125534212,-0.1679081902569925,-0.9439710033839084,-0.14255160227983935,-0.2678382699981672,-1.3660789084384017,-0.2095734421895131,-0.3166101746097555,-1.6385277788416335,-0.2652572165463367,-0.35241600132092615,-1.8727339455685303,-0.3115114209890604,-0.031041994691663775,-0.9905035138636924,-0.13393723750040806,-0.06475247911133532,-1.469701140413283,-0.18322927046839277,-0.08921210498905031,-1.7711053722331682,-0.23938211068797507,-0.10793437203107782,-2.0314474151330972,-0.28140791109115004,0.08541944599748384,-0.8939979606333041,-0.13776134898733533,0.12515256838756508,-1.273141227422633,-0.2314143903828553,0.14046843308825638,-1.549941781524498,-0.3259823934009024,0.16202630882335167,-1.8210722951343477,-0.3941971479019276,0.1725531559703651,-0.6854626792125712,-0.147977304841337,0.19792346251824525,-0.7319283421063313,-0.2692196425147335,0.18686724839599236,-0.5755367669513908,-0.3174008933897761,0.18480274073044098,-0.42591986510963015,-0.341826477605066,W
0.0,0.0,0.0,-0.12533899498230086,-0.0862424717146711,-0.13723384497050126,-0.1453039249557351,-0.2979802888978875,-0.19569451861505985,0.01857261177476098,-0.44456309235643676,-0.23330448542561028,0.17696432779802457,-0.552103924030878,-0.2759487239099024,-0.1589431653294922,-0.9522155460280337,-0.1290421494079404,-0.2522535920179528,-1.3626017915847428,-0.19482162355093469,-0.29807912066510484,-1.6282748203001705,-0.25189708324336657,-0.3317823510283985,-1.857710599530719,-0.2994600424033548,-0.025609068402416522,-0.9922179891203412,-0.12185088297401435,-0.05840752018545762,-1.4597436040572902,-0.17038703831754243,-0.08100484454992439,-1.7504632959224242,-0.2262328071418838,-0.09779528903038362,-2.006107296878589,-0.26767661341203497,0.08821111834804106,-0.893092693836897,-0.1274152484176792,0.12628759734847889,-1.2623423275915926,-0.2200896167913422,0.13945390603245716,-1.533375324874142,-0.31255157104637565,0.15930060308344668,-1.8026480667553526,-0.3787937342104331,0.1732895207490673,-0.6827823451806483,-0.1392309656522785,0.1946766695251135,-0.7257264599032017,-0.25857302075711974,0.1749842687204032,-0.5678275332227145,-0.3052569363986423,0.1672016664875898,-0.4218630559937072,-0.32875413199233355,W
0.0,0.0,0.0,-0.12335786471243541,-0.09558512985638537,-0.1353234774710051,-0.1417687202649579,-0.3209183251511184,-0.1905617000201158,0.0253071038083551,-0.46747401193020327,-0.22463739136461597,0.18648256675767175,-0.5744663715602483,-0.26348389757276636,-0.14780752410732662,-0.9602812404416579,-0.12344649917285198,-0.23919119884875004,-1.3684112746438015,-0.1903888013853518,-0.2860548469031809,-1.6305405184909056,-0.24961846538508056,-0.3238828002051761,-1.8573022625511524,-0.2982032772107882,-0.013822211046340273,-0.9931110739452444,-0.11635867517771885,-0.042540858589545816,-1.4632373332053064,-0.1656273785558658,-0.0654998388282391,-1.7479505238458868,-0.22110230438687653,-0.08304402045273952,-2.0021181858360246,-0.262106786467656,0.09879812647317986,-0.8883353735799353,-0.12251537340612427,0.13658240841360725,-1.2590525575250897,-0.2158364583193715,0.1504473903810707,-1.537825767662107,-0.30621795691522774,0.173089190473119,-1.8190057425527473,-0.37054595692098374,0.17946746036313896,-0.6756252277693157,-0.13484029268675085,0.20112913103113325,-0.7343530791230906,-0.25269355392001674,0.18091266727687963,-0.5833940134593201,-0.2959544553389183,0.1744040586324896,-0.4432037652939182,-0.3171759513232746,W
0.0,0.0,0.0,-0.12444657349929829,-0.09085024954285258,-0.14140652481764568,-0.14180345934619953,-0.3069320790528031,-0.20057543644156126,0.027930289422301073,-0.45037185792661755,-0.23815515162107387,0.18693985524177759,-0.5559517081464429,-0.28061356732388976,-0.15364645249679984,-0.954330796070238,-0.1324896932327901,-0.24773278163832568,-1.3601282745918195,-0.20051140062324493,-0.29411605937211266,-1.630608077606743,-0.2605721160404988,-0.32754638977114975,-1.861967672564644,-0.31035499746396983,-0.01880722900855488,-0.9922059389080113,-0.12318142283920616,-0.04744895183080285,-1.4597534749403371,-0.1720214648304502,-0.06883532560686394,-1.7536710686911432,-0.22960232506019365,-0.08289391265573492,-2.0105120371754857,-0.27305952638224956,0.09540610281547778,-0.8901226260301529,-0.1269216851607711,0.13289930151705237,-1.2591585491360293,-0.2179269433932626,0.14830445736952538,-1.530516687417788,-0.31163920514485866,0.17227542576997065,-1.7993102138837154,-0.37984217704584894,0.17860974900377816,-0.6765079921443399,-0.13759173854174145,0.20011556547641507,-0.7278762993798933,-0.25730989415961397,0.1859109676786881,-0.5761722667053552,-0.30579289956367195,0.1857524676744867,-0.43355677868433595,-0.3308539528783991,W
0.0,0.0,0.0,-0.12077904529828809,-0.07298172696965279,-0.1532283951115378,-0.13414375902153444,-0.2699493465322005,-0.21995257012710168,0.0343492723362238,-0.4136589756887099,-0.2627955773253078,0.19209292266109507,-0.5376032021470223,-0.31141535022812034,-0.16766669316265528,-0.9446095652956173,-0.1621460618189858,-0.269031487347841,-1.3853922312187488,-0.23993727698524592,-0.3174997990345517,-1.672344973331268,-0.30031234895187575,-0.35343334786374764,-1.9130496307030271,-0.34825071196296725,-0.026672347250561668,-0.9882031800808755,-0.15080802621276568,-0.052241866580582254,-1.4893533313623168,-0.21041927423896073,-0.07309227469088633,-1.8048697742217963,-0.27040560779316464,-0.09067514264002402,-2.0728273350141246,-0.313022266123698,0.09260503128979378,-0.8847061876907214,-0.15228339573908137,0.14362822364501288,-1.269457777233342,-0.25615271899589004,0.16380498910544725,-1.554747486633187,-0.3558325334943329,0.18966761644579727,-1.833130251480667,-0.42631209468106557,0.17717187043107072,-0.6654907790187478,-0.16032727784383816,0.20836583624032168,-0.6893148967457631,-0.2935646328574645,0.19808971505977432,-0.5272203867605785,-0.34738680199332744,0.1980637038312488,-0.3756117736971055,-0.3739554354912612,W
0.0,0.0,0.0,-0.11999483075968778,-0.07482360638260703,-0.1595497594298097,-0.1305684899599172,-0.2627053205520301,-0.23342809541045598,0.04032546019499441,-0.3990751151505063,-0.2829407878313607,0.19806037127304404,-0.5254580413556533,-0.3387069407523344,-0.16426666574756765,-0.9417270508455473,-0.17844995647982786,-0.26455465959879776,-1.3830960735623314,-0.26467917244006345,-0.31418831381559464,-1.6762975005982437,-0.331378466853957,-0.3532867151898631,-1.918750638270283,-0.38344457436644563,-0.019511158946753166,-0.9859891627048953,-0.16566437669292086,-0.04530783433295396,-1.4921783940924531,-0.2317958555929397,-0.06556621570738375,-1.8035829762093643,-0.29394363200194357,-0.0818364128362409,-2.065456240037277,-0.33852405478160463,0.10330362216539932,-0.8769855995158822,-0.1655133339681331,0.15857985094747185,-1.2629378942433078,-0.27235664588318276,0.18329580059735182,-1.5397966868428001,-0.37042348217563,0.21301332756404184,-1.8085111439057586,-0.44050660762728516,0.1886996723571693,-0.6520772395841254,-0.17252662657819354,0.21750662833684675,-0.6752367594342613,-0.3083162998282468,0.2077832567267321,-0.5189591022449304,-0.3625196117616007,0.20952053671716958,-0.3706651058931437,-0.38949807265130076,W
0.0,0.0,0.0,-0.11947346966414928,-0.05438484319918557,-0.16097150583005315,-0.1287749401687806,-0.23511388392979204,-0.2402369449198335,0.047955518845663334,-0.37502972785313804,-0.29484482034535847,0.21079411236659804,-0.5135855853796694,-0.3562519349126834,-0.16861689808020555,-0.9397780619472091,-0.1841512999110339,-0.2707201820962655,-1.3982821827147265,-0.26867421512755174,-0.3233600705373299,-1.6881421955963964,-0.33247859545330405,-0.36308739454535527,-1.9363675526773239,-0.38324547928701025,-0.019813525417690703,-0.984807266973124,-0.1725168720080691,-0.04138309106987531,-1.5070276826191937,-0.24049624114061371,-0.06193581620750936,-1.834445541394222,-0.3074926875371686,-0.08134472173759645,-2.1207604693204307,-0.35475086063476163,0.1039346551013593,-0.8729648880783558,-0.17258877014033863,0.15891509071293275,-1.2667628313157677,-0.2843355053085617,0.18323788558786477,-1.566777644440122,-0.392058212553494,0.20816786223684705,-1.8563194537613663,-0.468055451654486,0.19225239342003003,-0.6525881372154916,-0.17844549184781408,0.22914914181334395,-0.6729143659154198,-0.3192112012978468,0.22246006459299772,-0.5092846724897059,-0.37758829615424344,0.22401026768666216,-0.35615216936100613,-0.4070120792806403,W
0.0,0.0,0.0,-0.11972960030263072,-0.0825603968599188,-0.15067236690316085,-0.13169516951479496,-0.28612194531519247,-0.21723025532488996,0.03912151283700038,-0.42464169708854155,-0.26051878460581357,0.20110746626673473,-0.5409925364909698,-0.30899080394762496,-0.1546640848160313,-0.9514849491667691,-0.15698887469148962,-0.2477182627344375,-1.382472596300243,-0.23717044052398367,-0.2926039053034137,-1.6644991311008566,-0.30079095100817044,-0.3281466565076327,-1.9012546618265096,-0.35060279225877083,-0.013862152310244173,-0.989050848277406,-0.14692263356975035,-0.037962830906935856,-1.4896068730178786,-0.20765209155172282,-0.05833409796838418,-1.792429942081091,-0.26595519767105036,-0.07453533794914378,-2.049693458196602,-0.30714805811876345,0.10554560501894494,-0.8795994438280154,-0.15015682487311519,0.1583703557706457,-1.269789066670758,-0.25460790108954284,0.17911565017613768,-1.541822176436892,-0.348356503039145,0.20688340241739878,-1.8118323744249818,-0.41379526103341524,0.19005075516519174,-0.6543230578645708,-0.16002359655111653,0.219904701588666,-0.7037463793921878,-0.28988365013512724,0.2035957870694696,-0.5442185223333463,-0.33756770909368505,0.19895775355197878,-0.39522624105514875,-0.35988257831563925,W
0.0,0.0,0.0,-0.11985979355795308,-0.09757638593005728,-0.13506274928037346,-0.1317819726856674,-0.32332133365821275,-0.1890737624566665,0.0395025465388832,-0.464086253402984,-0.22229621829128757,0.2009816607413538,-0.5693608726639339,-0.25948568555128676,-0.13630828288158486,-0.9638604383778246,-0.12304408542726453,-0.22015477933630576,-1.3726425906776587,-0.19206086702753408,-0.2621767314517019,-1.6371538253997797,-0.25166063893890483,-0.2965837455987333,-1.864155349548697,-0.29957618457707486,-0.0024186918808023106,-0.9932630314142679,-0.11585637813829974,-0.024020774706895148,-1.4645133559305394,-0.1679187780962602,-0.043468567017421564,-1.7502122064737888,-0.2233256724877843,-0.05932661950855023,-2.001413601524635,-0.2630343359693303,0.11027122445280216,-0.8855811091826736,-0.1220352038454404,0.15445706949821164,-1.2516664606122612,-0.21651126603894208,0.16878275529318432,-1.5175979594246696,-0.3052043997447709,0.19154382721182298,-1.787059573762119,-0.36730089711132285,0.18895832129400109,-0.6686223706734422,-0.13472207292247423,0.21342839967222613,-0.718761489363973,-0.2525767483567339,0.19166463898428296,-0.5667347239686855,-0.29638173484774316,0.18596951396940886,-0.42773285217876,-0.3174189779751928,W
0.0,0.0,0.0,-0.11464315640262764,-0.10331691142907262,-0.1377496547907812,-0.12140583763160712,-0.3306152736519476,-0.19166211970220082,0.051040976101137454,-0.47439323210890527,-0.22389582107668463,0.2136806559668762,-0.5775870926456501,-0.26015874381497794,-0.13033381403823857,-0.9599311368077499,-0.12353379992729852,-0.2163232461970473,-1.3662264919992693,-0.19191887440090735,-0.25796807396125015,-1.6316290205058417,-0.25168720166311565,-0.2927456383637537,-1.8603764015548259,-0.30001121183650414,0.0012376294089097074,-0.9934937683492957,-0.11387976345497966,-0.021899053561175434,-1.4601815224285113,-0.1644613778360637,-0.042882902203464565,-1.7436206860712582,-0.21940155690223445,-0.061226163252166586,-1.9972157805361765,-0.2594772910884792,0.11276334819578313,-0.8900900760015832,-0.1179313823619734,0.15744528559720436,-1.2525312502463999,-0.21234039937904853,0.17317888866178321,-1.5181936764785398,-0.3017891915359318,0.1955932873705737,-1.7898344179442607,-0.36467784911118234,0.1890524537720658,-0.6796127485083971,-0.128673372019346,0.21657713601286283,-0.7301136802773835,-0.24769358272746603,0.19972316903712603,-0.5742883051614562,-0.2923027854807324,0.19637453815350825,-0.43213448497411955,-0.3138214771629335,W
0.0,0.0,0.0,-0.11777416405549562,-0.10429867508490631,-0.13609438506843397,-0.12552860601654078,-0.333664999679098,-0.18869281708872143,0.05110648492055867,-0.47602656594773574,-0.22016908240932342,0.21459023186064802,-0.5746828830097874,-0.25590183230130176,-0.13304921650009363,-0.9594063047340513,-0.12130891727983546,-0.22469014214086078,-1.3620477899530008,-0.18485614217342847,-0.26912930027728166,-1.6290645591955766,-0.24252230142030476,-0.3027690656353316,-1.8578738015317273,-0.2903971168413432,-0.0021134252277364204,-0.9937672367712507,-0.11145497994185813,-0.02579836312478251,-1.4539918470311288,-0.15650652058655387,-0.04598700627232599,-1.7427574027113235,-0.2118241936127844,-0.062251259756984686,-1.9911983177111057,-0.2536164705199073,0.10858901324554913,-0.8914612708549547,-0.11461806902746402,0.1529367401445949,-1.2552051356961418,-0.20271854215196144,0.1703337126507197,-1.5193195779097668,-0.29555811957843264,0.1932161123028352,-1.7778189349879692,-0.3625379559116328,0.1878095976917917,-0.6801256780772995,-0.12442375487120619,0.2130095221308697,-0.7296744787386169,-0.24180404086850477,0.20067636475682504,-0.5784680021081621,-0.2905512813085187,0.20042956748038956,-0.43293518025663147,-0.31537184435438026,W
0.0,0.0,0.0,-0.11665850041029287,-0.10721974427179072,-0.13323777857747948,-0.1217753068374491,-0.33867478988835586,-0.1862863054727332,0.053222820206200526,-0.478950710352331,-0.21922145122942133,0.21509063730740358,-0.581102740975595,-0.2574895371605445,-0.12855122603328856,-0.9615021528681419,-0.11927902799566016,-0.21601045745972536,-1.361668548926862,-0.18420641738267157,-0.2591547533622839,-1.6292422675261171,-0.24264167730667108,-0.29162828753173364,-1.8576087079199055,-0.29147284163459664,0.003344780267625152,-0.993783778902949,-0.11127719098870038,-0.022993049169112552,-1.4550331953244398,-0.15924219552389993,-0.04440999699522447,-1.7430683377584817,-0.2161177276623167,-0.05995745683819246,-1.9935864440403712,-0.258970465457702,0.11508284536527978,-0.8874340925578693,-0.11609844354701372,0.1570455673458238,-1.252030539009581,-0.20822847629612018,0.1736067930674909,-1.5186804207746265,-0.30294373197849356,0.19767675928053963,-1.7807923446023561,-0.3712163060906813,0.19357282613610743,-0.6737865597931791,-0.12687235590249285,0.21336569558555807,-0.7165242782290879,-0.24968526372053818,0.19830514684699718,-0.5643685747837558,-0.3017365796030681,0.19964560285257624,-0.4230588050316422,-0.3287073153733872,W
0.0,0.0,0.0,-0.12057312545109583,-0.10059804685502514,-0.13579877090782588,-0.13209717469714316,-0.3241312662522786,-0.19066631407741774,0.04204151795471326,-0.45768430658875886,-0.22475080523173074,0.2047684793391782,-0.5593269106452834,-0.26336131781294914,-0.13290519023559336,-0.9621432107527885,-0.12320294139020242,-0.21723195615870305,-1.3709750371611436,-0.18879283615369086,-0.2577405583407213,-1.6398177784200807,-0.2461806824463413,-0.28937311994148246,-1.8700243705191715,-0.29390436694125394,0.0012029255514041351,-0.9931744218958263,-0.11663241685744563,-0.02271541263931607,-1.4664803622279552,-0.1674086161974039,-0.042195842857386395,-1.7561832477547712,-0.22430456590253106,-0.05801470697127607,-2.0083540698519275,-0.26594061595429674,0.11302019065840466,-0.8851296930559184,-0.12317340176181595,0.16039344305991105,-1.2561058679381063,-0.21853435610681285,0.17711556835815104,-1.5251065282750336,-0.3119354459627492,0.1999787914573782,-1.7934595631470314,-0.37796931965611685,0.19353623220167876,-0.6658771364611966,-0.1357674341917809,0.21820215885833227,-0.7147550005047767,-0.2580065581805316,0.19656140463879537,-0.5617053561612997,-0.3064926009555708,0.1885879513340167,-0.41998926977206963,-0.33074713493590263,W
0.0,0.0,0.0,-0.11972836630746277,-0.10928223298292174,-0.12994054923956916,-0.1300917364524534,-0.3383611729148653,-0.18401196161254638,0.04207431536919048,-0.4721945594926768,-0.21844582653821476,0.20522361832383687,-0.5744754268789936,-0.2581681449209895,-0.12969078989629362,-0.967218665314475,-0.11740729438595368,-0.21395147266060743,-1.369310370990755,-0.18164235248839117,-0.2526546861882178,-1.6371701842702624,-0.23912903572554708,-0.28093928015607056,-1.8686488126387681,-0.28799883496151596,0.005175250401699163,-0.9936740376946238,-0.11218343725765864,-0.02050773959771245,-1.4570555389337811,-0.1610505322677541,-0.03939616100679514,-1.7443340792500535,-0.21739185797102126,-0.053407767607999854,-2.0016071949309038,-0.2600603264341558,0.1174591463684224,-0.8849655998385583,-0.11986825087332915,0.15875442280087967,-1.2480714102425974,-0.2131882983308399,0.1768471638832391,-1.519712591098239,-0.30685303057851915,0.20034391900836063,-1.7894750699666064,-0.374114949502768,0.19665529944577073,-0.6708912027772245,-0.13319125062457146,0.21314358864789149,-0.7204803260955123,-0.25366379215673834,0.19431063853877556,-0.572592065302522,-0.30284045862412334,0.18892104703400484,-0.43451578993285267,-0.32859181700074397,W
0.0,0.0,0.0,-0.11216969213557552,-0.1072081106565608,-0.13523735407331824,-0.11799739608660767,-0.3412101599819437,-0.18649176293779227,0.05326124273153152,-0.48203572347224277,-0.21715525328967675,0.2162959054260571,-0.5834705658649441,-0.2510163168428822,-0.12169020731844575,-0.9635337016946833,-0.1164055264446166,-0.2057395694751253,-1.3705585909548719,-0.1822665370763281,-0.2443362347796751,-1.6343080904145972,-0.24036182585480675,-0.2760418269404487,-1.8614122345868829,-0.28696728653777526,0.008300009775737298,-0.9942471097920925,-0.10678855045272065,-0.010959204113488453,-1.4608640901632457,-0.15193388953066794,-0.026639767442760347,-1.7417573048839792,-0.20260102107776068,-0.04128164496780373,-1.98877576448444,-0.24003430263375666,0.11817745259033241,-0.8886989570131997,-0.11144100417126702,0.16624702939990108,-1.2485710810372528,-0.20032520439210336,0.18546414929621197,-1.5083011551421044,-0.28612559951845123,0.20885276185164386,-1.7715265733706702,-0.3468350547345375,0.1944757899783473,-0.6769306902805587,-0.12327997411409689,0.22872773812937258,-0.727591582109461,-0.23775111674449678,0.2125420468851226,-0.5766416419672515,-0.28059552874768867,0.20664888787704488,-0.43711173598661923,-0.30108246573131414,W
0.0,0.0,0.0,-0.11063405712912186,-0.11643297402335268,-0.12710143236594107,-0.11914695410372271,-0.3571957541320233,-0.17295236548144896,0.052495319486099,-0.4936500691075854,-0.19862799632433467,0.21681641382537004,-0.5886828588555464,-0.22757045961738542,-0.11723660379709015,-0.9691436839557204,-0.10838188544202475,-0.1989551436096208,-1.3766549200487417,-0.16958380270446705,-0.23836440975359732,-1.638824034100381,-0.22401803825217176,-0.2718992059445385,-1.8647938986678037,-0.26854300420411126,0.014800712441211993,-0.9946891834400546,-0.10185463788453468,-0.005091705122863043,-1.4649766654221952,-0.14569234416739066,-0.02371904821393238,-1.7451724318212112,-0.19659535273992423,-0.038305400813885074,-1.9915942238867335,-0.23445155328194908,0.12514353888436067,-0.8854207917750213,-0.10867472904304327,0.1679856373222745,-1.2511432796336939,-0.19851531190214605,0.18405559722520523,-1.5159218294168926,-0.2861329752457667,0.20789588174280066,-1.7832843377374021,-0.34768771595850917,0.20253798386624267,-0.6715450172064348,-0.1213719051360011,0.22876477866572698,-0.7336773050478366,-0.23538361227410498,0.21317844619153906,-0.5864309823673992,-0.2778971702124863,0.20981919027754214,-0.4477561981345302,-0.29832315380049507,W
0.0,0.0,0.0,-0.11816953426445803,-0.1097394639892079,-0.129442465648585,-0.1319639739861735,-0.34099206049720693,-0.17871264177343396,0.037291892096073344,-0.475711390768622,-0.20733945651303126,0.1995341039314603,-0.5721325268287337,-0.23944023739176262,-0.12427378629268494,-0.9680637384947582,-0.11409243355923965,-0.20631224066198975,-1.3768020704349386,-0.17678997069017155,-0.24512561564472257,-1.6393400898221566,-0.23208922692745051,-0.2785609360019718,-1.8667217672262317,-0.2774945263963695,0.010264325721085077,-0.994073083405049,-0.10822822398556695,-0.011390924974459517,-1.4691320001546713,-0.15401991593082973,-0.029444324843874776,-1.7498064134001894,-0.20629047098662934,-0.04328379321913419,-1.9980786269399902,-0.2449202134916282,0.12144448589500595,-0.883453794842183,-0.11554706324275145,0.1627856458796283,-1.251788401560492,-0.20726825771372354,0.1806450252271556,-1.5256458298253643,-0.29704303207353006,0.20576439204387154,-1.8019362401181207,-0.3602536047688981,0.19886595817519767,-0.6664810204536601,-0.12866245183117409,0.2246519256473193,-0.7291412613331042,-0.24345234008648584,0.20563327919972882,-0.5813216830821097,-0.28635896315001585,0.1980260854951252,-0.4411545479179567,-0.30750515829538516,W
0.0,0.0,0.0,-0.11331425466655644,-0.10241355583374097,-0.13531609850013368,-0.1154659929150039,-0.3296268154181673,-0.1848567952110601,0.06453052306364943,-0.467837430670288,-0.21306443228050256,0.2269602319308843,-0.5618955006408078,-0.2453904845420852,-0.11866484207859407,-0.9696947080241212,-0.1128339993201872,-0.20667254154943884,-1.3665932165746189,-0.1743238085370898,-0.2495120182148611,-1.6270244369661229,-0.2312266346392315,-0.28201637415939407,-1.853765526885173,-0.2785697666726081,0.013601295304188497,-0.9943977866928386,-0.10482388366413421,-0.005261191738847888,-1.4564088933760593,-0.1480351270614843,-0.02218238820299074,-1.7456464761288755,-0.20297737897941845,-0.035127595062796634,-1.9986779195124311,-0.24358429066631632,0.12286064249032527,-0.8855452901390493,-0.11079835980098751,0.17024190980386397,-1.2526567591053877,-0.1995270208855371,0.18916592603842247,-1.51932940259488,-0.29369870250181584,0.21292466537638752,-1.784769678799103,-0.36030466538710676,0.2008620457239587,-0.6670067548318284,-0.12328735055617186,0.22960933114413556,-0.7245713262741312,-0.239655952745631,0.21604259027721492,-0.5724486487142646,-0.2865071995778515,0.211718826981666,-0.42814619763774747,-0.30956384291020067,W
0.0,0.0,0.0,-0.11443087529144612,-0.10288219587414824,-0.1357661563614838,-0.12058477321699003,-0.3271190172826421,-0.18996517417964245,0.054326702141711924,-0.4565047547168389,-0.22308664707013431,0.21866131921005094,-0.5579112139291881,-0.2598374357244584,-0.1136384328857544,-0.9675692697144613,-0.1232797925720262,-0.19378739530957614,-1.3824225984885596,-0.19020884239114422,-0.23338155756404333,-1.6490496088276574,-0.2478882295676763,-0.26733736796836016,-1.8808203365283669,-0.2941806605521336,0.01965695548027738,-0.9931316321485854,-0.11533934856385081,0.003685315698160463,-1.4696914646945956,-0.16435861009990038,-0.01317740241990786,-1.7566983133407263,-0.21808716416623228,-0.0293881392756021,-2.010671519247984,-0.25703114845126807,0.12913702279825856,-0.8790451997882047,-0.12082604207962086,0.18450063236102238,-1.2467548035187537,-0.2144546332289364,0.20609586215338682,-1.51942633996957,-0.30438922771173954,0.23125316864714737,-1.7963613641814067,-0.3674334393507532,0.2036096104509682,-0.6584552238284277,-0.1326860481413084,0.2437727745344164,-0.7084202496073413,-0.2505791620085958,0.2276617919301866,-0.557106246326003,-0.2947432320341873,0.22067944165615774,-0.417774607425168,-0.31599306832246216,W
0.0,0.0,0.0,-0.2605379127306379,-0.22440225260353186,-0.01997969301807688,-0.40015095327054206,-0.4535264382816862,-0.08081425503449297,-0.5302601658713244,-0.6054580381943885,-0.15281610897285675,-0.6094666806334494,-0.715656926890944,-0.22364530766580895,-0.23726301472494563,-1.0637517860403336,-0.10255185805399417,-0.3123578638955187,-1.4537404892466204,-0.1842363907287221,-0.447458721869018,-1.5262890459617493,-0.21940438563869474,-0.5541958011291727,-1.483573910593702,-0.23847077339558465,-0.16982961540917174,-0.975256750152158,-0.14153505930554522,-0.49549668153031795,-0.9635128053062874,-0.2114961432433216,-0.5556179836589533,-0.6880724199332954,-0.2040209887660958,-0.49917541836870544,-0.5323921663461332,-0.19825872442492834,-0.14869759897529283,-0.7778500361918089,-0.18513635294999803,-0.48101533049331496,-0.7160766594200815,-0.24272088358306848,-0.5079289136399094,-0.4892868163184823,-0.1971383476415884,-0.44533945459283175,-0.39156530470845263,-0.16916945725052362,-0.15736080429262833,-0.5580363653464169,-0.23428638387644551,-0.4195281034215401,-0.501462300841304,-0.2761730221004855,-0.4518340804284066,-0.35740282734242756,-0.24563403685427898,-0.4060661028124427,-0.2895096438000308,-0.21877371609874055,X
0.0,0.0,0.0,-0.24138117151948216,-0.23357844311328865,-0.03389352997876589,-0.37355444415956246,-0.457738670301895,-0.10215396545082923,-0.4984602673225401,-0.607594775757576,-0.18009181893591877,-0.5790939221197084,-0.7112357737744334,-0.255878576333627,-0.21683846429396075,-1.0602998042055303,-0.11175796496503831,-0.28426026805599725,-1.4558918053153471,-0.19841655162243466,-0.4152810638403621,-1.5312127325779354,-0.2379637612609691,-0.5165082568750929,-1.4898044748094692,-0.25931558326029236,-0.14841029125811156,-0.9784162674980447,-0.14379149120819806,-0.4604572588419693,-0.9633586580088906,-0.21664874670163367,-0.5219580023493836,-0.6878747200338861,-0.212432162684739,-0.464023765115421,-0.5390831126749253,-0.20880881809313545,-0.1262546811771646,-0.7881395331743017,-0.18171587708925227,-0.44701311695081697,-0.7211255289150568,-0.24041330761393745,-0.4724084550575191,-0.49141613127707073,-0.19588208444565303,-0.4086575201274362,-0.3946617155076863,-0.168975270698324,-0.13445870045346894,-0.5791870628977264,-0.2268889580467751,-0.38682532176004053,-0.5120435592916951,-0.26799697707838965,-0.41831610659008756,-0.36787936533315135,-0.23794460007079254,-0.3738397018194679,-0.3036499336832271,-0.21192865542164374,X
0.0,0.0,0.0,-0.25746772892973147,-0.2257446958434231,0.003094292950537844,-0.3919107056621788,-0.45004715087494684,-0.05110644472174033,-0.5211702519122691,-0.6014423863097182,-0.11989066594876707,-0.6149801186343824,-0.7174550648109231,-0.18959294946890595,-0.24275177133118245,-1.057021781415975,-0.0898336156557263,-0.3148689579917236,-1.4300743941785354,-0.16697597729842797,-0.4444985734789969,-1.512205936312145,-0.20012350566073847,-0.5495335754063526,-1.4760158945678206,-0.21807222724483352,-0.17654607156037042,-0.9745985916096521,-0.13780083399269763,-0.50127690486486,-0.9485899287274875,-0.20037478188968877,-0.5544487392530492,-0.6781458361043448,-0.18855621303048872,-0.49631609765396434,-0.5316908236181831,-0.18095343253584975,-0.1530578620983185,-0.7825293013819562,-0.18783474302769315,-0.48643184814306156,-0.7122792415559327,-0.2347531848108749,-0.5038803665600603,-0.49053684227522387,-0.18456493576035682,-0.43527592900699985,-0.40479869127294965,-0.15651293524947332,-0.15738346582410986,-0.5683191759040077,-0.24138489713862823,-0.42494352430741655,-0.5090235234857711,-0.27458890636736033,-0.44709375672088664,-0.36405393401391284,-0.23862106837828226,-0.3898972515718464,-0.29974534250312174,-0.2095519228362251,X
0.0,0.0,0.0,-0.2538516059149788,-0.2242232172586817,-0.013520910140205358,-0.4018422361173763,-0.44161297029521124,-0.07787265289454895,-0.5467120915533575,-0.5767481976704796,-0.15496536598375057,-0.6464952486028791,-0.675890228786115,-0.23237429437591123,-0.26492873512419496,-1.0646514722122509,-0.11092804995861168,-0.35280874992485944,-1.4591508847303023,-0.19178543762959976,-0.4899733662407824,-1.5241129469854053,-0.2242584920513293,-0.5923104489078576,-1.4600524393299439,-0.2421137803223319,-0.1969829537183844,-0.9683871491083267,-0.15304916003111052,-0.532939151970057,-0.9321547953984637,-0.213521989739376,-0.5794743626440162,-0.6573201126939199,-0.1975851064047806,-0.5103206061554568,-0.5279568583963208,-0.19035583947698623,-0.17245758715637247,-0.7627069127696026,-0.1987859527558399,-0.516683114167925,-0.6813535967693527,-0.24433314421353589,-0.531832818803656,-0.45913815229717025,-0.1894818943401988,-0.4566596532600739,-0.3861436191415498,-0.16130009206404963,-0.17857587861870183,-0.5358426153994854,-0.24984402749307527,-0.4570894467932278,-0.47072855018803417,-0.28352829079721126,-0.48038384236381493,-0.32293867426837786,-0.24599620832898225,-0.41912550116006403,-0.2676185665620235,-0.21721218632193814,X
0.0,0.0,0.0,-0.24481830766218693,-0.23697926090440827,-0.00822798040165064,-0.3833058897281564,-0.4651800402825147,-0.059997667699922895,-0.5216418940159406,-0.5833677095591221,-0.1262647700359938,-0.6150698326943184,-0.6696406559228206,-0.19379667410759585,-0.24557532791255027,-1.047979224593372,-0.07772322845673656,-0.33183198726569885,-1.4195709534336265,-0.15632004567193708,-0.4653522482740632,-1.4945243188850144,-0.19639306789442187,-0.570159161163224,-1.4474633276410405,-0.21888513086875933,-0.18798272132667398,-0.9749652077782061,-0.11876590463856918,-0.5144673572886014,-0.9262805101624688,-0.1842039777788826,-0.5723759318791474,-0.6607490339632315,-0.18325569373462725,-0.5185855821962005,-0.5099892980279178,-0.18332948746492747,-0.16823982429812145,-0.7882715490465283,-0.1643126653666933,-0.4987786229261514,-0.682933679613438,-0.21459809109680955,-0.5152649864852694,-0.46807804235970885,-0.17691064088209002,-0.44881268048048195,-0.3842527079414622,-0.15601243833268302,-0.17240191555413523,-0.5741764066054132,-0.214554089023307,-0.43157754875634596,-0.49119777957562516,-0.243054321609464,-0.4577777025676163,-0.35288892030542424,-0.2108664926746495,-0.4079596461777407,-0.3010293414331431,-0.18565771562304798,X
0.0,0.0,0.0,-0.22654537351407483,-0.24581275216527118,-0.019820567427189188,-0.3619504905833376,-0.47683954443232573,-0.07885703790968508,-0.4962790297963559,-0.599408458473421,-0.1498226582743772,-0.5871445156236673,-0.6856727152706991,-0.22008963094231895,-0.22076790333829785,-1.052163993921406,-0.09524033644518391,-0.30192918538356983,-1.4362321260707853,-0.17948361864679166,-0.4354490588088894,-1.5165061905098611,-0.22323698154997473,-0.5387308758705434,-1.4677912032620368,-0.24826291578490872,-0.15665225874218536,-0.9788073119273563,-0.1318950944823751,-0.47900598858341464,-0.9488493844225622,-0.19943789705053264,-0.5350154713039499,-0.6884345672029242,-0.19937560749459574,-0.47757469514841544,-0.5390163629707858,-0.2008789826716372,-0.1354606284498655,-0.7934706724894162,-0.17350090103530172,-0.4632368985584623,-0.6987551830722739,-0.22044946364158285,-0.47824104604530265,-0.48939711890920556,-0.1797783353177955,-0.41156694835940494,-0.4082238344032627,-0.15921095354079082,-0.14182621919851426,-0.5830085962742843,-0.22151710663034138,-0.3981758458548653,-0.5021917419843348,-0.2494562229294187,-0.4278019910539722,-0.37104063990427005,-0.21712234403593283,-0.3847495932869324,-0.32184405392202775,-0.19247368357592506,X
0.0,0.0,0.0,-0.2126607793273121,-0.24513829696894068,-0.019544677778339882,-0.35256143824992925,-0.4771889386304044,-0.08512827406986137,-0.49375544574132996,-0.6068969786223952,-0.16371700963316813,-0.5795361720051884,-0.6967686034629584,-0.24016352635072932,-0.20925669648102888,-1.0656804025759605,-0.1023605750344243,-0.2938581023497159,-1.4674118038514274,-0.2035155164821982,-0.42907765110455315,-1.551204646307229,-0.25558999985260455,-0.5279460326758886,-1.5088526637783695,-0.2830642005409107,-0.1384959288689708,-0.9798712244080481,-0.1437750369980603,-0.4568665596269457,-0.9706305311975565,-0.227009180000707,-0.5221784567765555,-0.6773134561396595,-0.22333152327464806,-0.4612479322938769,-0.5282607680796495,-0.21553035304698517,-0.10795931631010057,-0.783332529039189,-0.1911451413954332,-0.4367034230632315,-0.710384273175904,-0.2519668208033003,-0.464561807165291,-0.46843766228112194,-0.19636034508190253,-0.39415062302552517,-0.3826823001177768,-0.15835596236874722,-0.10396237518399298,-0.5591745337852829,-0.2446146778637466,-0.3678226866926998,-0.5060837219351777,-0.2754651435967947,-0.4062285665751763,-0.357446122894003,-0.22790279585933548,-0.35714351814700934,-0.30196733611991766,-0.1878922230742745,X
0.0,0.0,0.0,-0.2220083786757128,-0.23767860090218818,-0.052219456311473136,-0.3776465146700306,-0.489072281595508,-0.13458023235727137,-0.5085271707911999,-0.6524706223085094,-0.22471607144053427,-0.6013548896932748,-0.7513683252939132,-0.31635430001440634,-0.17607817258461853,-1.0811468433266194,-0.14239146934842747,-0.26301187022254535,-1.5166572647274734,-0.26021079643028316,-0.38486881082619023,-1.660752239783522,-0.3283086212970082,-0.47850986898136805,-1.684870388080313,-0.3678512548554324,-0.08473465118377399,-0.9809330850894249,-0.17490089040856013,-0.43307822421128644,-0.9870746762644483,-0.2867733004586616,-0.5384992599322145,-0.6794347248127476,-0.29218861731715595,-0.5147425685931576,-0.4922127291322788,-0.28269218501768606,-0.04970265342008994,-0.7671553672809003,-0.2157435562155354,-0.4182758408332993,-0.7231732162338216,-0.3040329007395687,-0.48416560726120855,-0.4803618776532474,-0.25087560228352807,-0.4443026969325946,-0.35112109724972257,-0.20622355528498945,-0.049434798906447856,-0.5267180604024422,-0.2653639714569387,-0.35033561877632324,-0.4919306998359805,-0.3276263071361738,-0.41528276215759247,-0.34018989589371595,-0.2898694823487322,-0.38177186520860584,-0.25150170231287255,-0.24867487562884485,X
0.0,0.0,0.0,-0.20120906988940915,-0.2436632466665318,-0.04597481231149664,-0.3426807351991271,-0.4986902755729074,-0.11894547336348808,-0.46683171219798847,-0.6739602276501223,-0.19995952584184812,-0.551754912904909,-0.7832071759581782,-0.2815140218156386,-0.155019349499213,-1.0689961347011112,-0.12352886791290982,-0.21803591906051617,-1.4821138179508593,-0.23069019100113752,-0.3317870366547526,-1.619054817517315,-0.29305351439694977,-0.4230161657294192,-1.6519768938592432,-0.3297528491405254,-0.07269874044738357,-0.9853710319734678,-0.15413897133725515,-0.39672231517715506,-1.0007494842966782,-0.2513766431668058,-0.49299330888257686,-0.701095797550202,-0.25779184086779783,-0.46422295326409385,-0.5243511805857423,-0.25215600447338565,-0.04419860300758873,-0.7875927964406908,-0.19229394091565638,-0.3875154815944136,-0.7543721781211249,-0.27080191536936815,-0.4423964967429225,-0.5130746539200818,-0.22532150342212007,-0.39833951273008156,-0.39211467265771527,-0.1881432337959034,-0.046622115159643866,-0.562712796832387,-0.23823836921232866,-0.32562318411722124,-0.536260652790832,-0.29427372192911555,-0.37578417522142593,-0.38566895263708906,-0.26092767372166104,-0.3366294926041936,-0.3034744301741319,-0.22459627711837124,X
0.0,0.0,0.0,-0.2007561720528235,-0.28730134875946584,-0.015471730539840974,-0.343572167074431,-0.5349936711751556,-0.08198896267825506,-0.4948663609784786,-0.6633871006016212,-0.16207072451181087,-0.5844363053963458,-0.7293796877643954,-0.24057166222871992,-0.19373232524323858,-1.0772782242981778,-0.11450679282663846,-0.2544360157912742,-1.4934903969610291,-0.20478788366852652,-0.3929185263456829,-1.5803156159296743,-0.24276533587874258,-0.4994028455133302,-1.5371824372613678,-0.262322991629917,-0.12800343805881717,-0.9792894468445991,-0.15686713850874523,-0.452202995172111,-0.9811175591734502,-0.23427585303854415,-0.5248852461196267,-0.7130218400346974,-0.22628347578570024,-0.4673650768954163,-0.5617009648512212,-0.21985043866096318,-0.10572034520000773,-0.7750640414340689,-0.20322911329690746,-0.4409717329406275,-0.7272242850745533,-0.2587293568068744,-0.47024754444968847,-0.511848105958816,-0.20809950292660848,-0.4017075621334664,-0.42135098708080415,-0.177986635757973,-0.10852276891599405,-0.5537795153328584,-0.25495184349976957,-0.3755394526458543,-0.5182658430373807,-0.2866287200204119,-0.4193381068919098,-0.3897056556144862,-0.24725201535866073,-0.3797948943707244,-0.327252562511914,-0.21595259556293517,X
0.0,0.0,0.0,-0.20011291229182476,-0.2664547529386408,-0.029827786721394797,-0.3359138092708669,-0.5064481734206068,-0.09812950371814882,-0.47139395873371936,-0.646120549191551,-0.17718704904927257,-0.5525072916594522,-0.7201096858822551,-0.2537465691139041,-0.18306152415923488,-1.0701976092510093,-0.11811585120079816,-0.24399995085963214,-1.4758178443420267,-0.21502785625817145,-0.3740931176523339,-1.5585731794646738,-0.2623960886028964,-0.4723931153823969,-1.5101020399040828,-0.2867810029284493,-0.11056763360891482,-0.982045162589279,-0.15284664547552773,-0.4222842502584408,-0.9735488422428877,-0.23596360935480512,-0.49371798586051324,-0.7081808043976948,-0.23551516775070097,-0.4469914877020172,-0.5449576829292668,-0.23092407502477932,-0.0839566189780182,-0.7821269496669306,-0.1931365006492691,-0.4074008902493161,-0.7150382737508396,-0.25343887658433834,-0.4381064438746018,-0.5034507034745742,-0.2078863002672226,-0.383649818032949,-0.40366648881696443,-0.17704292368509003,-0.08703759582124822,-0.5616325022235513,-0.24039891444939857,-0.3399455492778756,-0.5096412430800209,-0.2772552237338247,-0.38915249489490433,-0.3824206235165201,-0.24151143002287678,-0.36770247661398003,-0.31665815417263177,-0.2090090994562418,X
0.0,0.0,0.0,-0.18729141206676664,-0.3037160369896324,-0.05783945260627167,-0.31710678548938226,-0.560219410780713,-0.13754723717514133,-0.43982098195102126,-0.7116342077508354,-0.22639740733588296,-0.5173707939013673,-0.7671518716558962,-0.3128150613138532,-0.13280122185506132,-1.10250644174595,-0.13597987668864567,-0.16813421445192786,-1.558232148395716,-0.26695240839743345,-0.29667117349069544,-1.672165149612195,-0.34083665854896017,-0.4105206924695891,-1.6354684079773807,-0.3786531859667672,-0.0385559503431635,-0.9853541876162033,-0.1661040747252981,-0.32974248901783704,-1.0033386820829526,-0.29295286484721844,-0.4424168349599554,-0.7252758969410777,-0.3083429264910282,-0.43170048192935284,-0.5464636127331797,-0.301816801363358,-0.0015614636272579796,-0.7636831599853471,-0.20736030805839853,-0.3188972077978279,-0.6871650205391227,-0.30453568570246103,-0.3911078613757545,-0.4798013170993725,-0.2624568405057004,-0.3633438426569836,-0.38262181782856536,-0.2208562583793656,-0.0013480652447918464,-0.5268282446687408,-0.25846110089998237,-0.2636299906055225,-0.451457615506009,-0.3164176409511808,-0.3322958599413728,-0.3250832910006598,-0.2832340381096542,-0.30862518774182784,-0.2706884384922322,-0.24508923161187576,X
0.0,0.0,0.0,-0.17721284922072508,-0.2940004450545435,-0.07595649972623561,-0.30551037909634016,-0.5470307343651881,-0.16773325700731337,-0.41064741628145845,-0.7049511544071073,-0.2667721112812835,-0.4560785392850736,-0.7105776589492667,-0.3620043302924567,-0.1050465813568939,-1.093495423015381,-0.14341349813170828,-0.13130765659635965,-1.5409607684720343,-0.28118569007796673,-0.24853055526740359,-1.6620579384076866,-0.3647072049160007,-0.3567517054529346,-1.6372207189853272,-0.40997546942216145,-0.0033752439433534344,-0.9861329697538065,-0.16592279437395305,-0.26944308126880556,-0.9857415012535077,-0.30033701956673775,-0.3876739163114928,-0.6930532991523931,-0.32062820017664595,-0.3891617499902985,-0.5035143864144911,-0.3150148712733315,0.03999009091596621,-0.769610602038994,-0.20134230051567756,-0.2561780001062515,-0.6769405063556262,-0.3022006440025051,-0.33912650134336264,-0.4690998711289949,-0.26073481819148026,-0.3278669044396212,-0.3600625914680836,-0.21772695171635342,0.04500367487416262,-0.5336594879588638,-0.24925654052234128,-0.19716887451751336,-0.4419917543383971,-0.31047887255105794,-0.27137457924795,-0.3224800951733729,-0.2805650414750657,-0.2574296857965275,-0.2668652168532453,-0.24344388257318292,X
0.0,0.0,0.0,-0.1494368759143423,-0.27059987150926146,-0.08962657478502553,-0.25822350919284515,-0.5127385534414302,-0.18318414190015475,-0.33834304188961717,-0.6636651192588381,-0.28004988115802454,-0.3792304567993058,-0.7175231189575498,-0.3720225374483228,-0.05180844888341173,-1.0913874884716193,-0.14697630969899392,-0.0840948810385117,-1.5173000627189173,-0.27954065833476016,-0.1922516384960513,-1.6376199082967267,-0.3642878600104558,-0.2923786418454952,-1.6355865048312257,-0.41132886845508293,0.06500199627846079,-0.98440496629147,-0.16346743657531526,-0.17755444988771021,-0.9637585773019474,-0.28955188603140286,-0.29954057278598817,-0.6880804288702687,-0.31328819958378135,-0.3082296554810807,-0.5143584555732758,-0.3120135277906405,0.1142330697763396,-0.7663012915882635,-0.19322553284622218,-0.1504974338491471,-0.6742955009361774,-0.29239469155293335,-0.24301193060930396,-0.4758109854176741,-0.25383932534327996,-0.2368870470623083,-0.37338589124482247,-0.21339161891597058,0.1274095655700008,-0.5271115032658054,-0.23598583041705884,-0.08987485719379863,-0.4455529187549377,-0.29615069429500207,-0.17954018637660416,-0.3296921961188489,-0.26209288171959116,-0.18064905718200786,-0.27073240895641243,-0.22165909430780864,X
0.0,0.0,0.0,-0.13776896076811462,-0.2537689656616002,-0.09369396640110741,-0.2400469306463396,-0.5037212153184624,-0.18577515095525185,-0.30482847517344125,-0.6506760190825845,-0.28079922799180085,-0.3295579245620682,-0.7095793606277173,-0.3696949981570673,-0.02474001000758295,-1.0920416535977089,-0.1560133127730596,-0.052112321986223585,-1.5272698083962395,-0.28194266885482017,-0.15333179290293594,-1.6420920334910298,-0.3591691750866045,-0.24973643393101783,-1.6477766251254722,-0.4014693619853371,0.10280329297501051,-0.9799266025545231,-0.1708078937269698,-0.12517014235360988,-0.96067459419774,-0.29288101610325157,-0.23684245975594803,-0.6802936811223311,-0.3180426723619078,-0.2509262636667269,-0.4945822181450032,-0.3181030912876657,0.1588807212015589,-0.7566669942716976,-0.1968606022100383,-0.09517825530367904,-0.6638570254651763,-0.297945814488645,-0.18600986815911016,-0.44132880774132904,-0.26056838226553386,-0.19141582192417503,-0.31615704067711053,-0.21918246741366162,0.18100034378254737,-0.5140132154538353,-0.23563024218404408,-0.02565580522063892,-0.4352965280366431,-0.2984809873934952,-0.11046217878402145,-0.3000431608608673,-0.2634417168250071,-0.12043898506132308,-0.2252081778727577,-0.22070130104761518,X
0.0,0.0,0.0,-0.15624641587281698,-0.2740613650680489,-0.09460471719912089,-0.25988467815811533,-0.5253737685156592,-0.18528429809617739,-0.31362356328677327,-0.6697936024721033,-0.2785895707314193,-0.3179205072947901,-0.6798366763031418,-0.3652254115985195,-0.04305452537155354,-1.0943027250499284,-0.13770700045227377,-0.05446033179548213,-1.5114034083820458,-0.26225746956902424,-0.14605587910912085,-1.6420420242025018,-0.34199815299845426,-0.24250046727326832,-1.6551831875500806,-0.3855207500674302,0.08792237971834811,-0.984673199754853,-0.1506265077242449,-0.11871258534003666,-0.9639153981045115,-0.2764209730465507,-0.22764364520454636,-0.6830110963543974,-0.3060552601025401,-0.2522146905568959,-0.4831607941289942,-0.3062241653493852,0.15154812098871706,-0.7664069932882912,-0.17638696884603622,-0.08468011030290129,-0.6737499317284341,-0.28004834916066584,-0.17529129466347465,-0.4575689988661703,-0.24900835938774085,-0.19361718906262151,-0.3207693598323859,-0.20818586948864404,0.17524150198491492,-0.5233317215224186,-0.21506055926277162,-0.012839945000907096,-0.44209277776305705,-0.2755133510074194,-0.09664731549828351,-0.3129666829503892,-0.2441109621859385,-0.11690117146781716,-0.22689648144000454,-0.2034219310286544,X
0.0,0.0,0.0,-0.15102886510153196,-0.262182408818344,-0.09265954219485477,-0.2545854635304672,-0.5060567131843258,-0.182535355096524,-0.3197663305101156,-0.6482733097882761,-0.27505351086236485,-0.3482234207287085,-0.6844534402625787,-0.36247237299415286,-0.058108487818918364,-1.0855042924600482,-0.14321954556605576,-0.07915086210007709,-1.509916587902997,-0.26894269224512657,-0.17471619194260557,-1.640100931682766,-0.34952627730824853,-0.27100546175396384,-1.6505775984509305,-0.39404941496343887,0.06916834381330998,-0.9853317953827323,-0.15600318337125443,-0.15321063987390296,-0.9435628372881015,-0.2801809753842422,-0.26543682038945093,-0.6668466008067605,-0.3073784466965081,-0.2807615068419259,-0.4871659725538411,-0.30835073982977845,0.12724862617889732,-0.7731620797051438,-0.18148487478747571,-0.11771324728464273,-0.665221468951599,-0.2832303962188545,-0.20425532077771147,-0.45776593531702453,-0.2510294987049053,-0.20918214981691727,-0.3403057075402043,-0.2126510192978492,0.14731625317582184,-0.5382864210479702,-0.21962244989674926,-0.05106901502040783,-0.43877426340746317,-0.27928890879163526,-0.13208005442007167,-0.3096306178983937,-0.24777762769852854,-0.14069875608106774,-0.23531063099138644,-0.20881832680244297,X
0.0,0.0,0.0,-0.17739392323482037,-0.2544539903743349,-0.06532389445835966,-0.31455849212892645,-0.48813483370507244,-0.146609689132057,-0.4377044093848871,-0.6346019313327476,-0.2348728838897253,-0.5026715412212802,-0.6832647912430466,-0.31975444723869473,-0.16676199758258553,-1.0770081107933887,-0.14008956120385055,-0.21702587492681258,-1.5297410151877198,-0.2676516983291228,-0.3482529764259811,-1.616969519931741,-0.34539391412433335,-0.4571459930450906,-1.5708735145118828,-0.38774254488310617,-0.06379074148913613,-0.9847649172244752,-0.16176773196202798,-0.3407897762464105,-0.9433781291028732,-0.2803849593633881,-0.44385446113125115,-0.6395119528304722,-0.29868683024715803,-0.4295652722102075,-0.45778428771555213,-0.29689729653089025,-0.01635193415010812,-0.7749457872150665,-0.1935483477780394,-0.3141641955484462,-0.6606932076671902,-0.28287818790409125,-0.37948771083258104,-0.4258329951001948,-0.24097320850038148,-0.3509128534956767,-0.31616438410849224,-0.2023075508535557,-0.002158340485183692,-0.5457416724364709,-0.23578501631669388,-0.25071467225395644,-0.4393901897512947,-0.290710719543254,-0.3142795597952076,-0.2985369438498251,-0.25717709525224697,-0.285135734659135,-0.2435084689527346,-0.21948988416367074,X
0.0,0.0,0.0,-0.19750369400327353,-0.29576024040300325,-0.023418737216043026,-0.34844538016495336,-0.5488884561552,-0.09353558484889124,-0.5143671965678098,-0.6421911926939308,-0.17826039856316642,-0.6144398898324168,-0.660996806675127,-0.264503309627089,-0.23174173328435285,-1.0968613363532909,-0.11737968004093913,-0.30428042895558044,-1.5231900232016105,-0.23569269382354008,-0.43654431200277205,-1.6256879075659525,-0.3046335939811319,-0.541629227641884,-1.5925507298066124,-0.34252479338870556,-0.14707065137901798,-0.9758606184676687,-0.16145053987785415,-0.47301194084753445,-0.9131049470194471,-0.2682103439095319,-0.5576522088122584,-0.649577160284716,-0.2777161933874013,-0.5242884816026006,-0.5077210314989965,-0.27532643831936876,-0.10697153264642996,-0.7438187841964964,-0.2122828239935035,-0.44940417518260695,-0.6198607318541537,-0.2878869541141926,-0.47994052238072965,-0.42253897407413954,-0.2407245265917708,-0.41707686816671496,-0.3629290040413295,-0.2040673417721306,-0.09580241699055136,-0.4965966630438312,-0.2698062715792822,-0.36970860687035356,-0.4092152941012827,-0.30623213413715134,-0.4152985018724998,-0.2859804315477132,-0.26089536560909976,-0.3724113913828967,-0.2516453953405368,-0.220285572797713,X
0.0,0.0,0.0,-0.19671916575826487,-0.30885673468001323,0.022554223189623218,-0.3732613407319783,-0.5384467198492887,-0.03365474244970302,-0.5873180953609716,-0.5867538951331701,-0.10793770214093155,-0.7343045669864063,-0.5861358455790701,-0.18538802626898876,-0.3282276091678641,-1.0750254904551657,-0.11236139723639518,-0.4276318419172256,-1.4893585782738696,-0.2072809062175706,-0.5771229837146173,-1.5673401148436272,-0.25276699580006035,-0.6969737244796527,-1.522198684626916,-0.2775388021208696,-0.26801946217237155,-0.9485355877768884,-0.16865884684055443,-0.6336285159777321,-0.8080294360820963,-0.23357486928006418,-0.6517256780088628,-0.5544112861992188,-0.22063980108378,-0.5769579179405363,-0.4761406139251895,-0.21862104328427387,-0.23410872838465055,-0.7068552111552531,-0.223709077382983,-0.6063512615110306,-0.5166458606872617,-0.25937737267769917,-0.575109993069718,-0.3430386092966345,-0.20519723833190434,-0.48298353735955113,-0.34547427656303314,-0.1820619170963027,-0.22296489443677495,-0.4512403066052545,-0.28027106349383163,-0.5214062493719062,-0.3346657155562827,-0.2992898709510427,-0.5116803574833494,-0.21147144576740318,-0.25272369985931775,-0.42904599558172946,-0.20256628255554757,-0.22014752962003245,X
0.0,0.0,0.0,-0.1547583350130388,-0.3557486792313741,0.03977687067466211,-0.37491028329851755,-0.5578103291081664,-0.010539885787216461,-0.6381051885362522,-0.510148598368869,-0.07648713119625225,-0.817647283918006,-0.41005080697450697,-0.14539705114934087,-0.4167612497205173,-1.0164712133962206,-0.12506569645411725,-0.5643455058845792,-1.4254193305810363,-0.19043523150268463,-0.736324783709702,-1.4933473261612555,-0.19751801967523944,-0.8589997429801123,-1.4436659431892513,-0.19782625126364067,-0.40754583781387477,-0.8943455522294884,-0.18453298699126425,-0.7843103622959374,-0.6623792220971929,-0.22993737239765014,-0.7759782544886681,-0.45699540273439565,-0.1998008740906637,-0.6911604414230094,-0.4156529502068857,-0.18858377622933967,-0.4036159987723793,-0.6374932737842662,-0.23625919014662677,-0.7817596056588186,-0.36829020259219597,-0.25858848782194327,-0.7313876201855023,-0.23247363111350092,-0.20797496203909827,-0.6466192333361834,-0.25032710820340587,-0.19038120000621808,-0.4075346183659939,-0.346787675886137,-0.28664127691338986,-0.6803588421686767,-0.15932859226870386,-0.3167369152041077,-0.6392222816711958,-0.05779653091552435,-0.28865037301016827,-0.5560543339006587,-0.05605205838421855,-0.2668501708516365,X
0.0,0.0,0.0,-0.1340055255442045,-0.45086551173195444,0.07103867834662048,-0.31894622357407204,-0.7048950508840071,0.0632495206984085,-0.5153133573207006,-0.6810001740109987,0.04028032171070769,-0.6665377364871871,-0.5343344096060259,0.01043851328599377,-0.43531494825927747,-1.00670321124533,-0.0737919718636692,-0.5939838137844877,-1.4622106727281587,-0.12759244560297336,-0.7766098983884876,-1.5064952677613734,-0.12462300046204385,-0.8805671168910928,-1.413500258193194,-0.11377765334416308,-0.47704573936281075,-0.8690047051897833,-0.1313704111046582,-0.8380764506364811,-0.6739876300780449,-0.17260696727546498,-0.8231299068004294,-0.44243563683491294,-0.13710161993760248,-0.7228257507131177,-0.38154320541056813,-0.1111264198384186,-0.5062724651925073,-0.613357926520921,-0.17873880827457933,-0.8572167801012347,-0.3486872726014638,-0.2092171890661376,-0.7905087114804402,-0.18239993507180366,-0.16854082810828117,-0.6919495010100462,-0.19840979520339952,-0.14535409984953906,-0.5283174325307011,-0.3090020056070078,-0.21940310235778357,-0.762468395995458,-0.08953581232851697,-0.2642219597571879,-0.6932625042011938,0.037594258520956804,-0.2423226497346061,-0.5926873503622208,0.03336421262970848,-0.21475367790366504,X
0.0,0.0,0.0,-0.13657741699018475,-0.4656725917300692,0.0851321078829779,-0.3245597305371355,-0.7278140166489778,0.0866077038242803,-0.5092208250847022,-0.6916580869935871,0.0661045606391749,-0.6521581697438319,-0.560619430319171,0.03975771524862027,-0.43944107320516695,-1.00618046218566,-0.029539215092949822,-0.561715618332769,-1.4417399393268258,-0.07729257950555388,-0.7298571984616964,-1.4581757192415568,-0.06950813075958111,-0.8172032209554192,-1.3336313549051477,-0.056665566550635045,-0.5046236660060853,-0.8579140679540027,-0.09663543715011502,-0.8306049357956181,-0.6975575497877302,-0.13623169027254647,-0.7989167437315872,-0.448369058718485,-0.09899550687520951,-0.6771748638918171,-0.39107578407829,-0.06832739374052747,-0.541712508882122,-0.5823700294345671,-0.15518952273735198,-0.8663303592538129,-0.35429881103613015,-0.19126938543788408,-0.7855051425277784,-0.17943360489212276,-0.14484625184558683,-0.6670925705303459,-0.20158385276678067,-0.11402340682211398,-0.5615634282505313,-0.2588115179030188,-0.20590859962911295,-0.7768416921377199,-0.06681773742464536,-0.26267480750935357,-0.7066080662924561,0.05980261347646058,-0.2412350109499448,-0.594044926097565,0.051194586639973,-0.21005342012422867,X
0.0,0.0,0.0,-0.13383311736635362,-0.49287839776234177,0.06743504496949133,-0.3285339270713708,-0.766550176750734,0.05829942564334894,-0.5157159125742126,-0.7426880551543562,0.03347877575533902,-0.6650331321621514,-0.6145643164909703,0.0011332041119196238,-0.43326877888325277,-1.0439262306362507,-0.06801621149017587,-0.559724223289577,-1.4904684249318965,-0.12355826529656251,-0.7298968539743396,-1.5652365214594501,-0.12364133540189082,-0.8313845970773873,-1.4839946870471286,-0.11462581179813103,-0.49311406992556783,-0.8604192185449985,-0.12851957983068713,-0.8457962019144518,-0.726986869884024,-0.16347640960856435,-0.8194481800936706,-0.48193224496180626,-0.11744801942892291,-0.7041610126524197,-0.41711578361015816,-0.08392420558205238,-0.5267502849010893,-0.5605509662792899,-0.1809543912766147,-0.8760630611232089,-0.38453190155599376,-0.21231186437976632,-0.8085603151944677,-0.21118399806241783,-0.1555940638514729,-0.6960404052527017,-0.2171054186983416,-0.11907290298379271,-0.5414990143566724,-0.2168221710048386,-0.22707294063066547,-0.7824848286961338,-0.09681147806748423,-0.27660989817114934,-0.7218792743785988,0.019024540855504386,-0.24313283279649628,-0.6141323558816348,0.028731209310944403,-0.2037706191893839,X
0.0,0.0,0.0,-0.148691003841919,-0.4150053199189873,0.04631834145076694,-0.36358472501001704,-0.6672074829885916,0.0052481415603252484,-0.6265701490287106,-0.644983387590452,-0.04994275543053135,-0.8131008480485854,-0.5401629841770278,-0.10930087379422335,-0.40484805241398103,-1.0555866838326364,-0.1258201021939505,-0.5240530237094043,-1.521614453843966,-0.19467152292170561,-0.6996638116318585,-1.5873771163728194,-0.20093171561065665,-0.8240334501964989,-1.5099581666772446,-0.1960689772868884,-0.4057579712202554,-0.8959362200382724,-0.18071734397880804,-0.7916255246295306,-0.7501998698355403,-0.2245036079496664,-0.7879099982421842,-0.5403158670643615,-0.18613282551190996,-0.6995239149357269,-0.47246331317409757,-0.1648302700854672,-0.4145868103934287,-0.6230662385298167,-0.2264957892900579,-0.8053182826893086,-0.42247621668941365,-0.2458579421242687,-0.7628032635378876,-0.28859980074270863,-0.19072519649981287,-0.6795729932793731,-0.293462834207186,-0.16612250678784207,-0.4288497803032626,-0.3217591545551439,-0.2690695967814804,-0.7155916702819435,-0.18343349241817392,-0.29074539452721765,-0.6726498776651081,-0.07684932812693715,-0.2524259296802627,-0.5857920329505705,-0.0643884873871038,-0.22099241116451562,X
0.0,0.0,0.0,-0.1547024773419539,-0.34943467232386344,0.04034491805636811,-0.35409523498546386,-0.5883087845592369,-0.0075866695534116246,-0.6095275043361785,-0.6069826916602278,-0.07304662186291114,-0.7865765607586646,-0.5586762500749263,-0.14264148956085376,-0.35086182901629803,-1.0716709280595458,-0.10466771638864467,-0.42113026300241047,-1.4887108370183506,-0.16931025389013976,-0.5696495283793782,-1.580283803319465,-0.18146986437091514,-0.6943890406407713,-1.5349640566564062,-0.18548503433487126,-0.3159452828514922,-0.9344632202910297,-0.16418607787266631,-0.6795343147306439,-0.8200837406352678,-0.19964290945717228,-0.6777165540158803,-0.594447520513643,-0.16782853232737224,-0.5905333699590116,-0.5278962345176518,-0.1580884985795211,-0.30134956429709536,-0.6764021570914455,-0.21802343840307997,-0.6843539445359657,-0.5399107747168589,-0.2395645765537777,-0.6494434157137677,-0.37897563855109756,-0.18718689579853526,-0.5609154863958333,-0.3696762279860034,-0.16927007831734744,-0.30950751113183345,-0.3998495384342484,-0.2699128804818856,-0.618435264384577,-0.3108483320390245,-0.29783621169049157,-0.5906662747435684,-0.19214159817742055,-0.2659112658902717,-0.5008610990512131,-0.17088441973250673,-0.24399345517350016,X
0.0,0.0,0.0,-0.2207012161770345,-0.28259172735133886,0.009122246331585048,-0.3976399421533603,-0.5189115314019755,-0.04667232830004804,-0.5980658423863908,-0.6050775731272885,-0.11800536486695579,-0.7372825421634892,-0.6285608191059774,-0.1930903020685173,-0.31572650689756965,-1.0720290346616261,-0.10211726796627865,-0.37554706107490254,-1.4813806466844601,-0.18799603134442935,-0.5118217261355131,-1.5984147287821764,-0.22593438904157592,-0.6318929809329134,-1.5916758906046915,-0.24762162938039023,-0.25275891099479725,-0.9552889596216577,-0.15341426445312967,-0.6175717068740422,-0.858124230486746,-0.21539925378268218,-0.649285431848043,-0.6056115734200667,-0.2029336153963793,-0.5825707497529117,-0.5098418740155299,-0.20020864872993857,-0.22732306532486007,-0.7160929195112986,-0.20569462708258254,-0.6077790008153061,-0.5766773506596483,-0.2559476760143062,-0.6005401665016178,-0.38497468279554153,-0.21125536547621543,-0.5199117691917586,-0.3618663418499893,-0.18971058659481932,-0.22965646246626878,-0.45510696676445334,-0.25952811728771197,-0.5372074862607483,-0.36231686623493087,-0.3005349204603092,-0.538291199958368,-0.22516447655515623,-0.2694089947741004,-0.46124735633796254,-0.2018695424038516,-0.24443102366554853,X
0.0,0.0,0.0,-0.18904327409207206,-0.30911189572548975,0.009405150664719527,-0.3617131703144908,-0.5481604904143009,-0.050977792730905684,-0.5699775805203039,-0.6173414205405741,-0.12733321164778721,-0.7280482276184589,-0.6344859342643743,-0.2076891434814723,-0.28362756885967144,-1.0849820452836634,-0.12268244519816046,-0.3617065994672856,-1.5229679672436962,-0.21230105686358466,-0.5008126081658147,-1.6377193654494635,-0.2497516005093186,-0.6160683188945769,-1.6205346052865317,-0.2698865830649433,-0.23404325183029068,-0.9561521375946404,-0.1760592117609957,-0.5941299027883932,-0.8912126893392894,-0.24609193195744494,-0.6488716308544707,-0.6401572794217594,-0.2334672517524671,-0.594385227136936,-0.5322268899611635,-0.22905398916175318,-0.21548999540032987,-0.7159442577203496,-0.22892802836756168,-0.5918038228777712,-0.6154403336402564,-0.27616887034171045,-0.5960572730775314,-0.4167766352205061,-0.22403139782931913,-0.5155054918627519,-0.3816211946342842,-0.19944613299917294,-0.22121367266224162,-0.45834357996714997,-0.2841778823947444,-0.5183703812441958,-0.3909658780524607,-0.3203530949998937,-0.5262002497084716,-0.25723623040642846,-0.2816859179263318,-0.4467063748937206,-0.22510079813031486,-0.25186198649360375,X
0.0,0.0,0.0,-0.18453765578151987,-0.31891495983493284,0.013813964364138918,-0.3479025572235111,-0.5730260527917775,-0.05047038238058634,-0.5553067876917219,-0.649110264868652,-0.13112450921284874,-0.7035694587807048,-0.6699964890522645,-0.21316976650840155,-0.26953678204176457,-1.0962896258926034,-0.13107937737637246,-0.34571465032643456,-1.524083709131984,-0.22541929217342835,-0.4875784445483598,-1.6255825676392317,-0.2611465493348048,-0.6038863294136645,-1.5899550565637703,-0.2792624351271965,-0.21144501754279127,-0.9597845907240822,-0.18467415619120772,-0.5776619238470067,-0.8911568365400612,-0.2520898160719341,-0.6149010558188452,-0.625762506387515,-0.2259997771311873,-0.5394010271188618,-0.5279629568575411,-0.21259667838890675,-0.18980442708688725,-0.712187832049606,-0.23754562989292835,-0.5619893027177802,-0.5934213048836923,-0.2736675055949303,-0.5514728896272361,-0.4114041356445087,-0.20472868099270708,-0.4605580724460905,-0.3948432265396821,-0.17132928669451025,-0.19672697785691562,-0.4586658166182782,-0.29327513345002754,-0.49521420624996193,-0.38838139312439146,-0.3183300043410721,-0.5002814297681735,-0.2771936775669785,-0.2700049861553388,-0.423141861278515,-0.262880294987944,-0.23513434404180733,X
0.0,0.0,0.0,-0.18076401874281148,-0.34219036360760763,0.013715656530426307,-0.36384027002620584,-0.6091913938157325,-0.0523481644460891,-0.5943612126933733,-0.666368898838996,-0.1369705176811559,-0.7560389286984991,-0.6595327019295729,-0.22598520411901596,-0.3061564419368081,-1.1271455673291653,-0.14436555584367672,-0.36392024090180936,-1.5683564659065756,-0.2543836528026025,-0.5198951979597966,-1.6885627181379288,-0.297050681166647,-0.6472322263856317,-1.6734794948420184,-0.3171752624926248,-0.2348109623849885,-0.9504314169583328,-0.20382329013734224,-0.630233760298776,-0.8695147365514513,-0.2958365561716641,-0.6961280907628183,-0.5900537664862416,-0.2732166149679473,-0.6352459050873448,-0.47331872769414246,-0.25480767748257466,-0.20329360479304798,-0.6587236831313037,-0.26300878029534797,-0.6178215642480216,-0.5286829229529761,-0.3261237050738642,-0.6356428948369823,-0.33969933051231727,-0.2596736665440145,-0.5508909544675772,-0.3136512646545595,-0.21746846998658007,-0.2058128067340733,-0.3649059117835011,-0.3238499958170141,-0.535922793744923,-0.29728588143964524,-0.3644588483699116,-0.567623726272204,-0.19237388012818293,-0.31794071506761745,-0.49547185383146347,-0.17595287537889373,-0.2784580195465391,X
0.0,0.0,0.0,-0.2639928817589862,-0.14733052809176675,-0.14368865762499614,-0.5025426432292004,-0.520073295544937,-0.21180848193755666,-0.6653349064355805,-0.8433952203394238,-0.2724811467930859,-0.8085568740440374,-1.0365707478523287,-0.3134786958482204,-0.32306186346811994,-0.9120340503855727,-0.0745485968156597,-0.2298809371265147,-1.16601389029062,-0.18118766488477747,-0.17013729370421446,-0.8845475424761454,-0.23548476378609262,-0.1619164283991261,-0.6342674493725144,-0.2438582321584282,-0.16342948153486034,-0.9856576161166918,-0.04206980337970507,-0.08738298842012908,-1.2263664993056826,-0.18524640013687405,-0.05695751520723054,-0.8465094887621083,-0.24376164524565774,-0.07302106763207526,-0.561386964630216,-0.24029055838663277,-0.031004143703505568,-1.0198706578878165,-0.02968822278587585,0.043640945640737984,-1.2775982402055597,-0.15942691000805312,0.05817102126547409,-0.9484038311146303,-0.1780799277797627,0.0327347088648268,-0.6756383047180416,-0.14071766333536287,0.07112813433897781,-1.0181210306397457,-0.02633746003079391,0.09294979853976865,-1.3722670304968374,-0.07049263258677642,0.10740362581750712,-1.569277781784842,-0.06693436221045337,0.10743153815881874,-1.7495690406271787,-0.04493785761409522,Y
0.0,0.0,0.0,-0.2578233270819405,-0.1598519741783822,-0.15212705806640422,-0.487049328651847,-0.518987422593687,-0.228984397545305,-0.6467103731161447,-0.8530987064859388,-0.29555063379449037,-0.7924064638518445,-1.0514997577535632,-0.3419152690957279,-0.30431086711703653,-0.9138487964764893,-0.10659301717810218,-0.21497649234798832,-1.161122504505244,-0.21126413053044527,-0.15191953003262215,-0.8670245380139271,-0.26048556421784047,-0.1390971451884852,-0.6174737172830427,-0.26890718216149656,-0.1434457282562089,-0.9870494432164973,-0.07181030351591908,-0.06850029824458372,-1.2151158226350107,-0.21288788994323327,-0.03906234698612467,-0.8280792232518474,-0.26677951542974976,-0.0544403812256182,-0.5495027390689248,-0.2655657031789017,-0.008264815662047436,-1.0146680449577334,-0.055497605003188774,0.06868052786961279,-1.2723806929935058,-0.18234899983429517,0.08040548482999202,-0.9336265735845033,-0.19438555509119382,0.05306976669316149,-0.66002094952344,-0.15887189682005773,0.09238624079435499,-1.0025625660803168,-0.049798955962703374,0.12642021467994685,-1.3456365120677063,-0.09800925735761537,0.15195664596653352,-1.5399019789153687,-0.09777530785188857,0.16465832043101278,-1.726053100103327,-0.08176008017434655,Y
0.0,0.0,0.0,-0.26478512675464244,-0.15107121405644158,-0.15488385178259395,-0.4947237823779316,-0.5226835497147034,-0.23243102709020658,-0.6532288111491875,-0.864786364682155,-0.302220279799032,-0.8084954434111213,-1.0707470985357537,-0.3538365539122846,-0.30128306858839127,-0.9199692089257372,-0.09380407310435228,-0.2097442136948143,-1.1657625915685255,-0.2050430819065534,-0.1436495648716633,-0.8795184836244375,-0.2664599999479907,-0.12658369175079603,-0.6374210565928831,-0.28387603335092026,-0.1382041384549655,-0.9884959499619311,-0.061444064178568576,-0.058596965075647336,-1.2249593848612288,-0.20824954389953076,-0.027104800920348567,-0.8435483906216978,-0.27182793447284415,-0.04215254778078894,-0.5561502469811332,-0.2766280809005458,0.0010134562382820337,-1.0156994268481276,-0.04946640287457281,0.08149925123131589,-1.2899395359605204,-0.17916007192635444,0.09478569968764623,-0.9615942458069068,-0.19744222348157375,0.07216693796809594,-0.6846033751808043,-0.165570689099699,0.1082086724254924,-1.0055979817415166,-0.048902242259684287,0.15913493288201205,-1.3473314376998178,-0.09707047567761148,0.20065453516953582,-1.5376187447245935,-0.09889769182346204,0.23049387689687947,-1.7111319823836726,-0.08462756733258378,Y
0.0,0.0,0.0,-0.2580392896696071,-0.14855235487889595,-0.15312019106341207,-0.4816238474534105,-0.5041561972975921,-0.2304390016077847,-0.6413781848641704,-0.8275236392288101,-0.29954465439811606,-0.794634479294933,-1.0155518514735562,-0.3490589251355128,-0.2990675849944985,-0.9243270770901967,-0.0955606006357434,-0.2168934451083924,-1.1511902078479905,-0.20058418394582336,-0.15006867435750268,-0.87045505012278,-0.2527795335902494,-0.1293668747717084,-0.6341344594381108,-0.2650808313266121,-0.14127054087346896,-0.9879652128172929,-0.06298708235978884,-0.07049243826410696,-1.206591031587255,-0.20214924285115288,-0.03730776349031083,-0.8314303454125397,-0.25835282033993895,-0.046482185870508105,-0.5556197783196687,-0.25958308555787685,-0.0019329954028925722,-1.0055033618668427,-0.05048985212800063,0.07010958237150075,-1.2578608862142735,-0.17487078102482453,0.08102261705988831,-0.9298794725824531,-0.18956997646849133,0.06238942135352722,-0.6593261144917415,-0.1567029391038804,0.1100868299157468,-0.9810206140791957,-0.04984360837338465,0.17000706060683948,-1.30144932510233,-0.09942154306301325,0.2211948277783249,-1.4718379282024872,-0.10340406727285953,0.26230718065768216,-1.628634818765302,-0.08989811560468522,Y
0.0,0.0,0.0,-0.24606278581614974,-0.16326162033750938,-0.14504231733573664,-0.4680329056516492,-0.47669585941596687,-0.22328282262809893,-0.6457753444975713,-0.7542523637138343,-0.29260736900285517,-0.7986204682353554,-0.8886813074209972,-0.3414340400713585,-0.2923560619343431,-0.9224256234623045,-0.09984785137474497,-0.2155959741156541,-1.1297085881710247,-0.19012243046019922,-0.13807040291648207,-0.869147789128265,-0.2300840302203908,-0.11238053866773584,-0.6337657890989458,-0.23832438000216496,-0.131885399096806,-0.9888586909000352,-0.06902703047752312,-0.07138482785781836,-1.1938133633965708,-0.19732158433150884,-0.028835860837420034,-0.8348000658465187,-0.2492947893236296,-0.026497060741892807,-0.5732492968245902,-0.25281321873214424,0.01249896802583121,-1.006151801095813,-0.055457447453061845,0.07164274863077644,-1.249767842196642,-0.16769373158971845,0.08701864774756592,-0.9374305624550247,-0.1822487819255335,0.07612515692822187,-0.676090906362073,-0.15630852954368757,0.1263875471636034,-0.9733710261149638,-0.05365026067911197,0.215428484823585,-1.2640292688376866,-0.10445940912096445,0.282450948990631,-1.4197484578800628,-0.11501011009819302,0.33571254386859534,-1.5696571058546132,-0.1087472922181569,Y
0.0,0.0,0.0,-0.24541842090586824,-0.15906741318631892,-0.14889225796115277,-0.4666749628438967,-0.4665928837379527,-0.2317342260571602,-0.6441587175819732,-0.7442298792378054,-0.3045564662172673,-0.803223289568471,-0.875763224957461,-0.3568220337548003,-0.2909035045313603,-0.9244159306946547,-0.11477083911334585,-0.20921616847377708,-1.131537819211383,-0.20298493401977594,-0.13710430719117217,-0.8536413274611994,-0.23570448711833372,-0.117270838306404,-0.619111331336545,-0.2376764770997477,-0.13093827220156132,-0.9881364661499584,-0.08025891313456675,-0.061128729840686465,-1.1843093176226218,-0.20476466947995947,-0.024831770747890666,-0.8141824286563443,-0.2482850831596879,-0.03193571736734659,-0.5575630509889369,-0.24597094563592403,0.011956084536224248,-1.0049068059386692,-0.06211670790444053,0.08179940560608374,-1.2434864588750545,-0.17044696121256503,0.09221682259472642,-0.9171197295539683,-0.17728724843473007,0.07315616006130822,-0.6578908676952787,-0.14681069434635893,0.12305583683111315,-0.9782033158863855,-0.05587381747314013,0.21066865296011744,-1.2705621461039074,-0.10126722801065327,0.2794200062320523,-1.4205898085259672,-0.10577556101850939,0.33436723232854615,-1.5668445154299884,-0.09576731626521945,Y
0.0,0.0,0.0,-0.24696003523037816,-0.16474176800902307,-0.14340665968705743,-0.4728447874263884,-0.4761369954596689,-0.22317725274210445,-0.6508577760433095,-0.753517676870231,-0.2950948329058836,-0.8067976769613018,-0.8897732325243953,-0.34768497857403946,-0.295033677971997,-0.9235108789157143,-0.10124673618106321,-0.20825300607273628,-1.1373904214560864,-0.1925815922999069,-0.13549279371471776,-0.8711011808602382,-0.23214185874734766,-0.11653933473309497,-0.6407557685084266,-0.23867775700481195,-0.13242210540044913,-0.9885977512395868,-0.07168592780556159,-0.05888979378924659,-1.1963790619804153,-0.2007594491286884,-0.020969996772570085,-0.8315805175020976,-0.25143822252656883,-0.027017034334725788,-0.5702983309038578,-0.25252032462053947,0.012273093967001282,-1.0079330741554366,-0.05906435985652906,0.08419101623063721,-1.2547865352186738,-0.17151246706296067,0.09831161041230488,-0.9381640219567507,-0.18633263532817945,0.08028479932503724,-0.6800352715910732,-0.15947428501818736,0.12369558077198921,-0.9837726138716902,-0.0576583244143694,0.2075243736248816,-1.288719621245807,-0.1048368226337364,0.2756584299905114,-1.4496284219656186,-0.11223642241191219,0.3311639305144463,-1.598964910213239,-0.10369560769686992,Y
0.0,0.0,0.0,-0.24946291664107167,-0.15760134788451016,-0.15325835918641115,-0.477316193699545,-0.4675597824460147,-0.23594400596550774,-0.662085204300527,-0.7436962660023546,-0.3091133466167271,-0.8215985983483866,-0.8749783760965136,-0.36103504258460234,-0.27963255205093746,-0.921458560777159,-0.10398737705838813,-0.19759997180157884,-1.132926492792509,-0.19475760299843198,-0.12846268979428233,-0.8515834628460639,-0.23306070421282143,-0.11441186025575546,-0.615395528071071,-0.23898321807945422,-0.12103604007676755,-0.9903172602255986,-0.06798530063035108,-0.05236749937157511,-1.1845298709474694,-0.19934952067559816,-0.020950739537247236,-0.8028939505001261,-0.2503562163490137,-0.03093851059506146,-0.5446114713472547,-0.2511308359129117,0.01897657485110378,-1.0105640954815929,-0.049759872623275685,0.08759567428305198,-1.2464455577487192,-0.16673307706160784,0.09851966022011935,-0.9160184360640988,-0.18113437312557956,0.07887214193659212,-0.6537340661595926,-0.1521038678205735,0.12616113513851515,-0.9856827747214285,-0.04321069160868227,0.2097843932751356,-1.2819168189203136,-0.09564665803192754,0.2772837746405972,-1.4299966015992036,-0.10474886378408059,0.3321122450810283,-1.5747932935759328,-0.09541343625661595,Y
0.0,0.0,0.0,-0.25190039961900906,-0.1488922595379006,-0.15215871100478,-0.48053773186937476,-0.4477668304413609,-0.2366847642954953,-0.6591295096292994,-0.7151963940924032,-0.31223680453237074,-0.8074586875722615,-0.8695660761826569,-0.36848704204036437,-0.28893883318028574,-0.9245230955043182,-0.10785215675213876,-0.20279853408989232,-1.1407719935268823,-0.2000854792525186,-0.13262169408687913,-0.8685003116428612,-0.2427499551926218,-0.10855906363620614,-0.631491854319048,-0.2521852070117821,-0.12571771294212783,-0.9893842151610163,-0.07289671764092374,-0.045247856428686235,-1.1894817471848358,-0.2051192393662945,-0.011540935709199623,-0.8145643171201945,-0.2625547404628394,-0.015828281156245703,-0.5468014424001847,-0.2684803992933427,0.01972575171916863,-1.0072574220414456,-0.05473050540444487,0.10160299265037936,-1.2527683475349152,-0.169010693355229,0.11240156823185925,-0.9336707746502406,-0.18946654171959423,0.09705903283288174,-0.6658564492283096,-0.16664893436839956,0.12986892174930795,-0.97943633379391,-0.04839855879606693,0.22176371021544367,-1.2670515097856399,-0.10350318430944913,0.2912585887408185,-1.4113112887331722,-0.11847435988667962,0.3510155431112747,-1.5410955245445355,-0.1132790074189079,Y
0.0,0.0,0.0,-0.2388938376270151,-0.1633663770372376,-0.13868051718390936,-0.44694948071204715,-0.45104631074633156,-0.21754228292500935,-0.6119618214291571,-0.7036763640048749,-0.28878199977280267,-0.7571669931597732,-0.8433459687574747,-0.34171162406953326,-0.2827487274029008,-0.9328752112066202,-0.09516276965937095,-0.19741445902876312,-1.1160101680874046,-0.18104018211955938,-0.13133617298516795,-0.8586297001766325,-0.21637649959917954,-0.11340103320888145,-0.635232897735301,-0.22079727333444304,-0.12453719139003722,-0.990058547875177,-0.06538011731388345,-0.043357788690364,-1.1691392139343746,-0.1896227911235106,-0.010886696083837103,-0.8024709508310458,-0.2394696518500724,-0.02135468477412352,-0.5453931190334641,-0.23981571973979818,0.017996517783178543,-0.9982175688705494,-0.05157930000075097,0.09688761469124782,-1.1972263368209093,-0.16446111268304403,0.10346721548946738,-0.8722149016030847,-0.18237183039346938,0.08045258986558523,-0.6173785824631397,-0.15671460810651733,0.12801477202805434,-0.9586849669562445,-0.047819612217813875,0.21159217091778706,-1.2259998602894693,-0.09950065839739428,0.27833498023402037,-1.3591910467997657,-0.11084362551885152,0.3328237616297126,-1.490378180614733,-0.10323321793687676,Y
0.0,0.0,0.0,-0.23375752012259046,-0.16462935426390854,-0.1442255057409053,-0.4349117746278245,-0.47331047014653715,-0.22020322272079787,-0.5765931510652437,-0.7627582313655044,-0.2867667259634316,-0.7013402771728505,-0.9394200896827949,-0.33303306358234896,-0.2764131672518263,-0.9349516715581649,-0.08907350001231155,-0.18720548366952477,-1.092889833271074,-0.1839303114128467,-0.11886140713281183,-0.8395986879149318,-0.22681957038197312,-0.09306278941531558,-0.6225018778700575,-0.23473629231568366,-0.12267315045029277,-0.9907610110704923,-0.05782661239581382,-0.038986168503127284,-1.1559419008915586,-0.1883564993479056,-0.010494619769611111,-0.7934553283205892,-0.23845579747405324,-0.019467393446127915,-0.5346737756894779,-0.23538695280132893,0.014462883947954796,-0.9932308924346945,-0.04504831855392758,0.09556266813615374,-1.1583384223835917,-0.17112429878828928,0.09288547830727942,-0.8286879661983212,-0.18771452621554352,0.06539631649105311,-0.573567576094449,-0.15400923827759067,0.12588821367389658,-0.9455517275812985,-0.042290455140932104,0.21042224969161338,-1.2067966274989288,-0.10118716956191305,0.27286219303460624,-1.3381033735932806,-0.10935942590864975,0.32102606765067404,-1.4681420631118194,-0.09510119595630831,Y
0.0,0.0,0.0,-0.2181720636978279,-0.17739203983880608,-0.09901902312278892,-0.3796988053758882,-0.652010410258272,-0.12610781407746446,-0.4559651617804224,-1.0666349576794965,-0.15983324399449883,-0.5486566730886794,-1.3162998803662804,-0.1771769367970808,-0.29020170603427653,-0.9384626170047208,0.04603630541937033,-0.2541782632189618,-1.180480689040214,-0.07262184418816876,-0.19417159946973453,-0.9158401487966941,-0.15124350387730084,-0.1616100231201676,-0.6745184123432261,-0.16874466785380132,-0.1598530415067227,-0.9851196691506029,0.06313669751940272,-0.11635518098192517,-1.217420594597309,-0.0784150865748473,-0.07224023065261431,-0.8440621851795654,-0.14253123777279547,-0.06207916095832109,-0.5672188958350242,-0.13634208751733248,-0.03832854105654972,-1.0059928601957762,0.05361074627330589,0.013903231410129106,-1.2146469923843952,-0.08110319460909984,0.027716577563358234,-0.8499770019621836,-0.09900951867406824,0.012152853611476848,-0.5669132859615643,-0.051392270710838954,0.07918377502848784,-0.9947304209455086,0.03596295697148731,0.09362925300881356,-1.3262474267156112,-0.00309426768283105,0.1086254157671265,-1.4875764208284916,0.005634023922534818,0.11345023623035766,-1.6485231274405974,0.035620358282966974,Y
0.0,0.0,0.0,-0.21005037751616423,-0.19048781413565052,-0.0974684698280705,-0.3630797063939273,-0.6315384838543403,-0.13048224233935707,-0.44174189545760234,-1.0203748362248692,-0.16993145772531254,-0.5436632181571803,-1.259551191458653,-0.19308058584726012,-0.28464465935787464,-0.9518570411067026,0.031602408943225795,-0.23205795507999072,-1.157611319410132,-0.08405197510386894,-0.17443282764393742,-0.8959171045227321,-0.16014771518392823,-0.14426108663119344,-0.667514071159938,-0.1791917827004447,-0.1535091620362689,-0.9871158535701267,0.045135671053425204,-0.09815090503613275,-1.186935040187238,-0.09339280819077539,-0.0588556842451755,-0.8211481788107851,-0.15431107941694067,-0.05268225092432604,-0.5533043297672172,-0.14935879698534846,-0.03018539053366427,-0.9971160525766821,0.03339331522546524,0.029891750840019916,-1.1881522974631558,-0.09746732143087768,0.04136574811825162,-0.8405910463924592,-0.11311615811539909,0.023157987186006437,-0.5711372538557281,-0.06769406877548194,0.08800756105377211,-0.9724345688633409,0.013337913088237084,0.1124538530220251,-1.287931345353679,-0.026526383627363252,0.1314287870275342,-1.4489592934907365,-0.018998809553770656,0.13950090370716864,-1.6115401371232647,0.008731819775406815,Y
0.0,0.0,0.0,-0.21333491000605898,-0.19725860324162373,-0.10128583739484052,-0.3772982487805941,-0.6513753796082052,-0.13990381308133937,-0.47494399380792734,-1.0380739829049757,-0.18287027913830495,-0.5953006333183225,-1.2589195601546936,-0.2106533554406859,-0.2746671940751006,-0.9527216346671599,0.004150862307205306,-0.2120289222072416,-1.15568182568126,-0.11007522543434349,-0.15321245004301437,-0.8783694229676234,-0.1831746906994583,-0.12139640943901507,-0.6346892111889351,-0.20233051156713158,-0.13736488559201573,-0.9903439117681754,0.01870359938623922,-0.06889280087405236,-1.1715346932770834,-0.11662550419847659,-0.03572056936689565,-0.8076710780522717,-0.1760181851443389,-0.03318389842577094,-0.5381864706428082,-0.17417503296765793,-0.008191944582132498,-1.0018340588882524,0.010032947930743805,0.06709750957941385,-1.1999998534378797,-0.11615884955034407,0.07123184128471174,-0.8554379176598561,-0.13356074365301113,0.04622539217855259,-0.5839688734570083,-0.09383457642143599,0.10622835461154838,-0.9776888405016166,-0.006838613736103281,0.1384806672631223,-1.2939280939431328,-0.04731876525031426,0.16009098242357497,-1.4651655797021474,-0.044995717135766715,0.17027125277196328,-1.635630927574693,-0.023584954895778297,Y
0.0,0.0,0.0,-0.20218277271372978,-0.1903144595070216,-0.10466952155709379,-0.3627310269700887,-0.6443766649575485,-0.1459502581928161,-0.46453998161116833,-1.0266792761247516,-0.1885793740896587,-0.5913606249794123,-1.226137674914313,-0.21549909693704838,-0.26335948808603815,-0.950296543755897,-0.011193099838626671,-0.19482039419657612,-1.1583263484246447,-0.12279962715098544,-0.13824918454049243,-0.8852732060129922,-0.19086153424195143,-0.1158519267288818,-0.6464033502295633,-0.2061913667729638,-0.12897836134549476,-0.9916178283585348,0.007659294101575677,-0.05446085706304749,-1.1875099940227407,-0.1246510583405766,-0.02201487741057885,-0.8239177468185018,-0.17778588992442443,-0.025800996553163952,-0.5547274762158261,-0.1704038154457235,-0.001358383902037884,-1.0044918780811576,0.004403629920358133,0.07831399540697717,-1.202742632439612,-0.12036123902064907,0.08229372487919863,-0.8570845792161343,-0.13493397089043,0.05275397456766418,-0.5887818045352025,-0.09262072506039815,0.11178749273744444,-0.9827687990959592,-0.006621679183119982,0.1476264934167901,-1.294533289720205,-0.04646562689104964,0.17244076875427167,-1.461415713350256,-0.04320303353712854,0.1823543090971157,-1.6320448425915017,-0.02070395878661155,Y
0.0,0.0,0.0,-0.20205115931444478,-0.18934420660498255,-0.11827524375412742,-0.3663022408966131,-0.632840382387954,-0.1687173720142538,-0.474391621289507,-1.0162200779958748,-0.21800799376949137,-0.6019969458901459,-1.2235779014692567,-0.24978844324290686,-0.2614747677960476,-0.9529785195984357,-0.02774466864754608,-0.18889392726767879,-1.1855457029933314,-0.14452612552553867,-0.1352681015710493,-0.9084828928365772,-0.21343085194773612,-0.11403236953780395,-0.6651292504638824,-0.22835514678724764,-0.12291334409518356,-0.9924111217187508,-0.0035320436392711936,-0.041620471024361526,-1.1975622273855946,-0.1401145878922269,-0.016910956072630094,-0.8310505542390727,-0.19466214455497813,-0.027809461304130454,-0.56077614140936,-0.18790025349706563,0.006792236918289899,-1.0046716346821576,-0.0019442119365616919,0.09338025537430428,-1.2121659381717302,-0.12930368424400865,0.08973159652714438,-0.867768216293071,-0.14299311417999583,0.053905417750257666,-0.5991430824313896,-0.09996452760495891,0.11894983876566088,-0.9864070481676174,-0.009114758524290603,0.15874022097956997,-1.2954473704554357,-0.04929632159422795,0.18552625668914643,-1.468387796086317,-0.045160582781997125,0.1968300133242202,-1.643077679111436,-0.021902744198129136,Y
0.0,0.0,0.0,-0.20784566779521224,-0.19639239882936504,-0.10919611180689243,-0.3718129335388342,-0.6351833911427878,-0.15339764578010084,-0.47772743569296483,-1.0099025184778319,-0.19782110078311757,-0.6030235349526805,-1.2060540417028809,-0.2251882165549718,-0.2555969033691595,-0.9564894861378969,-0.010245548922075255,-0.18730291781267203,-1.1736777111997778,-0.12622530460146147,-0.12961477923347636,-0.8952052943978879,-0.19688245718138653,-0.1065384780321701,-0.6460858881045554,-0.2120265086068499,-0.1175985376178896,-0.9929906806437048,0.011836051068065774,-0.04388851115799427,-1.1990003255620265,-0.12402399221482403,-0.013737229833397441,-0.8324232119607081,-0.17948074163714367,-0.022280819104274874,-0.5642526717642383,-0.17245160108254706,0.009475718599300716,-1.0035306441344327,0.010931912417341906,0.08308047091664414,-1.1986667250506946,-0.11640854527566313,0.08387560442379953,-0.858675864112124,-0.1339392717543268,0.05375290746903468,-0.5972341542920769,-0.09249714255923139,0.1208634303965031,-0.9829931230000325,0.0023033943635161294,0.16347087376019837,-1.2947290315394449,-0.037667509047193695,0.1930825379567476,-1.468912072189115,-0.035168925750363865,0.20657680064657322,-1.6447293021774718,-0.01274728586793952,Y
0.0,0.0,0.0,-0.21353139817984368,-0.19451002880638862,-0.11367562078799345,-0.3818251734964024,-0.6246668616767498,-0.1622612830365088,-0.49826513875378303,-0.9896250794809073,-0.2103101038685453,-0.6351509321404604,-1.1722735095647956,-0.24134395013622778,-0.2612688296774618,-0.9576319856705154,-0.020347421822419543,-0.17926673326034956,-1.165168097259347,-0.1285836397142442,-0.12119378826810603,-0.8921936536769243,-0.19324818825621828,-0.10093703264491773,-0.6648498336669119,-0.20968884453234693,-0.1185883016080373,-0.9929433019631096,-0.0006432793468856698,-0.03684989381105124,-1.172856595668455,-0.13297319217399903,-0.0048831350997245275,-0.8188686347722867,-0.18980983298637363,-0.01252774167705722,-0.5646910369623154,-0.18851854795665363,0.010986463122798598,-0.9980313781542767,-0.003019725210425766,0.10163457514066764,-1.194838300280407,-0.1258555619019169,0.10500884411575212,-0.8722954605563916,-0.14212265552595385,0.07354717909931499,-0.6207155839285595,-0.10573423790196561,0.12148178621044614,-0.9726487318386996,-0.014261579313338114,0.16904837719361632,-1.2693993806937283,-0.05641617818984717,0.20275797925589223,-1.4398897733758964,-0.056146881755156454,0.2219559288448735,-1.610524333843972,-0.037877494992595996,Y
0.0,0.0,0.0,-0.2284706128520965,-0.19691613557506166,-0.13248849170996502,-0.42573807831731136,-0.550961406307845,-0.210335056566888,-0.5900822797905991,-0.8426348665417975,-0.2856397505221237,-0.7543298570083831,-0.9692273226756881,-0.3467395692757983,-0.24695554992973925,-0.97817274845024,-0.08271050486283522,-0.146591969880843,-1.141896232974744,-0.19537470686939068,-0.08098512467919235,-0.8953387886348187,-0.26180768091988676,-0.05277050064363334,-0.6683356353239063,-0.2834741124492321,-0.0833983410675333,-0.9943977705201821,-0.06494452010504771,0.00456524000120357,-1.1517249341874167,-0.2112670495790625,0.04193663403094989,-0.8095374740328848,-0.2771621457620172,0.045399401519709635,-0.5312794210330427,-0.28448363106216745,0.062452046188030054,-0.973645065580151,-0.06672263687053032,0.15161267545392643,-1.1615048111296404,-0.19790716714902026,0.1607503254540918,-0.8545329656788808,-0.2267476722388913,0.14456012908754687,-0.5889371287200705,-0.20165910320808286,0.18067711493806785,-0.9203019894012534,-0.07899139928457928,0.2811458549540848,-1.2009934030688523,-0.13248431988091225,0.35115781020700526,-1.3720876452888153,-0.14556595945152134,0.40635655009142535,-1.5292164390180722,-0.1385046533110949,Y
0.0,0.0,0.0,-0.21269140038518186,-0.20469938666482146,-0.13262219142741663,-0.4041537198924504,-0.5391888292305174,-0.21489633226575652,-0.5707767606901604,-0.8224321113769439,-0.2923522259811551,-0.7392828744389337,-0.9319775085948192,-0.35513474644298076,-0.2435122622731443,-0.9785322312271051,-0.10150724153101895,-0.1336582178324412,-1.1301660633170405,-0.2034361187419899,-0.07187938971121803,-0.8850225192482977,-0.2567062130192145,-0.051160064088690976,-0.6674990029208856,-0.2721678753410375,-0.08620354487675196,-0.9929415080477768,-0.08146232531967451,0.013266957204395155,-1.1429560793392133,-0.21556225895474596,0.04589356779180729,-0.8024707583553194,-0.2704771180378295,0.04407644787888499,-0.5359542063352815,-0.27448918673703976,0.05589146356873522,-0.9703449575268295,-0.07847219874340337,0.15884805480876957,-1.1570833500657642,-0.1980241318298719,0.1655356278979154,-0.851690893425584,-0.2182026750288232,0.14531696055999646,-0.5880710768147388,-0.1924819648292309,0.17215919729980114,-0.9098322328028274,-0.08609705425589785,0.27040648170310944,-1.1765944030338737,-0.13515547442599127,0.33955742996452926,-1.3353843022080263,-0.14492805773025488,0.39533713074941945,-1.482072631112819,-0.1378422281949694,Y
0.0,0.0,0.0,-0.22705093906857224,-0.2036715161534746,-0.13205921059318704,-0.4205657634050307,-0.5528456445655974,-0.21136677508154356,-0.5816484467841531,-0.8388610274010555,-0.28670859743007654,-0.7460131064485092,-0.9574829762286372,-0.34689560980367107,-0.2486915533799967,-0.9819058173950014,-0.0932318178498898,-0.13922180666899298,-1.1473701254395985,-0.20260859977110784,-0.07749676301984991,-0.8934974148501877,-0.261056699565199,-0.05577895705208172,-0.6650413880025663,-0.2776832666215138,-0.08565046444380969,-0.9934925511903159,-0.07507695165573357,0.0092803003393898,-1.1487332901639096,-0.2179290224483958,0.04338337447844172,-0.801590100848002,-0.27606315682560195,0.044619439147910854,-0.5257500422983326,-0.27904231390294865,0.059848155142958576,-0.9709895197528445,-0.07588701695127252,0.15751157110525632,-1.1628410635286903,-0.20341746934459945,0.16495856960648328,-0.8560065586210861,-0.22598230401554426,0.1474034567961117,-0.5904163542322959,-0.19868417762620752,0.17909662073301963,-0.9148791709347356,-0.08738734683168715,0.2776151339229178,-1.1892845293889134,-0.14041819149871926,0.34850835037615835,-1.3532256331113492,-0.152754622222556,0.406620358696697,-1.5057453661988276,-0.14613784993034462,Y
0.0,0.0,0.0,-0.22386408768513688,-0.19914498430389413,-0.13649746109417685,-0.4174490019915721,-0.550020295602979,-0.2156601921567986,-0.5811952031713247,-0.8382722323711818,-0.29079452658993377,-0.7449917708821376,-0.9591476274071169,-0.3518590693292327,-0.24406567534257093,-0.9806995648057929,-0.08703727041076077,-0.1418374185544782,-1.1344883357141933,-0.1971388467892272,-0.07752429628546946,-0.8874339170023549,-0.2615753547145961,-0.04975357366938692,-0.661155198563437,-0.282245877819714,-0.08364267763376852,-0.9943051120523871,-0.06603973519589001,0.011602078566633625,-1.1398202749533195,-0.20799608501376488,0.0451995175210834,-0.7998764760524358,-0.27090324449681913,0.045196554783962194,-0.5255816646692103,-0.2773068510167241,0.05829613236885755,-0.972164577545632,-0.0646515642635852,0.15691906727345883,-1.1514253162570744,-0.1922757812740948,0.1610958682283291,-0.8490737135290634,-0.21917786640045442,0.14261530164530092,-0.5842790833214841,-0.19377007066047522,0.17297776085640973,-0.9154640437130495,-0.07427268272255402,0.2736686862716112,-1.1846514254923333,-0.12525076696014426,0.3444853457146755,-1.3463194311780682,-0.13678553584280553,0.4034457895847096,-1.4912232826529923,-0.12917699030807606,Y
0.0,0.0,0.0,-0.21793613557281355,-0.20495298566214273,-0.13778827834184182,-0.4095151763230072,-0.5409703739358501,-0.21609002419747478,-0.5711935708716098,-0.8388607846589832,-0.2876827067347257,-0.7351211290725445,-0.9521800682874642,-0.3439952121737574,-0.24830934113344616,-0.9728632317323819,-0.09641462806956891,-0.13873737596450397,-1.1095761350749427,-0.19620191048821975,-0.0737633612585705,-0.8564665179455647,-0.24680185571910995,-0.053194474770369225,-0.6337088605200777,-0.25922193006857946,-0.0899060275922611,-0.9934588364949704,-0.07040203400924759,0.007476288224618908,-1.1239750316212163,-0.2027698779795855,0.039277150976906414,-0.7779292770585293,-0.2567256424973481,0.03376771403549188,-0.516760076364898,-0.25948321789197326,0.052027240277259724,-0.9728094732766871,-0.061973434458794455,0.14756792660294296,-1.1389668807147342,-0.1825492947791792,0.15023750069322347,-0.8237794454416141,-0.20278462534037306,0.12535377384494506,-0.5621772799401415,-0.1752127342771652,0.16480539837266928,-0.9155808609807667,-0.06429890514063116,0.26589060949408283,-1.1725279305073755,-0.11389963620143621,0.33541574423961423,-1.3276394238812859,-0.12306084560459969,0.3890734430683355,-1.4753238807893876,-0.11411315102593506,Y
0.0,0.0,0.0,-0.22184946669968494,-0.19920389149797077,-0.13532014672870754,-0.411877176266054,-0.5517340430974635,-0.2121535722229247,-0.563440059474643,-0.8443244603404111,-0.2847512481570312,-0.7208139891238584,-0.9658338807009567,-0.34311422065992614,-0.2425700467135757,-0.9781391632912393,-0.08847710828121283,-0.1338015899045896,-1.1242591488323501,-0.20049207873555203,-0.06881464405081542,-0.8763763514352141,-0.2639076103998452,-0.04117430953682646,-0.6528215330722019,-0.2832615446369243,-0.08241582343562563,-0.9942790284278384,-0.06794737431293024,0.017910126378807303,-1.1332438802888685,-0.2113810908646639,0.05096811594626522,-0.7918099884164614,-0.27203626482833193,0.04987416006381176,-0.5173283602028356,-0.27625692414070085,0.05907132286939518,-0.972863129137147,-0.06723181177099878,0.16122064176330253,-1.1465782091827237,-0.1991537079646923,0.16619114194003595,-0.8394132966979073,-0.2252224643761223,0.1470188848607654,-0.5719832090990773,-0.1977950529504323,0.1745398906539833,-0.9160626580501178,-0.07708927279981521,0.27534479448228033,-1.1859124305061215,-0.1331216113474339,0.3459421571692306,-1.3456250719519876,-0.14610989924453374,0.4033435336001427,-1.4920977984369161,-0.13821155293517948,Y
0.0,0.0,0.0,-0.22122310084043564,-0.19217402170270254,-0.136784346183399,-0.41016883020068534,-0.5458883957381457,-0.21426876125990774,-0.5603792970559983,-0.838646339916823,-0.2864604894246847,-0.7190029190993666,-0.9565056270906963,-0.3440400511931662,-0.24371533371014398,-0.9753159411067058,-0.09502086544792604,-0.13565490171512293,-1.1108219200794758,-0.20834012157650406,-0.06834802728587404,-0.8583227572502008,-0.2710893599898876,-0.03760103293434101,-0.6326434046128235,-0.2894268810397348,-0.0842912519266288,-0.9937052871075993,-0.0737888014745148,0.016207105289485355,-1.1170698169741107,-0.21774329866318093,0.05093321080950042,-0.7706503712192306,-0.2757199060983632,0.05086201528793696,-0.4958999952216869,-0.2775193484120073,0.05715824675684415,-0.9731888932537573,-0.0722321699767074,0.16052108066852266,-1.130402974604154,-0.2053969787283865,0.16403905387164877,-0.8169219082911315,-0.22868822211747594,0.14342795037902978,-0.5503253790223707,-0.19854559364838908,0.17311811579579522,-0.9171207870977334,-0.08131679915386603,0.27226277834731993,-1.1831885753141493,-0.13793033281260153,0.3422822674651286,-1.3372965070976193,-0.14876018609693842,0.4001204641113998,-1.4785046594946913,-0.13852188023531664,Y
0.0,0.0,0.0,-0.21891601433790525,-0.19329553505437355,-0.13965727126300242,-0.4069131289621618,-0.5417369968773099,-0.22046005321375756,-0.5596008503015419,-0.8388262987167484,-0.2946878572241697,-0.7178267292423525,-0.9744302118618859,-0.35365408448641306,-0.24416429593937067,-0.9794074564363008,-0.1026932458727409,-0.12721213096020292,-1.1117593822767067,-0.21003528836888136,-0.06377989945902783,-0.8600595550589475,-0.26634431281426,-0.03988565863414784,-0.6368560719915112,-0.2814430121936511,-0.08468674693769247,-0.9932448373966335,-0.07932747240424481,0.020113392666105154,-1.1114071354370008,-0.21868254763149964,0.05118143310297191,-0.7719615411406303,-0.2750550222968439,0.04667875692634102,-0.5038405353453825,-0.2774288250332953,0.057633404697102625,-0.9741800086749083,-0.07457460837171381,0.16370254870021222,-1.132709402069987,-0.20142192100855139,0.16485937049412108,-0.8260934094720025,-0.22330960995132984,0.1398465742451053,-0.5666245280013421,-0.19523147715741032,0.17505326975127453,-0.9199271270374161,-0.08069570975871883,0.2710796175983859,-1.185659918883237,-0.13353387532471162,0.3397723302228944,-1.3457755677774559,-0.14360238680826037,0.39532561430669183,-1.4972181603157584,-0.13458754962830272,Y
0.0,0.0,0.0,-0.22479486346264388,-0.19183551852566258,-0.1459083427282438,-0.4134647675209434,-0.5508227934746618,-0.22751521984061335,-0.5639050698658248,-0.8475349201677493,-0.3015758100572869,-0.7195966947147796,-0.9860972311343689,-0.35905542536766394,-0.24249285842182228,-0.9793128854748103,-0.10759336336104938,-0.12542943436483053,-1.1199360940522851,-0.2207077572299906,-0.06301358487808102,-0.8550113461274841,-0.27927664409064806,-0.04109390008782717,-0.6269033114542321,-0.2934888558303889,-0.08352821607778826,-0.9932191291667491,-0.08086283804138085,0.01832478466499843,-1.1100742762277445,-0.22371728637022073,0.051048430556353656,-0.762741045918365,-0.27978007537975624,0.046378847247994265,-0.4963688055166859,-0.2806471548761181,0.05825585926734069,-0.9720966425335852,-0.07398784047222083,0.15718971753645922,-1.1247545399157768,-0.20365958731445358,0.15936715885824032,-0.8100682390493839,-0.22547197109354508,0.13501833750496198,-0.552110650448339,-0.19575059076379786,0.1736409885964049,-0.9181209081792688,-0.07848282244895408,0.2706693408692361,-1.1842881361146693,-0.1317073630110633,0.3394490645878898,-1.339014439526067,-0.1414259393925795,0.39281498479091875,-1.487479048485728,-0.13124306527194737,Y
0.0,0.0,0.0,-0.22559404152119475,-0.1932083889535244,-0.1420551620196215,-0.415577651629387,-0.5543921136282999,-0.2204730134856138,-0.5655450591252907,-0.8549502573646008,-0.2927047845316093,-0.7206983788277393,-0.9921505331336702,-0.34900861542461054,-0.24391036719664774,-0.9766715293376327,-0.09605884821919156,-0.1301799867803808,-1.1254265820270297,-0.20697276401208664,-0.0659111342703183,-0.869035918867523,-0.2665683048177828,-0.03999921461715545,-0.6430175041602187,-0.2825662796141737,-0.08479100401508526,-0.9938013088914924,-0.07189884619150846,0.019000745863982114,-1.1194389671270957,-0.21327098153457155,0.051553664845269125,-0.774460156348077,-0.2704178212677817,0.049060676559509804,-0.5068446754044783,-0.2722580580915157,0.056243984963031735,-0.9775023076380764,-0.068012045992576,0.16063129474839438,-1.1386664373876598,-0.19720617776213487,0.16225626182130315,-0.8251840229695446,-0.21945201864351324,0.137690640782426,-0.5646162731606186,-0.19002991365947935,0.17101651354226188,-0.9274680882805634,-0.07552437939678425,0.26598038641205285,-1.1984997897069538,-0.12914718511198528,0.33363213679906956,-1.3578246422911822,-0.13926180066126517,0.3879499444677969,-1.5084336732955685,-0.1293477332949129,Y
0.0,0.0,0.0,-0.22283476356653983,-0.19495824719323487,-0.13919211968414805,-0.40815842548101783,-0.5559080802965225,-0.21653972700023266,-0.5560004929376037,-0.852648637611949,-0.286872839938548,-0.712807235088828,-0.9837306187800959,-0.3408127609862608,-0.24426574141559176,-0.9764757400729002,-0.10078591243312249,-0.12925318363938215,-1.1174763537955483,-0.20746563654919128,-0.06518495872475012,-0.8550461782019644,-0.26210679930889785,-0.04136649218699334,-0.6279763216348576,-0.2754853530391072,-0.0860672973151726,-0.9933188356108718,-0.07687724730714375,0.019502958326705195,-1.103671850747303,-0.21192562057565248,0.051065279932185605,-0.7639415813106638,-0.264825980474922,0.045860664837468576,-0.5033213964627474,-0.26601942083032354,0.055118790199399956,-0.9752704846802727,-0.07200829681203812,0.16105804789584058,-1.133976387669436,-0.19413849748354836,0.16380189269874978,-0.828955981968015,-0.21233462757615704,0.1394581332537946,-0.5735890504469636,-0.1833612177382644,0.16975261827461713,-0.9223848378462279,-0.07844099180311453,0.2622472958407075,-1.1869495833213473,-0.12955536595087452,0.3283301163309097,-1.3457303891880183,-0.13847348980416133,0.38263891783760495,-1.4975260964084747,-0.12897398708223046,Y
0.0,0.0,0.0,-0.21742758222713765,-0.19412577081233,-0.14853467732675799,-0.405815513707066,-0.5521389604121569,-0.2320535561256491,-0.5583936147386498,-0.8456947131288536,-0.3062749436589987,-0.7157117120541562,-0.9826358559393431,-0.36382130991621675,-0.2406668470986804,-0.9761568078287658,-0.12066421773713001,-0.11938103958642989,-1.1015042717948904,-0.22824361726793016,-0.056564965856710586,-0.8341377884387782,-0.2807934537224415,-0.03376868526581741,-0.6114820889663618,-0.29340875297387226,-0.0812714952560816,-0.9924121385755411,-0.09226641461963002,0.026414307954393302,-1.0952425245614295,-0.23045628183714253,0.0565375614434244,-0.7487578880238049,-0.2808900744295792,0.0513484551864707,-0.48484919681468436,-0.28021530120331867,0.05994667045622518,-0.9736020717007695,-0.08268475873109955,0.16890081439455693,-1.1228287741898846,-0.20877707364282727,0.16890694008693855,-0.8085494817413166,-0.22519936980760943,0.14241783420451706,-0.5493553168320054,-0.19412999910017684,0.1738065267776453,-0.9202969414056655,-0.08486063388299044,0.26883407028880263,-1.1856048697166923,-0.13873318666039744,0.3352111057214144,-1.3457578729854385,-0.1480312320592958,0.38871451500676535,-1.501482323067138,-0.13862969469963435,Y
